  0
SECTION
  2
HEADER
  9
$ANGBASE
  50
0.0
  9
$ANGDIR
  70
1
  9
$MEASUREMENT
  70
1
  0
ENDSEC
  0
SECTION
  2
TABLES
  0
TABLE
  2
LTYPE
  70
4
  0
LTYPE
  5
40F
  2
CONTINUOUS
  70
0
  3
Solid line
  72
65
  73
0
  40
0.0
  0
LTYPE
  5
410
  2
DASHDOT
 70
0
  3
Dash Dot ____ _ ____ _
 72
65
 73
4
 40
2.0
 49
1.25
 49
-0.25
 49
0.25
 49
-0.25
  0
LTYPE
  5
411
  2
DASHED
 70
0
  3
Dashed __ __ __ __ __
 72
65
 73
2
 40
0.75
 49
0.5
 49
-0.25
  0
LTYPE
  5
43B
  2
DOTTED
 70
0
  3
Dotted .  .  .  .
 72
65
 73
2
 40
0.2
 49
0.0
 49
-0.2
  0
ENDTAB
  0
TABLE
  2
STYLE
  70
4
  0
STYLE
  2
KICAD
  70
0
  40
0
  41
1
  42
1
  50
0
  71
0
  3
isocp.shx
  0
STYLE
  2
KICADB
  70
0
  40
0
  41
1
  42
1
  50
0
  71
0
  3
isocp.shx
  0
STYLE
  2
KICADI
  70
0
  40
0
  41
1
  42
1
  50
15
  71
0
  3
isocp.shx
  0
STYLE
  2
KICADBI
  70
0
  40
0
  41
1
  42
1
  50
15
  71
0
  3
isocp.shx
  0
ENDTAB
  0
TABLE
  2
LAYER
  70
1
  0
LAYER
  2
BLACK
  70
0
  62
7
  6
CONTINUOUS
  0
ENDTAB
  0
ENDSEC
  0
SECTION
  2
ENTITIES
0
ARC
8
BLACK
10
112.
20
-81.
40
2.
50
90.00000000
51
180.00000000
0
ARC
8
BLACK
10
187.
20
-124.
40
2.
50
-90.00000000
51
-0.00000000
0
LINE
8
BLACK
6
CONTINUOUS
10
112.
20
-126.
11
187.
21
-126.
0
ARC
8
BLACK
10
187.
20
-81.
40
2.
50
0.00000000
51
90.00000000
0
LINE
8
BLACK
6
CONTINUOUS
10
110.
20
-124.
11
110.
21
-81.
0
ARC
8
BLACK
10
112.
20
-124.
40
2.
50
-180.00000000
51
-90.00000000
0
LINE
8
BLACK
6
CONTINUOUS
10
112.
20
-79.
11
187.
21
-79.
0
LINE
8
BLACK
6
CONTINUOUS
10
189.
20
-81.
11
189.
21
-124.
0
LINE
8
BLACK
6
CONTINUOUS
10
111.5499999999999972
20
-83.7285689999999931
11
111.8499999999999943
21
-84.0285689999999903
0
LINE
8
BLACK
6
CONTINUOUS
10
111.8499999999999943
20
-83.7285689999999931
11
111.5499999999999972
21
-84.0285689999999903
0
LINE
8
BLACK
6
CONTINUOUS
10
111.5499999999999972
20
-91.7285689999999931
11
111.8499999999999943
21
-92.0285689999999903
0
LINE
8
BLACK
6
CONTINUOUS
10
111.8499999999999943
20
-91.7285689999999931
11
111.5499999999999972
21
-92.0285689999999903
0
LINE
8
BLACK
6
CONTINUOUS
10
111.5499999999999972
20
-96.1999999999999886
11
111.8499999999999943
21
-96.5
0
LINE
8
BLACK
6
CONTINUOUS
10
111.8499999999999943
20
-96.1999999999999886
11
111.5499999999999972
21
-96.5
0
LINE
8
BLACK
6
CONTINUOUS
10
111.5999999999999943
20
-103.3499999999999943
11
111.8999999999999915
21
-103.6499999999999915
0
LINE
8
BLACK
6
CONTINUOUS
10
111.8999999999999915
20
-103.3499999999999943
11
111.5999999999999943
21
-103.6499999999999915
0
LINE
8
BLACK
6
CONTINUOUS
10
111.5999999999999943
20
-115.3499999999999943
11
111.8999999999999915
21
-115.6499999999999915
0
LINE
8
BLACK
6
CONTINUOUS
10
111.8999999999999915
20
-115.3499999999999943
11
111.5999999999999943
21
-115.6499999999999915
0
LINE
8
BLACK
6
CONTINUOUS
10
112.1499999999999915
20
-122.8999999999999915
11
112.4499999999999886
21
-123.1999999999999886
0
LINE
8
BLACK
6
CONTINUOUS
10
112.4499999999999886
20
-122.8999999999999915
11
112.1499999999999915
21
-123.1999999999999886
0
LINE
8
BLACK
6
CONTINUOUS
10
112.5999999999999943
20
-103.3499999999999943
11
112.8999999999999915
21
-103.6499999999999915
0
LINE
8
BLACK
6
CONTINUOUS
10
112.8999999999999915
20
-103.3499999999999943
11
112.5999999999999943
21
-103.6499999999999915
0
LINE
8
BLACK
6
CONTINUOUS
10
112.5999999999999943
20
-115.3499999999999943
11
112.8999999999999915
21
-115.6499999999999915
0
LINE
8
BLACK
6
CONTINUOUS
10
112.8999999999999915
20
-115.3499999999999943
11
112.5999999999999943
21
-115.6499999999999915
0
LINE
8
BLACK
6
CONTINUOUS
10
113.5999999999999943
20
-93.8499999999999943
11
113.8999999999999915
21
-94.1499999999999915
0
LINE
8
BLACK
6
CONTINUOUS
10
113.8999999999999915
20
-93.8499999999999943
11
113.5999999999999943
21
-94.1499999999999915
0
LINE
8
BLACK
6
CONTINUOUS
10
113.5999999999999943
20
-104.5999999999999943
11
113.8999999999999915
21
-104.8999999999999915
0
LINE
8
BLACK
6
CONTINUOUS
10
113.8999999999999915
20
-104.5999999999999943
11
113.5999999999999943
21
-104.8999999999999915
0
LINE
8
BLACK
6
CONTINUOUS
10
113.5999999999999943
20
-106.3499999999999943
11
113.8999999999999915
21
-106.6499999999999915
0
LINE
8
BLACK
6
CONTINUOUS
10
113.8999999999999915
20
-106.3499999999999943
11
113.5999999999999943
21
-106.6499999999999915
0
LINE
8
BLACK
6
CONTINUOUS
10
114.0999999999999943
20
-95.3499999999999943
11
114.3999999999999915
21
-95.6499999999999915
0
LINE
8
BLACK
6
CONTINUOUS
10
114.3999999999999915
20
-95.3499999999999943
11
114.0999999999999943
21
-95.6499999999999915
0
LINE
8
BLACK
6
CONTINUOUS
10
114.1499999999999915
20
-116.4499999999999886
11
114.4499999999999886
21
-116.75
0
LINE
8
BLACK
6
CONTINUOUS
10
114.4499999999999886
20
-116.4499999999999886
11
114.1499999999999915
21
-116.75
0
LINE
8
BLACK
6
CONTINUOUS
10
114.1499999999999915
20
-118.0999999999999943
11
114.4499999999999886
21
-118.3999999999999915
0
LINE
8
BLACK
6
CONTINUOUS
10
114.4499999999999886
20
-118.0999999999999943
11
114.1499999999999915
21
-118.3999999999999915
0
LINE
8
BLACK
6
CONTINUOUS
10
114.9499999999999886
20
-119.9499999999999886
11
115.25
21
-120.25
0
LINE
8
BLACK
6
CONTINUOUS
10
115.25
20
-119.9499999999999886
11
114.9499999999999886
21
-120.25
0
LINE
8
BLACK
6
CONTINUOUS
10
115.5499999999999972
20
-103.7285689999999931
11
115.8499999999999943
21
-104.0285689999999903
0
LINE
8
BLACK
6
CONTINUOUS
10
115.8499999999999943
20
-103.7285689999999931
11
115.5499999999999972
21
-104.0285689999999903
0
LINE
8
BLACK
6
CONTINUOUS
10
115.6499999999999915
20
-81.25
11
115.9499999999999886
21
-81.5499999999999972
0
LINE
8
BLACK
6
CONTINUOUS
10
115.9499999999999886
20
-81.25
11
115.6499999999999915
21
-81.5499999999999972
0
LINE
8
BLACK
6
CONTINUOUS
10
116.5499999999999972
20
-121.6499999999999915
11
116.8499999999999943
21
-121.9499999999999886
0
LINE
8
BLACK
6
CONTINUOUS
10
116.8499999999999943
20
-121.6499999999999915
11
116.5499999999999972
21
-121.9499999999999886
0
LINE
8
BLACK
6
CONTINUOUS
10
118.0999999999999943
20
-93.8499999999999943
11
118.3999999999999915
21
-94.1499999999999915
0
LINE
8
BLACK
6
CONTINUOUS
10
118.3999999999999915
20
-93.8499999999999943
11
118.0999999999999943
21
-94.1499999999999915
0
LINE
8
BLACK
6
CONTINUOUS
10
118.5999999999999943
20
-95.3499999999999943
11
118.8999999999999915
21
-95.6499999999999915
0
LINE
8
BLACK
6
CONTINUOUS
10
118.8999999999999915
20
-95.3499999999999943
11
118.5999999999999943
21
-95.6499999999999915
0
LINE
8
BLACK
6
CONTINUOUS
10
119.5499999999999972
20
-83.7285689999999931
11
119.8499999999999943
21
-84.0285689999999903
0
LINE
8
BLACK
6
CONTINUOUS
10
119.8499999999999943
20
-83.7285689999999931
11
119.5499999999999972
21
-84.0285689999999903
0
LINE
8
BLACK
6
CONTINUOUS
10
119.5499999999999972
20
-103.7285689999999931
11
119.8499999999999943
21
-104.0285689999999903
0
LINE
8
BLACK
6
CONTINUOUS
10
119.8499999999999943
20
-103.7285689999999931
11
119.5499999999999972
21
-104.0285689999999903
0
LINE
8
BLACK
6
CONTINUOUS
10
119.9499999999999886
20
-121.6499999999999915
11
120.25
21
-121.9499999999999886
0
LINE
8
BLACK
6
CONTINUOUS
10
120.25
20
-121.6499999999999915
11
119.9499999999999886
21
-121.9499999999999886
0
LINE
8
BLACK
6
CONTINUOUS
10
122.7999999999999972
20
-119.6999999999999886
11
123.0999999999999943
21
-120.
0
LINE
8
BLACK
6
CONTINUOUS
10
123.0999999999999943
20
-119.6999999999999886
11
122.7999999999999972
21
-120.
0
LINE
8
BLACK
6
CONTINUOUS
10
123.5499999999999972
20
-107.7285689999999931
11
123.8499999999999943
21
-108.0285689999999903
0
LINE
8
BLACK
6
CONTINUOUS
10
123.8499999999999943
20
-107.7285689999999931
11
123.5499999999999972
21
-108.0285689999999903
0
LINE
8
BLACK
6
CONTINUOUS
10
123.8499999999999943
20
-110.8499999999999943
11
124.1499999999999915
21
-111.1499999999999915
0
LINE
8
BLACK
6
CONTINUOUS
10
124.1499999999999915
20
-110.8499999999999943
11
123.8499999999999943
21
-111.1499999999999915
0
LINE
8
BLACK
6
CONTINUOUS
10
123.8499999999999943
20
-117.3499999999999943
11
124.1499999999999915
21
-117.6499999999999915
0
LINE
8
BLACK
6
CONTINUOUS
10
124.1499999999999915
20
-117.3499999999999943
11
123.8499999999999943
21
-117.6499999999999915
0
LINE
8
BLACK
6
CONTINUOUS
10
124.0499999999999972
20
-81.3499999999999943
11
124.3499999999999943
21
-81.6499999999999915
0
LINE
8
BLACK
6
CONTINUOUS
10
124.3499999999999943
20
-81.3499999999999943
11
124.0499999999999972
21
-81.6499999999999915
0
LINE
8
BLACK
6
CONTINUOUS
10
124.5499999999999972
20
-114.6499999999999915
11
124.8499999999999943
21
-114.9499999999999886
0
LINE
8
BLACK
6
CONTINUOUS
10
124.8499999999999943
20
-114.6499999999999915
11
124.5499999999999972
21
-114.9499999999999886
0
LINE
8
BLACK
6
CONTINUOUS
10
125.
20
-94.25
11
125.2999999999999972
21
-94.5499999999999972
0
LINE
8
BLACK
6
CONTINUOUS
10
125.2999999999999972
20
-94.25
11
125.
21
-94.5499999999999972
0
LINE
8
BLACK
6
CONTINUOUS
10
125.
20
-110.5999999999999943
11
125.2999999999999972
21
-110.8999999999999915
0
LINE
8
BLACK
6
CONTINUOUS
10
125.2999999999999972
20
-110.5999999999999943
11
125.
21
-110.8999999999999915
0
LINE
8
BLACK
6
CONTINUOUS
10
125.
20
-117.0999999999999943
11
125.2999999999999972
21
-117.3999999999999915
0
LINE
8
BLACK
6
CONTINUOUS
10
125.2999999999999972
20
-117.0999999999999943
11
125.
21
-117.3999999999999915
0
LINE
8
BLACK
6
CONTINUOUS
10
125.0934589999999957
20
-96.2064879999999931
11
125.3934589999999929
21
-96.5064879999999903
0
LINE
8
BLACK
6
CONTINUOUS
10
125.3934589999999929
20
-96.2064879999999931
11
125.0934589999999957
21
-96.5064879999999903
0
LINE
8
BLACK
6
CONTINUOUS
10
125.5999999999999943
20
-95.3499999999999943
11
125.8999999999999915
21
-95.6499999999999915
0
LINE
8
BLACK
6
CONTINUOUS
10
125.8999999999999915
20
-95.3499999999999943
11
125.5999999999999943
21
-95.6499999999999915
0
LINE
8
BLACK
6
CONTINUOUS
10
125.75
20
-93.2999999999999972
11
126.0499999999999972
21
-93.5999999999999943
0
LINE
8
BLACK
6
CONTINUOUS
10
126.0499999999999972
20
-93.2999999999999972
11
125.75
21
-93.5999999999999943
0
LINE
8
BLACK
6
CONTINUOUS
10
127.5499999999999972
20
-107.7285689999999931
11
127.8499999999999943
21
-108.0285689999999903
0
LINE
8
BLACK
6
CONTINUOUS
10
127.8499999999999943
20
-107.7285689999999931
11
127.5499999999999972
21
-108.0285689999999903
0
LINE
8
BLACK
6
CONTINUOUS
10
127.5499999999999972
20
-111.7285689999999931
11
127.8499999999999943
21
-112.0285689999999903
0
LINE
8
BLACK
6
CONTINUOUS
10
127.8499999999999943
20
-111.7285689999999931
11
127.5499999999999972
21
-112.0285689999999903
0
LINE
8
BLACK
6
CONTINUOUS
10
127.5499999999999972
20
-119.7285689999999931
11
127.8499999999999943
21
-120.0285689999999903
0
LINE
8
BLACK
6
CONTINUOUS
10
127.8499999999999943
20
-119.7285689999999931
11
127.5499999999999972
21
-120.0285689999999903
0
LINE
8
BLACK
6
CONTINUOUS
10
128.5999999999999943
20
-102.3499999999999943
11
128.9000000000000057
21
-102.6499999999999915
0
LINE
8
BLACK
6
CONTINUOUS
10
128.9000000000000057
20
-102.3499999999999943
11
128.5999999999999943
21
-102.6499999999999915
0
LINE
8
BLACK
6
CONTINUOUS
10
128.8472730000000013
20
-92.3550120000000021
11
129.1472729999999842
21
-92.6550119999999993
0
LINE
8
BLACK
6
CONTINUOUS
10
129.1472729999999842
20
-92.3550120000000021
11
128.8472730000000013
21
-92.6550119999999993
0
LINE
8
BLACK
6
CONTINUOUS
10
128.8499999999999943
20
-105.5999999999999943
11
129.1500000000000057
21
-105.8999999999999915
0
LINE
8
BLACK
6
CONTINUOUS
10
129.1500000000000057
20
-105.5999999999999943
11
128.8499999999999943
21
-105.8999999999999915
0
LINE
8
BLACK
6
CONTINUOUS
10
129.3499999999999943
20
-93.0999999999999943
11
129.6500000000000057
21
-93.3999999999999915
0
LINE
8
BLACK
6
CONTINUOUS
10
129.6500000000000057
20
-93.0999999999999943
11
129.3499999999999943
21
-93.3999999999999915
0
LINE
8
BLACK
6
CONTINUOUS
10
129.8499999999999943
20
-83.7999999999999972
11
130.1500000000000057
21
-84.0999999999999943
0
LINE
8
BLACK
6
CONTINUOUS
10
130.1500000000000057
20
-83.7999999999999972
11
129.8499999999999943
21
-84.0999999999999943
0
LINE
8
BLACK
6
CONTINUOUS
10
129.8499999999999943
20
-86.8499999999999943
11
130.1500000000000057
21
-87.1499999999999915
0
LINE
8
BLACK
6
CONTINUOUS
10
130.1500000000000057
20
-86.8499999999999943
11
129.8499999999999943
21
-87.1499999999999915
0
LINE
8
BLACK
6
CONTINUOUS
10
129.8499999999999943
20
-88.8499999999999943
11
130.1500000000000057
21
-89.1499999999999915
0
LINE
8
BLACK
6
CONTINUOUS
10
130.1500000000000057
20
-88.8499999999999943
11
129.8499999999999943
21
-89.1499999999999915
0
LINE
8
BLACK
6
CONTINUOUS
10
129.8499999999999943
20
-102.5999999999999943
11
130.1500000000000057
21
-102.8999999999999915
0
LINE
8
BLACK
6
CONTINUOUS
10
130.1500000000000057
20
-102.5999999999999943
11
129.8499999999999943
21
-102.8999999999999915
0
LINE
8
BLACK
6
CONTINUOUS
10
129.8499999999999943
20
-104.8499999999999943
11
130.1500000000000057
21
-105.1499999999999915
0
LINE
8
BLACK
6
CONTINUOUS
10
130.1500000000000057
20
-104.8499999999999943
11
129.8499999999999943
21
-105.1499999999999915
0
LINE
8
BLACK
6
CONTINUOUS
10
130.0999999999999943
20
-94.3499999999999943
11
130.4000000000000057
21
-94.6499999999999915
0
LINE
8
BLACK
6
CONTINUOUS
10
130.4000000000000057
20
-94.3499999999999943
11
130.0999999999999943
21
-94.6499999999999915
0
LINE
8
BLACK
6
CONTINUOUS
10
130.5462479999999914
20
-95.2519819999999982
11
130.8462480000000028
21
-95.5519819999999953
0
LINE
8
BLACK
6
CONTINUOUS
10
130.8462480000000028
20
-95.2519819999999982
11
130.5462479999999914
21
-95.5519819999999953
0
LINE
8
BLACK
6
CONTINUOUS
10
130.7628729999999848
20
-106.069429999999997
11
131.0628729999999962
21
-106.3694299999999942
0
LINE
8
BLACK
6
CONTINUOUS
10
131.0628729999999962
20
-106.069429999999997
11
130.7628729999999848
21
-106.3694299999999942
0
LINE
8
BLACK
6
CONTINUOUS
10
131.0999999999999943
20
-102.5999999999999943
11
131.4000000000000057
21
-102.8999999999999915
0
LINE
8
BLACK
6
CONTINUOUS
10
131.4000000000000057
20
-102.5999999999999943
11
131.0999999999999943
21
-102.8999999999999915
0
LINE
8
BLACK
6
CONTINUOUS
10
131.0999999999999943
20
-104.8499999999999943
11
131.4000000000000057
21
-105.1499999999999915
0
LINE
8
BLACK
6
CONTINUOUS
10
131.4000000000000057
20
-104.8499999999999943
11
131.0999999999999943
21
-105.1499999999999915
0
LINE
8
BLACK
6
CONTINUOUS
10
131.495412999999985
20
-119.6404220000000009
11
131.7954129999999964
21
-119.9404219999999981
0
LINE
8
BLACK
6
CONTINUOUS
10
131.7954129999999964
20
-119.6404220000000009
11
131.495412999999985
21
-119.9404219999999981
0
LINE
8
BLACK
6
CONTINUOUS
10
131.6500000000000057
20
-97.8499999999999943
11
131.9499999999999886
21
-98.1499999999999915
0
LINE
8
BLACK
6
CONTINUOUS
10
131.9499999999999886
20
-97.8499999999999943
11
131.6500000000000057
21
-98.1499999999999915
0
LINE
8
BLACK
6
CONTINUOUS
10
131.685686000000004
20
-101.3870229999999992
11
131.985685999999987
21
-101.6870229999999964
0
LINE
8
BLACK
6
CONTINUOUS
10
131.985685999999987
20
-101.3870229999999992
11
131.685686000000004
21
-101.6870229999999964
0
LINE
8
BLACK
6
CONTINUOUS
10
132.3499999999999943
20
-95.5999999999999943
11
132.6500000000000057
21
-95.8999999999999915
0
LINE
8
BLACK
6
CONTINUOUS
10
132.6500000000000057
20
-95.5999999999999943
11
132.3499999999999943
21
-95.8999999999999915
0
LINE
8
BLACK
6
CONTINUOUS
10
132.4000000000000057
20
-116.0499999999999972
11
132.6999999999999886
21
-116.3499999999999943
0
LINE
8
BLACK
6
CONTINUOUS
10
132.6999999999999886
20
-116.0499999999999972
11
132.4000000000000057
21
-116.3499999999999943
0
LINE
8
BLACK
6
CONTINUOUS
10
132.4629139999999836
20
-108.6051319999999976
11
132.762913999999995
21
-108.9051319999999947
0
LINE
8
BLACK
6
CONTINUOUS
10
132.762913999999995
20
-108.6051319999999976
11
132.4629139999999836
21
-108.9051319999999947
0
LINE
8
BLACK
6
CONTINUOUS
10
135.3499999999999943
20
-107.0999999999999943
11
135.6500000000000057
21
-107.3999999999999915
0
LINE
8
BLACK
6
CONTINUOUS
10
135.6500000000000057
20
-107.0999999999999943
11
135.3499999999999943
21
-107.3999999999999915
0
LINE
8
BLACK
6
CONTINUOUS
10
135.4000000000000057
20
-108.0749999999999886
11
135.6999999999999886
21
-108.375
0
LINE
8
BLACK
6
CONTINUOUS
10
135.6999999999999886
20
-108.0749999999999886
11
135.4000000000000057
21
-108.375
0
LINE
8
BLACK
6
CONTINUOUS
10
136.0999999999999943
20
-100.0999999999999943
11
136.4000000000000057
21
-100.3999999999999915
0
LINE
8
BLACK
6
CONTINUOUS
10
136.4000000000000057
20
-100.0999999999999943
11
136.0999999999999943
21
-100.3999999999999915
0
LINE
8
BLACK
6
CONTINUOUS
10
136.1500000000000057
20
-92.8499999999999943
11
136.4499999999999886
21
-93.1499999999999915
0
LINE
8
BLACK
6
CONTINUOUS
10
136.4499999999999886
20
-92.8499999999999943
11
136.1500000000000057
21
-93.1499999999999915
0
LINE
8
BLACK
6
CONTINUOUS
10
137.0999999999999943
20
-112.8499999999999943
11
137.4000000000000057
21
-113.1499999999999915
0
LINE
8
BLACK
6
CONTINUOUS
10
137.4000000000000057
20
-112.8499999999999943
11
137.0999999999999943
21
-113.1499999999999915
0
LINE
8
BLACK
6
CONTINUOUS
10
137.8499999999999943
20
-99.5999999999999943
11
138.1500000000000057
21
-99.8999999999999915
0
LINE
8
BLACK
6
CONTINUOUS
10
138.1500000000000057
20
-99.5999999999999943
11
137.8499999999999943
21
-99.8999999999999915
0
LINE
8
BLACK
6
CONTINUOUS
10
138.0127479999999878
20
-113.7407279999999901
11
138.3127479999999991
21
-114.0407280000000014
0
LINE
8
BLACK
6
CONTINUOUS
10
138.3127479999999991
20
-113.7407279999999901
11
138.0127479999999878
21
-114.0407280000000014
0
LINE
8
BLACK
6
CONTINUOUS
10
138.0219369999999799
20
-103.8797179999999969
11
138.3219369999999913
21
-104.179717999999994
0
LINE
8
BLACK
6
CONTINUOUS
10
138.3219369999999913
20
-103.8797179999999969
11
138.0219369999999799
21
-104.179717999999994
0
LINE
8
BLACK
6
CONTINUOUS
10
139.0499999999999829
20
-109.5499999999999972
11
139.3499999999999943
21
-109.8499999999999943
0
LINE
8
BLACK
6
CONTINUOUS
10
139.3499999999999943
20
-109.5499999999999972
11
139.0499999999999829
21
-109.8499999999999943
0
LINE
8
BLACK
6
CONTINUOUS
10
139.5499999999999829
20
-83.7285689999999931
11
139.8499999999999943
21
-84.0285689999999903
0
LINE
8
BLACK
6
CONTINUOUS
10
139.8499999999999943
20
-83.7285689999999931
11
139.5499999999999829
21
-84.0285689999999903
0
LINE
8
BLACK
6
CONTINUOUS
10
139.8499999999999943
20
-103.6499999999999915
11
140.1500000000000057
21
-103.9499999999999886
0
LINE
8
BLACK
6
CONTINUOUS
10
140.1500000000000057
20
-103.6499999999999915
11
139.8499999999999943
21
-103.9499999999999886
0
LINE
8
BLACK
6
CONTINUOUS
10
140.5999999999999943
20
-100.0999999999999943
11
140.9000000000000057
21
-100.3999999999999915
0
LINE
8
BLACK
6
CONTINUOUS
10
140.9000000000000057
20
-100.0999999999999943
11
140.5999999999999943
21
-100.3999999999999915
0
LINE
8
BLACK
6
CONTINUOUS
10
140.5999999999999943
20
-109.5999999999999943
11
140.9000000000000057
21
-109.8999999999999915
0
LINE
8
BLACK
6
CONTINUOUS
10
140.9000000000000057
20
-109.5999999999999943
11
140.5999999999999943
21
-109.8999999999999915
0
LINE
8
BLACK
6
CONTINUOUS
10
140.6374840000000006
20
-92.8458789999999965
11
140.9374839999999836
21
-93.1458789999999937
0
LINE
8
BLACK
6
CONTINUOUS
10
140.9374839999999836
20
-92.8458789999999965
11
140.6374840000000006
21
-93.1458789999999937
0
LINE
8
BLACK
6
CONTINUOUS
10
140.9499999999999886
20
-80.8499999999999943
11
141.25
21
-81.1499999999999915
0
LINE
8
BLACK
6
CONTINUOUS
10
141.25
20
-80.8499999999999943
11
140.9499999999999886
21
-81.1499999999999915
0
LINE
8
BLACK
6
CONTINUOUS
10
141.3499999999999943
20
-92.0999999999999943
11
141.6500000000000057
21
-92.3999999999999915
0
LINE
8
BLACK
6
CONTINUOUS
10
141.6500000000000057
20
-92.0999999999999943
11
141.3499999999999943
21
-92.3999999999999915
0
LINE
8
BLACK
6
CONTINUOUS
10
142.4499999999999886
20
-121.1499999999999915
11
142.75
21
-121.4499999999999886
0
LINE
8
BLACK
6
CONTINUOUS
10
142.75
20
-121.1499999999999915
11
142.4499999999999886
21
-121.4499999999999886
0
LINE
8
BLACK
6
CONTINUOUS
10
142.6500000000000057
20
-83.7285689999999931
11
142.9499999999999886
21
-84.0285689999999903
0
LINE
8
BLACK
6
CONTINUOUS
10
142.9499999999999886
20
-83.7285689999999931
11
142.6500000000000057
21
-84.0285689999999903
0
LINE
8
BLACK
6
CONTINUOUS
10
142.6500000000000057
20
-109.5999999999999943
11
142.9499999999999886
21
-109.8999999999999915
0
LINE
8
BLACK
6
CONTINUOUS
10
142.9499999999999886
20
-109.5999999999999943
11
142.6500000000000057
21
-109.8999999999999915
0
LINE
8
BLACK
6
CONTINUOUS
10
143.0999999999999943
20
-100.5999999999999943
11
143.4000000000000057
21
-100.8999999999999915
0
LINE
8
BLACK
6
CONTINUOUS
10
143.4000000000000057
20
-100.5999999999999943
11
143.0999999999999943
21
-100.8999999999999915
0
LINE
8
BLACK
6
CONTINUOUS
10
143.5499999999999829
20
-87.7285689999999931
11
143.8499999999999943
21
-88.0285689999999903
0
LINE
8
BLACK
6
CONTINUOUS
10
143.8499999999999943
20
-87.7285689999999931
11
143.5499999999999829
21
-88.0285689999999903
0
LINE
8
BLACK
6
CONTINUOUS
10
143.5499999999999829
20
-115.7285689999999931
11
143.8499999999999943
21
-116.0285689999999903
0
LINE
8
BLACK
6
CONTINUOUS
10
143.8499999999999943
20
-115.7285689999999931
11
143.5499999999999829
21
-116.0285689999999903
0
LINE
8
BLACK
6
CONTINUOUS
10
143.5999999999999943
20
-92.0999999999999943
11
143.9000000000000057
21
-92.3999999999999915
0
LINE
8
BLACK
6
CONTINUOUS
10
143.9000000000000057
20
-92.0999999999999943
11
143.5999999999999943
21
-92.3999999999999915
0
LINE
8
BLACK
6
CONTINUOUS
10
143.8393969999999911
20
-93.012872999999999
11
144.1393970000000024
21
-93.3128729999999962
0
LINE
8
BLACK
6
CONTINUOUS
10
144.1393970000000024
20
-93.012872999999999
11
143.8393969999999911
21
-93.3128729999999962
0
LINE
8
BLACK
6
CONTINUOUS
10
143.8499999999999943
20
-104.8499999999999943
11
144.1500000000000057
21
-105.1499999999999915
0
LINE
8
BLACK
6
CONTINUOUS
10
144.1500000000000057
20
-104.8499999999999943
11
143.8499999999999943
21
-105.1499999999999915
0
LINE
8
BLACK
6
CONTINUOUS
10
143.8499999999999943
20
-106.3499999999999943
11
144.1500000000000057
21
-106.6499999999999915
0
LINE
8
BLACK
6
CONTINUOUS
10
144.1500000000000057
20
-106.3499999999999943
11
143.8499999999999943
21
-106.6499999999999915
0
LINE
8
BLACK
6
CONTINUOUS
10
143.8684389999999951
20
-91.1033410000000003
11
144.1684390000000064
21
-91.4033409999999975
0
LINE
8
BLACK
6
CONTINUOUS
10
144.1684390000000064
20
-91.1033410000000003
11
143.8684389999999951
21
-91.4033409999999975
0
LINE
8
BLACK
6
CONTINUOUS
10
144.4499999999999886
20
-98.75
11
144.75
21
-99.0499999999999972
0
LINE
8
BLACK
6
CONTINUOUS
10
144.75
20
-98.75
11
144.4499999999999886
21
-99.0499999999999972
0
LINE
8
BLACK
6
CONTINUOUS
10
144.6500000000000057
20
-123.0499999999999972
11
144.9499999999999886
21
-123.3499999999999943
0
LINE
8
BLACK
6
CONTINUOUS
10
144.9499999999999886
20
-123.0499999999999972
11
144.6500000000000057
21
-123.3499999999999943
0
LINE
8
BLACK
6
CONTINUOUS
10
144.8499999999999943
20
-107.0999999999999943
11
145.1500000000000057
21
-107.3999999999999915
0
LINE
8
BLACK
6
CONTINUOUS
10
145.1500000000000057
20
-107.0999999999999943
11
144.8499999999999943
21
-107.3999999999999915
0
LINE
8
BLACK
6
CONTINUOUS
10
144.8499999999999943
20
-109.5999999999999943
11
145.1500000000000057
21
-109.8999999999999915
0
LINE
8
BLACK
6
CONTINUOUS
10
145.1500000000000057
20
-109.5999999999999943
11
144.8499999999999943
21
-109.8999999999999915
0
LINE
8
BLACK
6
CONTINUOUS
10
145.3499999999999943
20
-81.8499999999999943
11
145.6500000000000057
21
-82.1499999999999915
0
LINE
8
BLACK
6
CONTINUOUS
10
145.6500000000000057
20
-81.8499999999999943
11
145.3499999999999943
21
-82.1499999999999915
0
LINE
8
BLACK
6
CONTINUOUS
10
145.6500000000000057
20
-95.6499999999999915
11
145.9499999999999886
21
-95.9499999999999886
0
LINE
8
BLACK
6
CONTINUOUS
10
145.9499999999999886
20
-95.6499999999999915
11
145.6500000000000057
21
-95.9499999999999886
0
LINE
8
BLACK
6
CONTINUOUS
10
145.9499999999999886
20
-104.8499999999999943
11
146.25
21
-105.1499999999999915
0
LINE
8
BLACK
6
CONTINUOUS
10
146.25
20
-104.8499999999999943
11
145.9499999999999886
21
-105.1499999999999915
0
LINE
8
BLACK
6
CONTINUOUS
10
146.3499999999999943
20
-90.8499999999999943
11
146.6500000000000057
21
-91.1499999999999915
0
LINE
8
BLACK
6
CONTINUOUS
10
146.6500000000000057
20
-90.8499999999999943
11
146.3499999999999943
21
-91.1499999999999915
0
LINE
8
BLACK
6
CONTINUOUS
10
146.8499999999999943
20
-85.3499999999999943
11
147.1500000000000057
21
-85.6499999999999915
0
LINE
8
BLACK
6
CONTINUOUS
10
147.1500000000000057
20
-85.3499999999999943
11
146.8499999999999943
21
-85.6499999999999915
0
LINE
8
BLACK
6
CONTINUOUS
10
147.25
20
-102.25
11
147.5499999999999829
21
-102.5499999999999972
0
LINE
8
BLACK
6
CONTINUOUS
10
147.5499999999999829
20
-102.25
11
147.25
21
-102.5499999999999972
0
LINE
8
BLACK
6
CONTINUOUS
10
147.3499999999999943
20
-90.8499999999999943
11
147.6500000000000057
21
-91.1499999999999915
0
LINE
8
BLACK
6
CONTINUOUS
10
147.6500000000000057
20
-90.8499999999999943
11
147.3499999999999943
21
-91.1499999999999915
0
LINE
8
BLACK
6
CONTINUOUS
10
148.189864
20
-119.6590640000000008
11
148.489863999999983
21
-119.9590639999999979
0
LINE
8
BLACK
6
CONTINUOUS
10
148.489863999999983
20
-119.6590640000000008
11
148.189864
21
-119.9590639999999979
0
LINE
8
BLACK
6
CONTINUOUS
10
148.3499999999999943
20
-81.8499999999999943
11
148.6500000000000057
21
-82.1499999999999915
0
LINE
8
BLACK
6
CONTINUOUS
10
148.6500000000000057
20
-81.8499999999999943
11
148.3499999999999943
21
-82.1499999999999915
0
LINE
8
BLACK
6
CONTINUOUS
10
149.0999999999999943
20
-95.5999999999999943
11
149.4000000000000057
21
-95.8999999999999915
0
LINE
8
BLACK
6
CONTINUOUS
10
149.4000000000000057
20
-95.5999999999999943
11
149.0999999999999943
21
-95.8999999999999915
0
LINE
8
BLACK
6
CONTINUOUS
10
149.0999999999999943
20
-116.0999999999999943
11
149.4000000000000057
21
-116.3999999999999915
0
LINE
8
BLACK
6
CONTINUOUS
10
149.4000000000000057
20
-116.0999999999999943
11
149.0999999999999943
21
-116.3999999999999915
0
LINE
8
BLACK
6
CONTINUOUS
10
149.1848919999999907
20
-108.5959429999999912
11
149.4848920000000021
21
-108.8959429999999884
0
LINE
8
BLACK
6
CONTINUOUS
10
149.4848920000000021
20
-108.5959429999999912
11
149.1848919999999907
21
-108.8959429999999884
0
LINE
8
BLACK
6
CONTINUOUS
10
151.4499999999999886
20
-105.8499999999999943
11
151.75
21
-106.1499999999999915
0
LINE
8
BLACK
6
CONTINUOUS
10
151.75
20
-105.8499999999999943
11
151.4499999999999886
21
-106.1499999999999915
0
LINE
8
BLACK
6
CONTINUOUS
10
151.5499999999999829
20
-87.7285689999999931
11
151.8499999999999943
21
-88.0285689999999903
0
LINE
8
BLACK
6
CONTINUOUS
10
151.8499999999999943
20
-87.7285689999999931
11
151.5499999999999829
21
-88.0285689999999903
0
LINE
8
BLACK
6
CONTINUOUS
10
151.5499999999999829
20
-99.7285689999999931
11
151.8499999999999943
21
-100.0285689999999903
0
LINE
8
BLACK
6
CONTINUOUS
10
151.8499999999999943
20
-99.7285689999999931
11
151.5499999999999829
21
-100.0285689999999903
0
LINE
8
BLACK
6
CONTINUOUS
10
151.8499999999999943
20
-81.3499999999999943
11
152.1500000000000057
21
-81.6499999999999915
0
LINE
8
BLACK
6
CONTINUOUS
10
152.1500000000000057
20
-81.3499999999999943
11
151.8499999999999943
21
-81.6499999999999915
0
LINE
8
BLACK
6
CONTINUOUS
10
152.0999999999999943
20
-107.0999999999999943
11
152.4000000000000057
21
-107.3999999999999915
0
LINE
8
BLACK
6
CONTINUOUS
10
152.4000000000000057
20
-107.0999999999999943
11
152.0999999999999943
21
-107.3999999999999915
0
LINE
8
BLACK
6
CONTINUOUS
10
152.0999999999999943
20
-108.0999999999999943
11
152.4000000000000057
21
-108.3999999999999915
0
LINE
8
BLACK
6
CONTINUOUS
10
152.4000000000000057
20
-108.0999999999999943
11
152.0999999999999943
21
-108.3999999999999915
0
LINE
8
BLACK
6
CONTINUOUS
10
152.8499999999999943
20
-100.0999999999999943
11
153.1500000000000057
21
-100.3999999999999915
0
LINE
8
BLACK
6
CONTINUOUS
10
153.1500000000000057
20
-100.0999999999999943
11
152.8499999999999943
21
-100.3999999999999915
0
LINE
8
BLACK
6
CONTINUOUS
10
153.3499999999999943
20
-84.5999999999999943
11
153.6500000000000057
21
-84.8999999999999915
0
LINE
8
BLACK
6
CONTINUOUS
10
153.6500000000000057
20
-84.5999999999999943
11
153.3499999999999943
21
-84.8999999999999915
0
LINE
8
BLACK
6
CONTINUOUS
10
153.5999999999999943
20
-112.8499999999999943
11
153.9000000000000057
21
-113.1499999999999915
0
LINE
8
BLACK
6
CONTINUOUS
10
153.9000000000000057
20
-112.8499999999999943
11
153.5999999999999943
21
-113.1499999999999915
0
LINE
8
BLACK
6
CONTINUOUS
10
154.3499999999999943
20
-84.5999999999999943
11
154.6500000000000057
21
-84.8999999999999915
0
LINE
8
BLACK
6
CONTINUOUS
10
154.6500000000000057
20
-84.5999999999999943
11
154.3499999999999943
21
-84.8999999999999915
0
LINE
8
BLACK
6
CONTINUOUS
10
154.3499999999999943
20
-99.3499999999999943
11
154.6500000000000057
21
-99.6499999999999915
0
LINE
8
BLACK
6
CONTINUOUS
10
154.6500000000000057
20
-99.3499999999999943
11
154.3499999999999943
21
-99.6499999999999915
0
LINE
8
BLACK
6
CONTINUOUS
10
154.7460669999999823
20
-103.8038069999999919
11
155.0460669999999936
21
-104.1038069999999891
0
LINE
8
BLACK
6
CONTINUOUS
10
155.0460669999999936
20
-103.8038069999999919
11
154.7460669999999823
21
-104.1038069999999891
0
LINE
8
BLACK
6
CONTINUOUS
10
154.7537659999999846
20
-113.7730129999999917
11
155.053765999999996
21
-114.0730129999999889
0
LINE
8
BLACK
6
CONTINUOUS
10
155.053765999999996
20
-113.7730129999999917
11
154.7537659999999846
21
-114.0730129999999889
0
LINE
8
BLACK
6
CONTINUOUS
10
155.3499999999999943
20
-84.5999999999999943
11
155.6500000000000057
21
-84.8999999999999915
0
LINE
8
BLACK
6
CONTINUOUS
10
155.6500000000000057
20
-84.5999999999999943
11
155.3499999999999943
21
-84.8999999999999915
0
LINE
8
BLACK
6
CONTINUOUS
10
155.8499999999999943
20
-109.5999999999999943
11
156.1500000000000057
21
-109.8999999999999915
0
LINE
8
BLACK
6
CONTINUOUS
10
156.1500000000000057
20
-109.5999999999999943
11
155.8499999999999943
21
-109.8999999999999915
0
LINE
8
BLACK
6
CONTINUOUS
10
156.3499999999999943
20
-84.5999999999999943
11
156.6500000000000057
21
-84.8999999999999915
0
LINE
8
BLACK
6
CONTINUOUS
10
156.6500000000000057
20
-84.5999999999999943
11
156.3499999999999943
21
-84.8999999999999915
0
LINE
8
BLACK
6
CONTINUOUS
10
157.3499999999999943
20
-84.5999999999999943
11
157.6500000000000057
21
-84.8999999999999915
0
LINE
8
BLACK
6
CONTINUOUS
10
157.6500000000000057
20
-84.5999999999999943
11
157.3499999999999943
21
-84.8999999999999915
0
LINE
8
BLACK
6
CONTINUOUS
10
157.3499999999999943
20
-109.5999999999999943
11
157.6500000000000057
21
-109.8999999999999915
0
LINE
8
BLACK
6
CONTINUOUS
10
157.6500000000000057
20
-109.5999999999999943
11
157.3499999999999943
21
-109.8999999999999915
0
LINE
8
BLACK
6
CONTINUOUS
10
157.4499999999999886
20
-88.9500000000000028
11
157.75
21
-89.25
0
LINE
8
BLACK
6
CONTINUOUS
10
157.75
20
-88.9500000000000028
11
157.4499999999999886
21
-89.25
0
LINE
8
BLACK
6
CONTINUOUS
10
158.5
20
-94.0499999999999972
11
158.7999999999999829
21
-94.3499999999999943
0
LINE
8
BLACK
6
CONTINUOUS
10
158.7999999999999829
20
-94.0499999999999972
11
158.5
21
-94.3499999999999943
0
LINE
8
BLACK
6
CONTINUOUS
10
159.0499999999999829
20
-103.75
11
159.3499999999999943
21
-104.0499999999999972
0
LINE
8
BLACK
6
CONTINUOUS
10
159.3499999999999943
20
-103.75
11
159.0499999999999829
21
-104.0499999999999972
0
LINE
8
BLACK
6
CONTINUOUS
10
159.0999999999999943
20
-109.5999999999999943
11
159.4000000000000057
21
-109.8999999999999915
0
LINE
8
BLACK
6
CONTINUOUS
10
159.4000000000000057
20
-109.5999999999999943
11
159.0999999999999943
21
-109.8999999999999915
0
LINE
8
BLACK
6
CONTINUOUS
10
159.5499999999999829
20
-99.7285689999999931
11
159.8499999999999943
21
-100.0285689999999903
0
LINE
8
BLACK
6
CONTINUOUS
10
159.8499999999999943
20
-99.7285689999999931
11
159.5499999999999829
21
-100.0285689999999903
0
LINE
8
BLACK
6
CONTINUOUS
10
159.5499999999999829
20
-115.7285689999999931
11
159.8499999999999943
21
-116.0285689999999903
0
LINE
8
BLACK
6
CONTINUOUS
10
159.8499999999999943
20
-115.7285689999999931
11
159.5499999999999829
21
-116.0285689999999903
0
LINE
8
BLACK
6
CONTINUOUS
10
159.5499999999999829
20
-119.7285689999999931
11
159.8499999999999943
21
-120.0285689999999903
0
LINE
8
BLACK
6
CONTINUOUS
10
159.8499999999999943
20
-119.7285689999999931
11
159.5499999999999829
21
-120.0285689999999903
0
LINE
8
BLACK
6
CONTINUOUS
10
159.5499999999999829
20
-123.7285689999999931
11
159.8499999999999943
21
-124.0285689999999903
0
LINE
8
BLACK
6
CONTINUOUS
10
159.8499999999999943
20
-123.7285689999999931
11
159.5499999999999829
21
-124.0285689999999903
0
LINE
8
BLACK
6
CONTINUOUS
10
161.25
20
-103.6999999999999886
11
161.5499999999999829
21
-104.
0
LINE
8
BLACK
6
CONTINUOUS
10
161.5499999999999829
20
-103.6999999999999886
11
161.25
21
-104.
0
LINE
8
BLACK
6
CONTINUOUS
10
161.25
20
-111.75
11
161.5499999999999829
21
-112.0499999999999972
0
LINE
8
BLACK
6
CONTINUOUS
10
161.5499999999999829
20
-111.75
11
161.25
21
-112.0499999999999972
0
LINE
8
BLACK
6
CONTINUOUS
10
162.8499999999999943
20
-80.1499999999999915
11
163.1500000000000057
21
-80.4500000000000028
0
LINE
8
BLACK
6
CONTINUOUS
10
163.1500000000000057
20
-80.1499999999999915
11
162.8499999999999943
21
-80.4500000000000028
0
LINE
8
BLACK
6
CONTINUOUS
10
162.8499999999999943
20
-83.0999999999999943
11
163.1500000000000057
21
-83.3999999999999915
0
LINE
8
BLACK
6
CONTINUOUS
10
163.1500000000000057
20
-83.0999999999999943
11
162.8499999999999943
21
-83.3999999999999915
0
LINE
8
BLACK
6
CONTINUOUS
10
163.0999999999999943
20
-88.5499999999999972
11
163.4000000000000057
21
-88.8499999999999943
0
LINE
8
BLACK
6
CONTINUOUS
10
163.4000000000000057
20
-88.5499999999999972
11
163.0999999999999943
21
-88.8499999999999943
0
LINE
8
BLACK
6
CONTINUOUS
10
163.5499999999999829
20
-91.7285689999999931
11
163.8499999999999943
21
-92.0285689999999903
0
LINE
8
BLACK
6
CONTINUOUS
10
163.8499999999999943
20
-91.7285689999999931
11
163.5499999999999829
21
-92.0285689999999903
0
LINE
8
BLACK
6
CONTINUOUS
10
163.5499999999999829
20
-95.7285689999999931
11
163.8499999999999943
21
-96.0285689999999903
0
LINE
8
BLACK
6
CONTINUOUS
10
163.8499999999999943
20
-95.7285689999999931
11
163.5499999999999829
21
-96.0285689999999903
0
LINE
8
BLACK
6
CONTINUOUS
10
163.5499999999999829
20
-99.7285689999999931
11
163.8499999999999943
21
-100.0285689999999903
0
LINE
8
BLACK
6
CONTINUOUS
10
163.8499999999999943
20
-99.7285689999999931
11
163.5499999999999829
21
-100.0285689999999903
0
LINE
8
BLACK
6
CONTINUOUS
10
163.5499999999999829
20
-103.7285689999999931
11
163.8499999999999943
21
-104.0285689999999903
0
LINE
8
BLACK
6
CONTINUOUS
10
163.8499999999999943
20
-103.7285689999999931
11
163.5499999999999829
21
-104.0285689999999903
0
LINE
8
BLACK
6
CONTINUOUS
10
163.5499999999999829
20
-111.7285689999999931
11
163.8499999999999943
21
-112.0285689999999903
0
LINE
8
BLACK
6
CONTINUOUS
10
163.8499999999999943
20
-111.7285689999999931
11
163.5499999999999829
21
-112.0285689999999903
0
LINE
8
BLACK
6
CONTINUOUS
10
164.2999999999999829
20
-83.0999999999999943
11
164.5999999999999943
21
-83.3999999999999915
0
LINE
8
BLACK
6
CONTINUOUS
10
164.5999999999999943
20
-83.0999999999999943
11
164.2999999999999829
21
-83.3999999999999915
0
LINE
8
BLACK
6
CONTINUOUS
10
165.7166670000000011
20
-80.1499999999999915
11
166.016666999999984
21
-80.4500000000000028
0
LINE
8
BLACK
6
CONTINUOUS
10
166.016666999999984
20
-80.1499999999999915
11
165.7166670000000011
21
-80.4500000000000028
0
LINE
8
BLACK
6
CONTINUOUS
10
166.0353749999999877
20
-86.8693609999999978
11
166.3353749999999991
21
-87.169360999999995
0
LINE
8
BLACK
6
CONTINUOUS
10
166.3353749999999991
20
-86.8693609999999978
11
166.0353749999999877
21
-87.169360999999995
0
LINE
8
BLACK
6
CONTINUOUS
10
167.5499999999999829
20
-106.3499999999999943
11
167.8499999999999943
21
-106.6499999999999915
0
LINE
8
BLACK
6
CONTINUOUS
10
167.8499999999999943
20
-106.3499999999999943
11
167.5499999999999829
21
-106.6499999999999915
0
LINE
8
BLACK
6
CONTINUOUS
10
167.5499999999999829
20
-123.7285689999999931
11
167.8499999999999943
21
-124.0285689999999903
0
LINE
8
BLACK
6
CONTINUOUS
10
167.8499999999999943
20
-123.7285689999999931
11
167.5499999999999829
21
-124.0285689999999903
0
LINE
8
BLACK
6
CONTINUOUS
10
167.5999999999999943
20
-90.8499999999999943
11
167.9000000000000057
21
-91.1499999999999915
0
LINE
8
BLACK
6
CONTINUOUS
10
167.9000000000000057
20
-90.8499999999999943
11
167.5999999999999943
21
-91.1499999999999915
0
LINE
8
BLACK
6
CONTINUOUS
10
168.3499999999999943
20
-86.8499999999999943
11
168.6500000000000057
21
-87.1499999999999915
0
LINE
8
BLACK
6
CONTINUOUS
10
168.6500000000000057
20
-86.8499999999999943
11
168.3499999999999943
21
-87.1499999999999915
0
LINE
8
BLACK
6
CONTINUOUS
10
168.4499999999999886
20
-88.7999999999999972
11
168.75
21
-89.0999999999999943
0
LINE
8
BLACK
6
CONTINUOUS
10
168.75
20
-88.7999999999999972
11
168.4499999999999886
21
-89.0999999999999943
0
LINE
8
BLACK
6
CONTINUOUS
10
168.5833329999999819
20
-80.1499999999999915
11
168.8833329999999933
21
-80.4500000000000028
0
LINE
8
BLACK
6
CONTINUOUS
10
168.8833329999999933
20
-80.1499999999999915
11
168.5833329999999819
21
-80.4500000000000028
0
LINE
8
BLACK
6
CONTINUOUS
10
169.5499999999999829
20
-108.25
11
169.8499999999999943
21
-108.5499999999999972
0
LINE
8
BLACK
6
CONTINUOUS
10
169.8499999999999943
20
-108.25
11
169.5499999999999829
21
-108.5499999999999972
0
LINE
8
BLACK
6
CONTINUOUS
10
170.0875000000000057
20
-99.0999999999999943
11
170.3874999999999886
21
-99.3999999999999915
0
LINE
8
BLACK
6
CONTINUOUS
10
170.3874999999999886
20
-99.0999999999999943
11
170.0875000000000057
21
-99.3999999999999915
0
LINE
8
BLACK
6
CONTINUOUS
10
170.0875000000000057
20
-101.7999999999999972
11
170.3874999999999886
21
-102.0999999999999943
0
LINE
8
BLACK
6
CONTINUOUS
10
170.3874999999999886
20
-101.7999999999999972
11
170.0875000000000057
21
-102.0999999999999943
0
LINE
8
BLACK
6
CONTINUOUS
10
170.1500000000000057
20
-94.4499999999999886
11
170.4499999999999886
21
-94.75
0
LINE
8
BLACK
6
CONTINUOUS
10
170.4499999999999886
20
-94.4499999999999886
11
170.1500000000000057
21
-94.75
0
LINE
8
BLACK
6
CONTINUOUS
10
170.3499999999999943
20
-88.8499999999999943
11
170.6500000000000057
21
-89.1499999999999915
0
LINE
8
BLACK
6
CONTINUOUS
10
170.6500000000000057
20
-88.8499999999999943
11
170.3499999999999943
21
-89.1499999999999915
0
LINE
8
BLACK
6
CONTINUOUS
10
171.4499999999999886
20
-80.1499999999999915
11
171.75
21
-80.4500000000000028
0
LINE
8
BLACK
6
CONTINUOUS
10
171.75
20
-80.1499999999999915
11
171.4499999999999886
21
-80.4500000000000028
0
LINE
8
BLACK
6
CONTINUOUS
10
171.5499999999999829
20
-99.7285689999999931
11
171.8499999999999943
21
-100.0285689999999903
0
LINE
8
BLACK
6
CONTINUOUS
10
171.8499999999999943
20
-99.7285689999999931
11
171.5499999999999829
21
-100.0285689999999903
0
LINE
8
BLACK
6
CONTINUOUS
10
171.75
20
-119.75
11
172.0499999999999829
21
-120.0499999999999972
0
LINE
8
BLACK
6
CONTINUOUS
10
172.0499999999999829
20
-119.75
11
171.75
21
-120.0499999999999972
0
LINE
8
BLACK
6
CONTINUOUS
10
171.8499999999999943
20
-88.8499999999999943
11
172.1500000000000057
21
-89.1499999999999915
0
LINE
8
BLACK
6
CONTINUOUS
10
172.1500000000000057
20
-88.8499999999999943
11
171.8499999999999943
21
-89.1499999999999915
0
LINE
8
BLACK
6
CONTINUOUS
10
171.8499999999999943
20
-108.9499999999999886
11
172.1500000000000057
21
-109.25
0
LINE
8
BLACK
6
CONTINUOUS
10
172.1500000000000057
20
-108.9499999999999886
11
171.8499999999999943
21
-109.25
0
LINE
8
BLACK
6
CONTINUOUS
10
172.0999999999999943
20
-83.0999999999999943
11
172.4000000000000057
21
-83.3999999999999915
0
LINE
8
BLACK
6
CONTINUOUS
10
172.4000000000000057
20
-83.0999999999999943
11
172.0999999999999943
21
-83.3999999999999915
0
LINE
8
BLACK
6
CONTINUOUS
10
172.3499999999999943
20
-92.8499999999999943
11
172.6500000000000057
21
-93.1499999999999915
0
LINE
8
BLACK
6
CONTINUOUS
10
172.6500000000000057
20
-92.8499999999999943
11
172.3499999999999943
21
-93.1499999999999915
0
LINE
8
BLACK
6
CONTINUOUS
10
172.8499999999999943
20
-99.5499999999999972
11
173.1500000000000057
21
-99.8499999999999943
0
LINE
8
BLACK
6
CONTINUOUS
10
173.1500000000000057
20
-99.5499999999999972
11
172.8499999999999943
21
-99.8499999999999943
0
LINE
8
BLACK
6
CONTINUOUS
10
173.25
20
-87.75
11
173.5499999999999829
21
-88.0499999999999972
0
LINE
8
BLACK
6
CONTINUOUS
10
173.5499999999999829
20
-87.75
11
173.25
21
-88.0499999999999972
0
LINE
8
BLACK
6
CONTINUOUS
10
173.3499999999999943
20
-81.25
11
173.6500000000000057
21
-81.5499999999999972
0
LINE
8
BLACK
6
CONTINUOUS
10
173.6500000000000057
20
-81.25
11
173.3499999999999943
21
-81.5499999999999972
0
LINE
8
BLACK
6
CONTINUOUS
10
173.6500000000000057
20
-111.6499999999999915
11
173.9499999999999886
21
-111.9499999999999886
0
LINE
8
BLACK
6
CONTINUOUS
10
173.9499999999999886
20
-111.6499999999999915
11
173.6500000000000057
21
-111.9499999999999886
0
LINE
8
BLACK
6
CONTINUOUS
10
173.7874999999999943
20
-101.7999999999999972
11
174.0875000000000057
21
-102.0999999999999943
0
LINE
8
BLACK
6
CONTINUOUS
10
174.0875000000000057
20
-101.7999999999999972
11
173.7874999999999943
21
-102.0999999999999943
0
LINE
8
BLACK
6
CONTINUOUS
10
174.75
20
-83.9500000000000028
11
175.0499999999999829
21
-84.25
0
LINE
8
BLACK
6
CONTINUOUS
10
175.0499999999999829
20
-83.9500000000000028
11
174.75
21
-84.25
0
LINE
8
BLACK
6
CONTINUOUS
10
175.5499999999999829
20
-99.7285689999999931
11
175.8499999999999943
21
-100.0285689999999903
0
LINE
8
BLACK
6
CONTINUOUS
10
175.8499999999999943
20
-99.7285689999999931
11
175.5499999999999829
21
-100.0285689999999903
0
LINE
8
BLACK
6
CONTINUOUS
10
175.5499999999999829
20
-115.75
11
175.8499999999999943
21
-116.0499999999999972
0
LINE
8
BLACK
6
CONTINUOUS
10
175.8499999999999943
20
-115.75
11
175.5499999999999829
21
-116.0499999999999972
0
LINE
8
BLACK
6
CONTINUOUS
10
175.5499999999999829
20
-123.7285689999999931
11
175.8499999999999943
21
-124.0285689999999903
0
LINE
8
BLACK
6
CONTINUOUS
10
175.8499999999999943
20
-123.7285689999999931
11
175.5499999999999829
21
-124.0285689999999903
0
LINE
8
BLACK
6
CONTINUOUS
10
175.75
20
-94.4499999999999886
11
176.0499999999999829
21
-94.75
0
LINE
8
BLACK
6
CONTINUOUS
10
176.0499999999999829
20
-94.4499999999999886
11
175.75
21
-94.75
0
LINE
8
BLACK
6
CONTINUOUS
10
176.25
20
-108.25
11
176.5499999999999829
21
-108.5499999999999972
0
LINE
8
BLACK
6
CONTINUOUS
10
176.5499999999999829
20
-108.25
11
176.25
21
-108.5499999999999972
0
LINE
8
BLACK
6
CONTINUOUS
10
176.4499999999999886
20
-86.8999999999999915
11
176.75
21
-87.2000000000000028
0
LINE
8
BLACK
6
CONTINUOUS
10
176.75
20
-86.8999999999999915
11
176.4499999999999886
21
-87.2000000000000028
0
LINE
8
BLACK
6
CONTINUOUS
10
177.0875000000000057
20
-101.8999999999999915
11
177.3874999999999886
21
-102.1999999999999886
0
LINE
8
BLACK
6
CONTINUOUS
10
177.3874999999999886
20
-101.8999999999999915
11
177.0875000000000057
21
-102.1999999999999886
0
LINE
8
BLACK
6
CONTINUOUS
10
179.3499999999999943
20
-110.8499999999999943
11
179.6500000000000057
21
-111.1499999999999915
0
LINE
8
BLACK
6
CONTINUOUS
10
179.6500000000000057
20
-110.8499999999999943
11
179.3499999999999943
21
-111.1499999999999915
0
LINE
8
BLACK
6
CONTINUOUS
10
179.5499999999999829
20
-99.7285689999999931
11
179.8499999999999943
21
-100.0285689999999903
0
LINE
8
BLACK
6
CONTINUOUS
10
179.8499999999999943
20
-99.7285689999999931
11
179.5499999999999829
21
-100.0285689999999903
0
LINE
8
BLACK
6
CONTINUOUS
10
181.0499999999999829
20
-119.75
11
181.3499999999999943
21
-120.0499999999999972
0
LINE
8
BLACK
6
CONTINUOUS
10
181.3499999999999943
20
-119.75
11
181.0499999999999829
21
-120.0499999999999972
0
LINE
8
BLACK
6
CONTINUOUS
10
182.25
20
-110.8499999999999943
11
182.5499999999999829
21
-111.1499999999999915
0
LINE
8
BLACK
6
CONTINUOUS
10
182.5499999999999829
20
-110.8499999999999943
11
182.25
21
-111.1499999999999915
0
LINE
8
BLACK
6
CONTINUOUS
10
183.4499999999999886
20
-88.9500000000000028
11
183.75
21
-89.25
0
LINE
8
BLACK
6
CONTINUOUS
10
183.75
20
-88.9500000000000028
11
183.4499999999999886
21
-89.25
0
LINE
8
BLACK
6
CONTINUOUS
10
183.5499999999999829
20
-83.7285689999999931
11
183.8499999999999943
21
-84.0285689999999903
0
LINE
8
BLACK
6
CONTINUOUS
10
183.8499999999999943
20
-83.7285689999999931
11
183.5499999999999829
21
-84.0285689999999903
0
LINE
8
BLACK
6
CONTINUOUS
10
183.5499999999999829
20
-123.7285689999999931
11
183.8499999999999943
21
-124.0285689999999903
0
LINE
8
BLACK
6
CONTINUOUS
10
183.8499999999999943
20
-123.7285689999999931
11
183.5499999999999829
21
-124.0285689999999903
0
LINE
8
BLACK
6
CONTINUOUS
10
183.9499999999999886
20
-105.8999999999999915
11
184.25
21
-106.1999999999999886
0
LINE
8
BLACK
6
CONTINUOUS
10
184.25
20
-105.8999999999999915
11
183.9499999999999886
21
-106.1999999999999886
0
LINE
8
BLACK
6
CONTINUOUS
10
183.9499999999999886
20
-109.1499999999999915
11
184.25
21
-109.4499999999999886
0
LINE
8
BLACK
6
CONTINUOUS
10
184.25
20
-109.1499999999999915
11
183.9499999999999886
21
-109.4499999999999886
0
LINE
8
BLACK
6
CONTINUOUS
10
184.
20
-95.5499999999999972
11
184.2999999999999829
21
-95.8499999999999943
0
LINE
8
BLACK
6
CONTINUOUS
10
184.2999999999999829
20
-95.5499999999999972
11
184.
21
-95.8499999999999943
0
LINE
8
BLACK
6
CONTINUOUS
10
184.0499999999999829
20
-98.7999999999999972
11
184.3499999999999943
21
-99.0999999999999943
0
LINE
8
BLACK
6
CONTINUOUS
10
184.3499999999999943
20
-98.7999999999999972
11
184.0499999999999829
21
-99.0999999999999943
0
LINE
8
BLACK
6
CONTINUOUS
10
185.4499999999999886
20
-116.6499999999999915
11
185.75
21
-116.9499999999999886
0
LINE
8
BLACK
6
CONTINUOUS
10
185.75
20
-116.6499999999999915
11
185.4499999999999886
21
-116.9499999999999886
0
LINE
8
BLACK
6
CONTINUOUS
10
186.25
20
-88.0499999999999972
11
186.5499999999999829
21
-88.3499999999999943
0
LINE
8
BLACK
6
CONTINUOUS
10
186.5499999999999829
20
-88.0499999999999972
11
186.25
21
-88.3499999999999943
0
LINE
8
BLACK
6
CONTINUOUS
10
186.6500000000000057
20
-112.1499999999999915
11
186.9499999999999886
21
-112.4499999999999886
0
LINE
8
BLACK
6
CONTINUOUS
10
186.9499999999999886
20
-112.1499999999999915
11
186.6500000000000057
21
-112.4499999999999886
0
LINE
8
BLACK
6
CONTINUOUS
10
187.3499999999999943
20
-105.8999999999999915
11
187.6500000000000057
21
-106.1999999999999886
0
LINE
8
BLACK
6
CONTINUOUS
10
187.6500000000000057
20
-105.8999999999999915
11
187.3499999999999943
21
-106.1999999999999886
0
LINE
8
BLACK
6
CONTINUOUS
10
187.4499999999999886
20
-98.7999999999999972
11
187.75
21
-99.0999999999999943
0
LINE
8
BLACK
6
CONTINUOUS
10
187.75
20
-98.7999999999999972
11
187.4499999999999886
21
-99.0999999999999943
0
LINE
8
BLACK
6
CONTINUOUS
10
187.5499999999999829
20
-83.7285689999999931
11
187.8499999999999943
21
-84.0285689999999903
0
LINE
8
BLACK
6
CONTINUOUS
10
187.8499999999999943
20
-83.7285689999999931
11
187.5499999999999829
21
-84.0285689999999903
0
LINE
8
BLACK
6
CONTINUOUS
10
187.5499999999999829
20
-87.7285689999999931
11
187.8499999999999943
21
-88.0285689999999903
0
LINE
8
BLACK
6
CONTINUOUS
10
187.8499999999999943
20
-87.7285689999999931
11
187.5499999999999829
21
-88.0285689999999903
0
LINE
8
BLACK
6
CONTINUOUS
10
187.5499999999999829
20
-91.7285689999999931
11
187.8499999999999943
21
-92.0285689999999903
0
LINE
8
BLACK
6
CONTINUOUS
10
187.8499999999999943
20
-91.7285689999999931
11
187.5499999999999829
21
-92.0285689999999903
0
CIRCLE
8
BLACK
10
134.3299999999999841
20
-94.8011139999999983
40
0.2
0
CIRCLE
8
BLACK
10
134.3449999999999989
20
-107.75
40
0.2
0
CIRCLE
8
BLACK
10
140.
20
-87.5
40
0.2
0
CIRCLE
8
BLACK
10
151.0858709999999974
20
-107.75
40
0.2
0
CIRCLE
8
BLACK
10
151.0999999999999943
20
-94.8499999999999943
40
0.2
0
LINE
8
BLACK
6
CONTINUOUS
10
153.5
20
-89.
11
153.5
21
-89.5
0
LINE
8
BLACK
6
CONTINUOUS
10
153.25
20
-89.25
11
153.75
21
-89.25
0
LINE
8
BLACK
6
CONTINUOUS
10
159.7474899999999991
20
-90.1474899999999906
11
159.7474899999999991
21
-89.6525099999999924
0
LINE
8
BLACK
6
CONTINUOUS
10
159.7474899999999991
20
-89.6525099999999924
11
159.2525100000000009
21
-89.6525099999999924
0
LINE
8
BLACK
6
CONTINUOUS
10
159.2525100000000009
20
-89.6525099999999924
11
159.2525100000000009
21
-90.1474899999999906
0
LINE
8
BLACK
6
CONTINUOUS
10
159.2525100000000009
20
-90.1474899999999906
11
159.7474899999999991
21
-90.1474899999999906
0
LINE
8
BLACK
6
CONTINUOUS
10
165.3474899999999934
20
-102.2474899999999991
11
165.3474899999999934
21
-101.7525100000000009
0
LINE
8
BLACK
6
CONTINUOUS
10
165.3474899999999934
20
-101.7525100000000009
11
164.8525099999999952
21
-101.7525100000000009
0
LINE
8
BLACK
6
CONTINUOUS
10
164.8525099999999952
20
-101.7525100000000009
11
164.8525099999999952
21
-102.2474899999999991
0
LINE
8
BLACK
6
CONTINUOUS
10
164.8525099999999952
20
-102.2474899999999991
11
165.3474899999999934
21
-102.2474899999999991
0
LINE
8
BLACK
6
CONTINUOUS
10
115.5
20
-86.
11
116.
21
-85.5
0
LINE
8
BLACK
6
CONTINUOUS
10
116.
20
-85.5
11
115.5
21
-85.
0
LINE
8
BLACK
6
CONTINUOUS
10
115.5
20
-85.
11
115.
21
-85.5
0
LINE
8
BLACK
6
CONTINUOUS
10
115.
20
-85.5
11
115.5
21
-86.
0
LINE
8
BLACK
6
CONTINUOUS
10
115.5
20
-88.5
11
116.
21
-88.
0
LINE
8
BLACK
6
CONTINUOUS
10
116.
20
-88.
11
115.5
21
-87.5
0
LINE
8
BLACK
6
CONTINUOUS
10
115.5
20
-87.5
11
115.
21
-88.
0
LINE
8
BLACK
6
CONTINUOUS
10
115.
20
-88.
11
115.5
21
-88.5
0
LINE
8
BLACK
6
CONTINUOUS
10
115.5
20
-91.
11
116.
21
-90.5
0
LINE
8
BLACK
6
CONTINUOUS
10
116.
20
-90.5
11
115.5
21
-90.
0
LINE
8
BLACK
6
CONTINUOUS
10
115.5
20
-90.
11
115.
21
-90.5
0
LINE
8
BLACK
6
CONTINUOUS
10
115.
20
-90.5
11
115.5
21
-91.
0
LINE
8
BLACK
6
CONTINUOUS
10
118.
20
-86.
11
118.5
21
-85.5
0
LINE
8
BLACK
6
CONTINUOUS
10
118.5
20
-85.5
11
118.
21
-85.
0
LINE
8
BLACK
6
CONTINUOUS
10
118.
20
-85.
11
117.5
21
-85.5
0
LINE
8
BLACK
6
CONTINUOUS
10
117.5
20
-85.5
11
118.
21
-86.
0
LINE
8
BLACK
6
CONTINUOUS
10
118.
20
-88.5
11
118.5
21
-88.
0
LINE
8
BLACK
6
CONTINUOUS
10
118.5
20
-88.
11
118.
21
-87.5
0
LINE
8
BLACK
6
CONTINUOUS
10
118.
20
-87.5
11
117.5
21
-88.
0
LINE
8
BLACK
6
CONTINUOUS
10
117.5
20
-88.
11
118.
21
-88.5
0
LINE
8
BLACK
6
CONTINUOUS
10
118.
20
-91.
11
118.5
21
-90.5
0
LINE
8
BLACK
6
CONTINUOUS
10
118.5
20
-90.5
11
118.
21
-90.
0
LINE
8
BLACK
6
CONTINUOUS
10
118.
20
-90.
11
117.5
21
-90.5
0
LINE
8
BLACK
6
CONTINUOUS
10
117.5
20
-90.5
11
118.
21
-91.
0
LINE
8
BLACK
6
CONTINUOUS
10
124.25
20
-86.
11
124.75
21
-85.5
0
LINE
8
BLACK
6
CONTINUOUS
10
124.75
20
-85.5
11
124.25
21
-85.
0
LINE
8
BLACK
6
CONTINUOUS
10
124.25
20
-85.
11
123.75
21
-85.5
0
LINE
8
BLACK
6
CONTINUOUS
10
123.75
20
-85.5
11
124.25
21
-86.
0
LINE
8
BLACK
6
CONTINUOUS
10
124.25
20
-91.
11
124.75
21
-90.5
0
LINE
8
BLACK
6
CONTINUOUS
10
124.75
20
-90.5
11
124.25
21
-90.
0
LINE
8
BLACK
6
CONTINUOUS
10
124.25
20
-90.
11
123.75
21
-90.5
0
LINE
8
BLACK
6
CONTINUOUS
10
123.75
20
-90.5
11
124.25
21
-91.
0
LINE
8
BLACK
6
CONTINUOUS
10
132.25
20
-83.75
11
132.75
21
-83.25
0
LINE
8
BLACK
6
CONTINUOUS
10
132.75
20
-83.25
11
132.25
21
-82.75
0
LINE
8
BLACK
6
CONTINUOUS
10
132.25
20
-82.75
11
131.75
21
-83.25
0
LINE
8
BLACK
6
CONTINUOUS
10
131.75
20
-83.25
11
132.25
21
-83.75
0
LINE
8
BLACK
6
CONTINUOUS
10
132.25
20
-86.289999999999992
11
132.75
21
-85.789999999999992
0
LINE
8
BLACK
6
CONTINUOUS
10
132.75
20
-85.789999999999992
11
132.25
21
-85.289999999999992
0
LINE
8
BLACK
6
CONTINUOUS
10
132.25
20
-85.289999999999992
11
131.75
21
-85.789999999999992
0
LINE
8
BLACK
6
CONTINUOUS
10
131.75
20
-85.789999999999992
11
132.25
21
-86.289999999999992
0
LINE
8
BLACK
6
CONTINUOUS
10
132.25
20
-88.8299999999999983
11
132.75
21
-88.3299999999999983
0
LINE
8
BLACK
6
CONTINUOUS
10
132.75
20
-88.3299999999999983
11
132.25
21
-87.8299999999999983
0
LINE
8
BLACK
6
CONTINUOUS
10
132.25
20
-87.8299999999999983
11
131.75
21
-88.3299999999999983
0
LINE
8
BLACK
6
CONTINUOUS
10
131.75
20
-88.3299999999999983
11
132.25
21
-88.8299999999999983
0
LINE
8
BLACK
6
CONTINUOUS
10
132.25
20
-91.3699999999999903
11
132.75
21
-90.8699999999999903
0
LINE
8
BLACK
6
CONTINUOUS
10
132.75
20
-90.8699999999999903
11
132.25
21
-90.3699999999999903
0
LINE
8
BLACK
6
CONTINUOUS
10
132.25
20
-90.3699999999999903
11
131.75
21
-90.8699999999999903
0
LINE
8
BLACK
6
CONTINUOUS
10
131.75
20
-90.8699999999999903
11
132.25
21
-91.3699999999999903
0
LINE
8
BLACK
6
CONTINUOUS
10
112.5249999999999915
20
-101.25
11
114.0249999999999915
21
-102.75
0
LINE
8
BLACK
6
CONTINUOUS
10
114.0249999999999915
20
-101.25
11
112.5249999999999915
21
-102.75
0
CIRCLE
8
BLACK
10
113.2749999999999915
20
-102.
40
0.75
0
LINE
8
BLACK
6
CONTINUOUS
10
112.5249999999999915
20
-113.25
11
114.0249999999999915
21
-114.75
0
LINE
8
BLACK
6
CONTINUOUS
10
114.0249999999999915
20
-113.25
11
112.5249999999999915
21
-114.75
0
CIRCLE
8
BLACK
10
113.2749999999999915
20
-114.
40
0.75
0
LINE
8
BLACK
6
CONTINUOUS
10
118.5249999999999915
20
-101.25
11
120.0249999999999915
21
-102.75
0
LINE
8
BLACK
6
CONTINUOUS
10
120.0249999999999915
20
-101.25
11
118.5249999999999915
21
-102.75
0
CIRCLE
8
BLACK
10
119.2749999999999915
20
-102.
40
0.75
0
LINE
8
BLACK
6
CONTINUOUS
10
118.5249999999999915
20
-113.25
11
120.0249999999999915
21
-114.75
0
LINE
8
BLACK
6
CONTINUOUS
10
120.0249999999999915
20
-113.25
11
118.5249999999999915
21
-114.75
0
CIRCLE
8
BLACK
10
119.2749999999999915
20
-114.
40
0.75
0
LINE
8
BLACK
6
CONTINUOUS
10
184.75
20
-80.75
11
187.25
21
-83.25
0
LINE
8
BLACK
6
CONTINUOUS
10
187.25
20
-80.75
11
184.75
21
-83.25
0
LINE
8
BLACK
6
CONTINUOUS
10
186.
20
-80.75
11
186.
21
-83.25
0
LINE
8
BLACK
6
CONTINUOUS
10
184.75
20
-82.
11
187.25
21
-82.
0
LINE
8
BLACK
6
CONTINUOUS
10
112.5827680000000015
20
-129.1398379999999975
11
112.5827680000000015
21
-127.1398379999999975
0
LINE
8
BLACK
6
CONTINUOUS
10
112.5827680000000015
20
-127.1398379999999975
11
113.0589579999999899
21
-127.1398379999999975
0
LINE
8
BLACK
6
CONTINUOUS
10
113.0589579999999899
20
-127.1398379999999975
11
113.3446730000000002
21
-127.2350759999999923
0
LINE
8
BLACK
6
CONTINUOUS
10
113.3446730000000002
20
-127.2350759999999923
11
113.5351489999999899
21
-127.4255519999999962
0
LINE
8
BLACK
6
CONTINUOUS
10
113.5351489999999899
20
-127.4255519999999962
11
113.6303869999999989
21
-127.616028
0
LINE
8
BLACK
6
CONTINUOUS
10
113.6303869999999989
20
-127.616028
11
113.7256249999999937
21
-127.9969799999999935
0
LINE
8
BLACK
6
CONTINUOUS
10
113.7256249999999937
20
-127.9969799999999935
11
113.7256249999999937
21
-128.2826949999999897
0
LINE
8
BLACK
6
CONTINUOUS
10
113.7256249999999937
20
-128.2826949999999897
11
113.6303869999999989
21
-128.6636469999999974
0
LINE
8
BLACK
6
CONTINUOUS
10
113.6303869999999989
20
-128.6636469999999974
11
113.5351489999999899
21
-128.8541229999999871
0
LINE
8
BLACK
6
CONTINUOUS
10
113.5351489999999899
20
-128.8541229999999871
11
113.3446730000000002
21
-129.0446000000000026
0
LINE
8
BLACK
6
CONTINUOUS
10
113.3446730000000002
20
-129.0446000000000026
11
113.0589579999999899
21
-129.1398379999999975
0
LINE
8
BLACK
6
CONTINUOUS
10
113.0589579999999899
20
-129.1398379999999975
11
112.5827680000000015
21
-129.1398379999999975
0
LINE
8
BLACK
6
CONTINUOUS
10
114.5827680000000015
20
-129.1398379999999975
11
114.5827680000000015
21
-127.8065039999999897
0
LINE
8
BLACK
6
CONTINUOUS
10
114.5827680000000015
20
-128.1874569999999949
11
114.6780059999999963
21
-127.9969799999999935
0
LINE
8
BLACK
6
CONTINUOUS
10
114.6780059999999963
20
-127.9969799999999935
11
114.7732439999999912
21
-127.9017419999999987
0
LINE
8
BLACK
6
CONTINUOUS
10
114.7732439999999912
20
-127.9017419999999987
11
114.963719999999995
21
-127.8065039999999897
0
LINE
8
BLACK
6
CONTINUOUS
10
114.963719999999995
20
-127.8065039999999897
11
115.1541969999999964
21
-127.8065039999999897
0
LINE
8
BLACK
6
CONTINUOUS
10
115.8208629999999886
20
-129.1398379999999975
11
115.8208629999999886
21
-127.8065039999999897
0
LINE
8
BLACK
6
CONTINUOUS
10
115.8208629999999886
20
-127.1398379999999975
11
115.7256249999999937
21
-127.2350759999999923
0
LINE
8
BLACK
6
CONTINUOUS
10
115.7256249999999937
20
-127.2350759999999923
11
115.8208629999999886
21
-127.3303140000000013
0
LINE
8
BLACK
6
CONTINUOUS
10
115.8208629999999886
20
-127.3303140000000013
11
115.9161009999999976
21
-127.2350759999999923
0
LINE
8
BLACK
6
CONTINUOUS
10
115.9161009999999976
20
-127.2350759999999923
11
115.8208629999999886
21
-127.1398379999999975
0
LINE
8
BLACK
6
CONTINUOUS
10
115.8208629999999886
20
-127.1398379999999975
11
115.8208629999999886
21
-127.3303140000000013
0
LINE
8
BLACK
6
CONTINUOUS
10
117.0589579999999899
20
-129.1398379999999975
11
116.8684820000000002
21
-129.0446000000000026
0
LINE
8
BLACK
6
CONTINUOUS
10
116.8684820000000002
20
-129.0446000000000026
11
116.7732439999999912
21
-128.8541229999999871
0
LINE
8
BLACK
6
CONTINUOUS
10
116.7732439999999912
20
-128.8541229999999871
11
116.7732439999999912
21
-127.1398379999999975
0
LINE
8
BLACK
6
CONTINUOUS
10
118.1065770000000015
20
-129.1398379999999975
11
117.9161009999999976
21
-129.0446000000000026
0
LINE
8
BLACK
6
CONTINUOUS
10
117.9161009999999976
20
-129.0446000000000026
11
117.8208629999999886
21
-128.8541229999999871
0
LINE
8
BLACK
6
CONTINUOUS
10
117.8208629999999886
20
-128.8541229999999871
11
117.8208629999999886
21
-127.1398379999999975
0
LINE
8
BLACK
6
CONTINUOUS
10
120.3922919999999976
20
-129.1398379999999975
11
120.3922919999999976
21
-127.1398379999999975
0
LINE
8
BLACK
6
CONTINUOUS
10
120.3922919999999976
20
-127.1398379999999975
11
121.0589590000000015
21
-128.5684090000000026
0
LINE
8
BLACK
6
CONTINUOUS
10
121.0589590000000015
20
-128.5684090000000026
11
121.7256249999999937
21
-127.1398379999999975
0
LINE
8
BLACK
6
CONTINUOUS
10
121.7256249999999937
20
-127.1398379999999975
11
121.7256249999999937
21
-129.1398379999999975
0
LINE
8
BLACK
6
CONTINUOUS
10
123.5351489999999899
20
-129.1398379999999975
11
123.5351489999999899
21
-128.0922190000000001
0
LINE
8
BLACK
6
CONTINUOUS
10
123.5351489999999899
20
-128.0922190000000001
11
123.4399109999999951
21
-127.9017419999999987
0
LINE
8
BLACK
6
CONTINUOUS
10
123.4399109999999951
20
-127.9017419999999987
11
123.2494349999999912
21
-127.8065039999999897
0
LINE
8
BLACK
6
CONTINUOUS
10
123.2494349999999912
20
-127.8065039999999897
11
122.8684820000000002
21
-127.8065039999999897
0
LINE
8
BLACK
6
CONTINUOUS
10
122.8684820000000002
20
-127.8065039999999897
11
122.6780059999999963
21
-127.9017419999999987
0
LINE
8
BLACK
6
CONTINUOUS
10
123.5351489999999899
20
-129.0446000000000026
11
123.3446730000000002
21
-129.1398379999999975
0
LINE
8
BLACK
6
CONTINUOUS
10
123.3446730000000002
20
-129.1398379999999975
11
122.8684820000000002
21
-129.1398379999999975
0
LINE
8
BLACK
6
CONTINUOUS
10
122.8684820000000002
20
-129.1398379999999975
11
122.6780059999999963
21
-129.0446000000000026
0
LINE
8
BLACK
6
CONTINUOUS
10
122.6780059999999963
20
-129.0446000000000026
11
122.5827680000000015
21
-128.8541229999999871
0
LINE
8
BLACK
6
CONTINUOUS
10
122.5827680000000015
20
-128.8541229999999871
11
122.5827680000000015
21
-128.6636469999999974
0
LINE
8
BLACK
6
CONTINUOUS
10
122.5827680000000015
20
-128.6636469999999974
11
122.6780059999999963
21
-128.4731710000000078
0
LINE
8
BLACK
6
CONTINUOUS
10
122.6780059999999963
20
-128.4731710000000078
11
122.8684820000000002
21
-128.3779329999999845
0
LINE
8
BLACK
6
CONTINUOUS
10
122.8684820000000002
20
-128.3779329999999845
11
123.3446730000000002
21
-128.3779329999999845
0
LINE
8
BLACK
6
CONTINUOUS
10
123.3446730000000002
20
-128.3779329999999845
11
123.5351489999999899
21
-128.2826949999999897
0
LINE
8
BLACK
6
CONTINUOUS
10
124.4875299999999925
20
-127.8065039999999897
11
124.4875299999999925
21
-129.8065039999999897
0
LINE
8
BLACK
6
CONTINUOUS
10
124.4875299999999925
20
-127.9017419999999987
11
124.6780059999999963
21
-127.8065039999999897
0
LINE
8
BLACK
6
CONTINUOUS
10
124.6780059999999963
20
-127.8065039999999897
11
125.0589589999999873
21
-127.8065039999999897
0
LINE
8
BLACK
6
CONTINUOUS
10
125.0589589999999873
20
-127.8065039999999897
11
125.2494349999999912
21
-127.9017419999999987
0
LINE
8
BLACK
6
CONTINUOUS
10
125.2494349999999912
20
-127.9017419999999987
11
125.3446730000000002
21
-127.9969799999999935
0
LINE
8
BLACK
6
CONTINUOUS
10
125.3446730000000002
20
-127.9969799999999935
11
125.4399109999999951
21
-128.1874569999999949
0
LINE
8
BLACK
6
CONTINUOUS
10
125.4399109999999951
20
-128.1874569999999949
11
125.4399109999999951
21
-128.7588849999999923
0
LINE
8
BLACK
6
CONTINUOUS
10
125.4399109999999951
20
-128.7588849999999923
11
125.3446730000000002
21
-128.9493609999999819
0
LINE
8
BLACK
6
CONTINUOUS
10
125.3446730000000002
20
-128.9493609999999819
11
125.2494349999999912
21
-129.0446000000000026
0
LINE
8
BLACK
6
CONTINUOUS
10
125.2494349999999912
20
-129.0446000000000026
11
125.0589589999999873
21
-129.1398379999999975
0
LINE
8
BLACK
6
CONTINUOUS
10
125.0589589999999873
20
-129.1398379999999975
11
124.6780059999999963
21
-129.1398379999999975
0
LINE
8
BLACK
6
CONTINUOUS
10
124.6780059999999963
20
-129.1398379999999975
11
124.4875299999999925
21
-129.0446000000000026
0
LINE
8
BLACK
6
CONTINUOUS
10
126.2970539999999886
20
-128.9493609999999819
11
126.3922919999999976
21
-129.0446000000000026
0
LINE
8
BLACK
6
CONTINUOUS
10
126.3922919999999976
20
-129.0446000000000026
11
126.2970539999999886
21
-129.1398379999999975
0
LINE
8
BLACK
6
CONTINUOUS
10
126.2970539999999886
20
-129.1398379999999975
11
126.2018159999999938
21
-129.0446000000000026
0
LINE
8
BLACK
6
CONTINUOUS
10
126.2018159999999938
20
-129.0446000000000026
11
126.2970539999999886
21
-128.9493609999999819
0
LINE
8
BLACK
6
CONTINUOUS
10
126.2970539999999886
20
-128.9493609999999819
11
126.2970539999999886
21
-129.1398379999999975
0
LINE
8
BLACK
6
CONTINUOUS
10
126.2970539999999886
20
-127.9017419999999987
11
126.3922919999999976
21
-127.9969799999999935
0
LINE
8
BLACK
6
CONTINUOUS
10
126.3922919999999976
20
-127.9969799999999935
11
126.2970539999999886
21
-128.0922190000000001
0
LINE
8
BLACK
6
CONTINUOUS
10
126.2970539999999886
20
-128.0922190000000001
11
126.2018159999999938
21
-127.9969799999999935
0
LINE
8
BLACK
6
CONTINUOUS
10
126.2018159999999938
20
-127.9969799999999935
11
126.2970539999999886
21
-127.9017419999999987
0
LINE
8
BLACK
6
CONTINUOUS
10
126.2970539999999886
20
-127.9017419999999987
11
126.2970539999999886
21
-128.0922190000000001
0
LINE
8
BLACK
6
CONTINUOUS
10
109.6749999999999972
20
-132.2750000000000057
11
109.9749999999999943
21
-132.5749999999999886
0
LINE
8
BLACK
6
CONTINUOUS
10
109.9749999999999943
20
-132.2750000000000057
11
109.6749999999999972
21
-132.5749999999999886
0
LINE
8
BLACK
6
CONTINUOUS
10
112.963719999999995
20
-131.3398379999999861
11
113.1541969999999964
21
-131.3398379999999861
0
LINE
8
BLACK
6
CONTINUOUS
10
113.1541969999999964
20
-131.3398379999999861
11
113.3446730000000002
21
-131.4350759999999809
0
LINE
8
BLACK
6
CONTINUOUS
10
113.3446730000000002
20
-131.4350759999999809
11
113.4399109999999951
21
-131.5303140000000042
0
LINE
8
BLACK
6
CONTINUOUS
10
113.4399109999999951
20
-131.5303140000000042
11
113.5351489999999899
21
-131.7207899999999938
0
LINE
8
BLACK
6
CONTINUOUS
10
113.5351489999999899
20
-131.7207899999999938
11
113.6303869999999989
21
-132.1017420000000016
0
LINE
8
BLACK
6
CONTINUOUS
10
113.6303869999999989
20
-132.1017420000000016
11
113.6303869999999989
21
-132.5779330000000016
0
LINE
8
BLACK
6
CONTINUOUS
10
113.6303869999999989
20
-132.5779330000000016
11
113.5351489999999899
21
-132.9588849999999809
0
LINE
8
BLACK
6
CONTINUOUS
10
113.5351489999999899
20
-132.9588849999999809
11
113.4399109999999951
21
-133.149360999999999
0
LINE
8
BLACK
6
CONTINUOUS
10
113.4399109999999951
20
-133.149360999999999
11
113.3446730000000002
21
-133.2445999999999913
0
LINE
8
BLACK
6
CONTINUOUS
10
113.3446730000000002
20
-133.2445999999999913
11
113.1541969999999964
21
-133.3398379999999861
0
LINE
8
BLACK
6
CONTINUOUS
10
113.1541969999999964
20
-133.3398379999999861
11
112.963719999999995
21
-133.3398379999999861
0
LINE
8
BLACK
6
CONTINUOUS
10
112.963719999999995
20
-133.3398379999999861
11
112.7732439999999912
21
-133.2445999999999913
0
LINE
8
BLACK
6
CONTINUOUS
10
112.7732439999999912
20
-133.2445999999999913
11
112.6780059999999963
21
-133.149360999999999
0
LINE
8
BLACK
6
CONTINUOUS
10
112.6780059999999963
20
-133.149360999999999
11
112.5827680000000015
21
-132.9588849999999809
0
LINE
8
BLACK
6
CONTINUOUS
10
112.5827680000000015
20
-132.9588849999999809
11
112.4875299999999925
21
-132.5779330000000016
0
LINE
8
BLACK
6
CONTINUOUS
10
112.4875299999999925
20
-132.5779330000000016
11
112.4875299999999925
21
-132.1017420000000016
0
LINE
8
BLACK
6
CONTINUOUS
10
112.4875299999999925
20
-132.1017420000000016
11
112.5827680000000015
21
-131.7207899999999938
0
LINE
8
BLACK
6
CONTINUOUS
10
112.5827680000000015
20
-131.7207899999999938
11
112.6780059999999963
21
-131.5303140000000042
0
LINE
8
BLACK
6
CONTINUOUS
10
112.6780059999999963
20
-131.5303140000000042
11
112.7732439999999912
21
-131.4350759999999809
0
LINE
8
BLACK
6
CONTINUOUS
10
112.7732439999999912
20
-131.4350759999999809
11
112.963719999999995
21
-131.3398379999999861
0
LINE
8
BLACK
6
CONTINUOUS
10
114.4875299999999925
20
-133.149360999999999
11
114.5827680000000015
21
-133.2445999999999913
0
LINE
8
BLACK
6
CONTINUOUS
10
114.5827680000000015
20
-133.2445999999999913
11
114.4875299999999925
21
-133.3398379999999861
0
LINE
8
BLACK
6
CONTINUOUS
10
114.4875299999999925
20
-133.3398379999999861
11
114.3922919999999976
21
-133.2445999999999913
0
LINE
8
BLACK
6
CONTINUOUS
10
114.3922919999999976
20
-133.2445999999999913
11
114.4875299999999925
21
-133.149360999999999
0
LINE
8
BLACK
6
CONTINUOUS
10
114.4875299999999925
20
-133.149360999999999
11
114.4875299999999925
21
-133.3398379999999861
0
LINE
8
BLACK
6
CONTINUOUS
10
115.2494349999999912
20
-131.3398379999999861
11
116.4875299999999925
21
-131.3398379999999861
0
LINE
8
BLACK
6
CONTINUOUS
10
116.4875299999999925
20
-131.3398379999999861
11
115.8208629999999886
21
-132.1017420000000016
0
LINE
8
BLACK
6
CONTINUOUS
10
115.8208629999999886
20
-132.1017420000000016
11
116.106577999999999
21
-132.1017420000000016
0
LINE
8
BLACK
6
CONTINUOUS
10
116.106577999999999
20
-132.1017420000000016
11
116.2970539999999886
21
-132.1969799999999964
0
LINE
8
BLACK
6
CONTINUOUS
10
116.2970539999999886
20
-132.1969799999999964
11
116.3922919999999976
21
-132.2922189999999887
0
LINE
8
BLACK
6
CONTINUOUS
10
116.3922919999999976
20
-132.2922189999999887
11
116.4875299999999925
21
-132.4826950000000068
0
LINE
8
BLACK
6
CONTINUOUS
10
116.4875299999999925
20
-132.4826950000000068
11
116.4875299999999925
21
-132.9588849999999809
0
LINE
8
BLACK
6
CONTINUOUS
10
116.4875299999999925
20
-132.9588849999999809
11
116.3922919999999976
21
-133.149360999999999
0
LINE
8
BLACK
6
CONTINUOUS
10
116.3922919999999976
20
-133.149360999999999
11
116.2970539999999886
21
-133.2445999999999913
0
LINE
8
BLACK
6
CONTINUOUS
10
116.2970539999999886
20
-133.2445999999999913
11
116.106577999999999
21
-133.3398379999999861
0
LINE
8
BLACK
6
CONTINUOUS
10
116.106577999999999
20
-133.3398379999999861
11
115.5351489999999899
21
-133.3398379999999861
0
LINE
8
BLACK
6
CONTINUOUS
10
115.5351489999999899
20
-133.3398379999999861
11
115.3446730000000002
21
-133.2445999999999913
0
LINE
8
BLACK
6
CONTINUOUS
10
115.3446730000000002
20
-133.2445999999999913
11
115.2494349999999912
21
-133.149360999999999
0
LINE
8
BLACK
6
CONTINUOUS
10
117.7256249999999937
20
-131.3398379999999861
11
117.9161019999999951
21
-131.3398379999999861
0
LINE
8
BLACK
6
CONTINUOUS
10
117.9161019999999951
20
-131.3398379999999861
11
118.106577999999999
21
-131.4350759999999809
0
LINE
8
BLACK
6
CONTINUOUS
10
118.106577999999999
20
-131.4350759999999809
11
118.2018159999999938
21
-131.5303140000000042
0
LINE
8
BLACK
6
CONTINUOUS
10
118.2018159999999938
20
-131.5303140000000042
11
118.2970539999999886
21
-131.7207899999999938
0
LINE
8
BLACK
6
CONTINUOUS
10
118.2970539999999886
20
-131.7207899999999938
11
118.3922919999999976
21
-132.1017420000000016
0
LINE
8
BLACK
6
CONTINUOUS
10
118.3922919999999976
20
-132.1017420000000016
11
118.3922919999999976
21
-132.5779330000000016
0
LINE
8
BLACK
6
CONTINUOUS
10
118.3922919999999976
20
-132.5779330000000016
11
118.2970539999999886
21
-132.9588849999999809
0
LINE
8
BLACK
6
CONTINUOUS
10
118.2970539999999886
20
-132.9588849999999809
11
118.2018159999999938
21
-133.149360999999999
0
LINE
8
BLACK
6
CONTINUOUS
10
118.2018159999999938
20
-133.149360999999999
11
118.106577999999999
21
-133.2445999999999913
0
LINE
8
BLACK
6
CONTINUOUS
10
118.106577999999999
20
-133.2445999999999913
11
117.9161019999999951
21
-133.3398379999999861
0
LINE
8
BLACK
6
CONTINUOUS
10
117.9161019999999951
20
-133.3398379999999861
11
117.7256249999999937
21
-133.3398379999999861
0
LINE
8
BLACK
6
CONTINUOUS
10
117.7256249999999937
20
-133.3398379999999861
11
117.5351489999999899
21
-133.2445999999999913
0
LINE
8
BLACK
6
CONTINUOUS
10
117.5351489999999899
20
-133.2445999999999913
11
117.4399109999999951
21
-133.149360999999999
0
LINE
8
BLACK
6
CONTINUOUS
10
117.4399109999999951
20
-133.149360999999999
11
117.3446730000000002
21
-132.9588849999999809
0
LINE
8
BLACK
6
CONTINUOUS
10
117.3446730000000002
20
-132.9588849999999809
11
117.2494349999999912
21
-132.5779330000000016
0
LINE
8
BLACK
6
CONTINUOUS
10
117.2494349999999912
20
-132.5779330000000016
11
117.2494349999999912
21
-132.1017420000000016
0
LINE
8
BLACK
6
CONTINUOUS
10
117.2494349999999912
20
-132.1017420000000016
11
117.3446730000000002
21
-131.7207899999999938
0
LINE
8
BLACK
6
CONTINUOUS
10
117.3446730000000002
20
-131.7207899999999938
11
117.4399109999999951
21
-131.5303140000000042
0
LINE
8
BLACK
6
CONTINUOUS
10
117.4399109999999951
20
-131.5303140000000042
11
117.5351489999999899
21
-131.4350759999999809
0
LINE
8
BLACK
6
CONTINUOUS
10
117.5351489999999899
20
-131.4350759999999809
11
117.7256249999999937
21
-131.3398379999999861
0
LINE
8
BLACK
6
CONTINUOUS
10
119.6303869999999989
20
-131.3398379999999861
11
119.8208640000000003
21
-131.3398379999999861
0
LINE
8
BLACK
6
CONTINUOUS
10
119.8208640000000003
20
-131.3398379999999861
11
120.0113399999999899
21
-131.4350759999999809
0
LINE
8
BLACK
6
CONTINUOUS
10
120.0113399999999899
20
-131.4350759999999809
11
120.106577999999999
21
-131.5303140000000042
0
LINE
8
BLACK
6
CONTINUOUS
10
120.106577999999999
20
-131.5303140000000042
11
120.2018159999999938
21
-131.7207899999999938
0
LINE
8
BLACK
6
CONTINUOUS
10
120.2018159999999938
20
-131.7207899999999938
11
120.2970539999999886
21
-132.1017420000000016
0
LINE
8
BLACK
6
CONTINUOUS
10
120.2970539999999886
20
-132.1017420000000016
11
120.2970539999999886
21
-132.5779330000000016
0
LINE
8
BLACK
6
CONTINUOUS
10
120.2970539999999886
20
-132.5779330000000016
11
120.2018159999999938
21
-132.9588849999999809
0
LINE
8
BLACK
6
CONTINUOUS
10
120.2018159999999938
20
-132.9588849999999809
11
120.106577999999999
21
-133.149360999999999
0
LINE
8
BLACK
6
CONTINUOUS
10
120.106577999999999
20
-133.149360999999999
11
120.0113399999999899
21
-133.2445999999999913
0
LINE
8
BLACK
6
CONTINUOUS
10
120.0113399999999899
20
-133.2445999999999913
11
119.8208640000000003
21
-133.3398379999999861
0
LINE
8
BLACK
6
CONTINUOUS
10
119.8208640000000003
20
-133.3398379999999861
11
119.6303869999999989
21
-133.3398379999999861
0
LINE
8
BLACK
6
CONTINUOUS
10
119.6303869999999989
20
-133.3398379999999861
11
119.4399109999999951
21
-133.2445999999999913
0
LINE
8
BLACK
6
CONTINUOUS
10
119.4399109999999951
20
-133.2445999999999913
11
119.3446730000000002
21
-133.149360999999999
0
LINE
8
BLACK
6
CONTINUOUS
10
119.3446730000000002
20
-133.149360999999999
11
119.2494349999999912
21
-132.9588849999999809
0
LINE
8
BLACK
6
CONTINUOUS
10
119.2494349999999912
20
-132.9588849999999809
11
119.1541969999999964
21
-132.5779330000000016
0
LINE
8
BLACK
6
CONTINUOUS
10
119.1541969999999964
20
-132.5779330000000016
11
119.1541969999999964
21
-132.1017420000000016
0
LINE
8
BLACK
6
CONTINUOUS
10
119.1541969999999964
20
-132.1017420000000016
11
119.2494349999999912
21
-131.7207899999999938
0
LINE
8
BLACK
6
CONTINUOUS
10
119.2494349999999912
20
-131.7207899999999938
11
119.3446730000000002
21
-131.5303140000000042
0
LINE
8
BLACK
6
CONTINUOUS
10
119.3446730000000002
20
-131.5303140000000042
11
119.4399109999999951
21
-131.4350759999999809
0
LINE
8
BLACK
6
CONTINUOUS
10
119.4399109999999951
20
-131.4350759999999809
11
119.6303869999999989
21
-131.3398379999999861
0
LINE
8
BLACK
6
CONTINUOUS
10
121.1541969999999964
20
-133.3398379999999861
11
121.1541969999999964
21
-132.0065040000000067
0
LINE
8
BLACK
6
CONTINUOUS
10
121.1541969999999964
20
-132.1969799999999964
11
121.2494349999999912
21
-132.1017420000000016
0
LINE
8
BLACK
6
CONTINUOUS
10
121.2494349999999912
20
-132.1017420000000016
11
121.4399109999999951
21
-132.0065040000000067
0
LINE
8
BLACK
6
CONTINUOUS
10
121.4399109999999951
20
-132.0065040000000067
11
121.7256259999999912
21
-132.0065040000000067
0
LINE
8
BLACK
6
CONTINUOUS
10
121.7256259999999912
20
-132.0065040000000067
11
121.9161019999999951
21
-132.1017420000000016
0
LINE
8
BLACK
6
CONTINUOUS
10
121.9161019999999951
20
-132.1017420000000016
11
122.0113399999999899
21
-132.2922189999999887
0
LINE
8
BLACK
6
CONTINUOUS
10
122.0113399999999899
20
-132.2922189999999887
11
122.0113399999999899
21
-133.3398379999999861
0
LINE
8
BLACK
6
CONTINUOUS
10
122.0113399999999899
20
-132.2922189999999887
11
122.106577999999999
21
-132.1017420000000016
0
LINE
8
BLACK
6
CONTINUOUS
10
122.106577999999999
20
-132.1017420000000016
11
122.2970539999999886
21
-132.0065040000000067
0
LINE
8
BLACK
6
CONTINUOUS
10
122.2970539999999886
20
-132.0065040000000067
11
122.5827680000000015
21
-132.0065040000000067
0
LINE
8
BLACK
6
CONTINUOUS
10
122.5827680000000015
20
-132.0065040000000067
11
122.7732449999999886
21
-132.1017420000000016
0
LINE
8
BLACK
6
CONTINUOUS
10
122.7732449999999886
20
-132.1017420000000016
11
122.8684829999999977
21
-132.2922189999999887
0
LINE
8
BLACK
6
CONTINUOUS
10
122.8684829999999977
20
-132.2922189999999887
11
122.8684829999999977
21
-133.3398379999999861
0
LINE
8
BLACK
6
CONTINUOUS
10
123.8208640000000003
20
-133.3398379999999861
11
123.8208640000000003
21
-132.0065040000000067
0
LINE
8
BLACK
6
CONTINUOUS
10
123.8208640000000003
20
-132.1969799999999964
11
123.9161019999999951
21
-132.1017420000000016
0
LINE
8
BLACK
6
CONTINUOUS
10
123.9161019999999951
20
-132.1017420000000016
11
124.106577999999999
21
-132.0065040000000067
0
LINE
8
BLACK
6
CONTINUOUS
10
124.106577999999999
20
-132.0065040000000067
11
124.3922929999999951
21
-132.0065040000000067
0
LINE
8
BLACK
6
CONTINUOUS
10
124.3922929999999951
20
-132.0065040000000067
11
124.582768999999999
21
-132.1017420000000016
0
LINE
8
BLACK
6
CONTINUOUS
10
124.582768999999999
20
-132.1017420000000016
11
124.6780069999999938
21
-132.2922189999999887
0
LINE
8
BLACK
6
CONTINUOUS
10
124.6780069999999938
20
-132.2922189999999887
11
124.6780069999999938
21
-133.3398379999999861
0
LINE
8
BLACK
6
CONTINUOUS
10
124.6780069999999938
20
-132.2922189999999887
11
124.7732449999999886
21
-132.1017420000000016
0
LINE
8
BLACK
6
CONTINUOUS
10
124.7732449999999886
20
-132.1017420000000016
11
124.9637209999999925
21
-132.0065040000000067
0
LINE
8
BLACK
6
CONTINUOUS
10
124.9637209999999925
20
-132.0065040000000067
11
125.2494349999999912
21
-132.0065040000000067
0
LINE
8
BLACK
6
CONTINUOUS
10
125.2494349999999912
20
-132.0065040000000067
11
125.4399119999999925
21
-132.1017420000000016
0
LINE
8
BLACK
6
CONTINUOUS
10
125.4399119999999925
20
-132.1017420000000016
11
125.5351499999999874
21
-132.2922189999999887
0
LINE
8
BLACK
6
CONTINUOUS
10
125.5351499999999874
20
-132.2922189999999887
11
125.5351499999999874
21
-133.3398379999999861
0
LINE
8
BLACK
6
CONTINUOUS
10
129.4399119999999925
20
-131.2445999999999913
11
127.7256269999999887
21
-133.8160279999999887
0
LINE
8
BLACK
6
CONTINUOUS
10
132.0113409999999874
20
-131.3398379999999861
11
132.2018180000000029
21
-131.3398379999999861
0
LINE
8
BLACK
6
CONTINUOUS
10
132.2018180000000029
20
-131.3398379999999861
11
132.3922939999999926
21
-131.4350759999999809
0
LINE
8
BLACK
6
CONTINUOUS
10
132.3922939999999926
20
-131.4350759999999809
11
132.4875319999999874
21
-131.5303140000000042
0
LINE
8
BLACK
6
CONTINUOUS
10
132.4875319999999874
20
-131.5303140000000042
11
132.5827699999999822
21
-131.7207899999999938
0
LINE
8
BLACK
6
CONTINUOUS
10
132.5827699999999822
20
-131.7207899999999938
11
132.6780080000000055
21
-132.1017420000000016
0
LINE
8
BLACK
6
CONTINUOUS
10
132.6780080000000055
20
-132.1017420000000016
11
132.6780080000000055
21
-132.5779330000000016
0
LINE
8
BLACK
6
CONTINUOUS
10
132.6780080000000055
20
-132.5779330000000016
11
132.5827699999999822
21
-132.9588849999999809
0
LINE
8
BLACK
6
CONTINUOUS
10
132.5827699999999822
20
-132.9588849999999809
11
132.4875319999999874
21
-133.149360999999999
0
LINE
8
BLACK
6
CONTINUOUS
10
132.4875319999999874
20
-133.149360999999999
11
132.3922939999999926
21
-133.2445999999999913
0
LINE
8
BLACK
6
CONTINUOUS
10
132.3922939999999926
20
-133.2445999999999913
11
132.2018180000000029
21
-133.3398379999999861
0
LINE
8
BLACK
6
CONTINUOUS
10
132.2018180000000029
20
-133.3398379999999861
11
132.0113409999999874
21
-133.3398379999999861
0
LINE
8
BLACK
6
CONTINUOUS
10
132.0113409999999874
20
-133.3398379999999861
11
131.8208649999999977
21
-133.2445999999999913
0
LINE
8
BLACK
6
CONTINUOUS
10
131.8208649999999977
20
-133.2445999999999913
11
131.7256270000000029
21
-133.149360999999999
0
LINE
8
BLACK
6
CONTINUOUS
10
131.7256270000000029
20
-133.149360999999999
11
131.6303890000000081
21
-132.9588849999999809
0
LINE
8
BLACK
6
CONTINUOUS
10
131.6303890000000081
20
-132.9588849999999809
11
131.5351509999999848
21
-132.5779330000000016
0
LINE
8
BLACK
6
CONTINUOUS
10
131.5351509999999848
20
-132.5779330000000016
11
131.5351509999999848
21
-132.1017420000000016
0
LINE
8
BLACK
6
CONTINUOUS
10
131.5351509999999848
20
-132.1017420000000016
11
131.6303890000000081
21
-131.7207899999999938
0
LINE
8
BLACK
6
CONTINUOUS
10
131.6303890000000081
20
-131.7207899999999938
11
131.7256270000000029
21
-131.5303140000000042
0
LINE
8
BLACK
6
CONTINUOUS
10
131.7256270000000029
20
-131.5303140000000042
11
131.8208649999999977
21
-131.4350759999999809
0
LINE
8
BLACK
6
CONTINUOUS
10
131.8208649999999977
20
-131.4350759999999809
11
132.0113409999999874
21
-131.3398379999999861
0
LINE
8
BLACK
6
CONTINUOUS
10
133.5351509999999848
20
-133.149360999999999
11
133.6303890000000081
21
-133.2445999999999913
0
LINE
8
BLACK
6
CONTINUOUS
10
133.6303890000000081
20
-133.2445999999999913
11
133.5351509999999848
21
-133.3398379999999861
0
LINE
8
BLACK
6
CONTINUOUS
10
133.5351509999999848
20
-133.3398379999999861
11
133.43991299999999
21
-133.2445999999999913
0
LINE
8
BLACK
6
CONTINUOUS
10
133.43991299999999
20
-133.2445999999999913
11
133.5351509999999848
21
-133.149360999999999
0
LINE
8
BLACK
6
CONTINUOUS
10
133.5351509999999848
20
-133.149360999999999
11
133.5351509999999848
21
-133.3398379999999861
0
LINE
8
BLACK
6
CONTINUOUS
10
134.8684839999999951
20
-131.3398379999999861
11
135.0589609999999823
21
-131.3398379999999861
0
LINE
8
BLACK
6
CONTINUOUS
10
135.0589609999999823
20
-131.3398379999999861
11
135.2494370000000004
21
-131.4350759999999809
0
LINE
8
BLACK
6
CONTINUOUS
10
135.2494370000000004
20
-131.4350759999999809
11
135.3446749999999952
21
-131.5303140000000042
0
LINE
8
BLACK
6
CONTINUOUS
10
135.3446749999999952
20
-131.5303140000000042
11
135.43991299999999
21
-131.7207899999999938
0
LINE
8
BLACK
6
CONTINUOUS
10
135.43991299999999
20
-131.7207899999999938
11
135.5351509999999848
21
-132.1017420000000016
0
LINE
8
BLACK
6
CONTINUOUS
10
135.5351509999999848
20
-132.1017420000000016
11
135.5351509999999848
21
-132.5779330000000016
0
LINE
8
BLACK
6
CONTINUOUS
10
135.5351509999999848
20
-132.5779330000000016
11
135.43991299999999
21
-132.9588849999999809
0
LINE
8
BLACK
6
CONTINUOUS
10
135.43991299999999
20
-132.9588849999999809
11
135.3446749999999952
21
-133.149360999999999
0
LINE
8
BLACK
6
CONTINUOUS
10
135.3446749999999952
20
-133.149360999999999
11
135.2494370000000004
21
-133.2445999999999913
0
LINE
8
BLACK
6
CONTINUOUS
10
135.2494370000000004
20
-133.2445999999999913
11
135.0589609999999823
21
-133.3398379999999861
0
LINE
8
BLACK
6
CONTINUOUS
10
135.0589609999999823
20
-133.3398379999999861
11
134.8684839999999951
21
-133.3398379999999861
0
LINE
8
BLACK
6
CONTINUOUS
10
134.8684839999999951
20
-133.3398379999999861
11
134.6780080000000055
21
-133.2445999999999913
0
LINE
8
BLACK
6
CONTINUOUS
10
134.6780080000000055
20
-133.2445999999999913
11
134.5827699999999822
21
-133.149360999999999
0
LINE
8
BLACK
6
CONTINUOUS
10
134.5827699999999822
20
-133.149360999999999
11
134.4875319999999874
21
-132.9588849999999809
0
LINE
8
BLACK
6
CONTINUOUS
10
134.4875319999999874
20
-132.9588849999999809
11
134.3922939999999926
21
-132.5779330000000016
0
LINE
8
BLACK
6
CONTINUOUS
10
134.3922939999999926
20
-132.5779330000000016
11
134.3922939999999926
21
-132.1017420000000016
0
LINE
8
BLACK
6
CONTINUOUS
10
134.3922939999999926
20
-132.1017420000000016
11
134.4875319999999874
21
-131.7207899999999938
0
LINE
8
BLACK
6
CONTINUOUS
10
134.4875319999999874
20
-131.7207899999999938
11
134.5827699999999822
21
-131.5303140000000042
0
LINE
8
BLACK
6
CONTINUOUS
10
134.5827699999999822
20
-131.5303140000000042
11
134.6780080000000055
21
-131.4350759999999809
0
LINE
8
BLACK
6
CONTINUOUS
10
134.6780080000000055
20
-131.4350759999999809
11
134.8684839999999951
21
-131.3398379999999861
0
LINE
8
BLACK
6
CONTINUOUS
10
137.43991299999999
20
-133.3398379999999861
11
136.2970559999999978
21
-133.3398379999999861
0
LINE
8
BLACK
6
CONTINUOUS
10
136.8684839999999951
20
-133.3398379999999861
11
136.8684839999999951
21
-131.3398379999999861
0
LINE
8
BLACK
6
CONTINUOUS
10
136.8684839999999951
20
-131.3398379999999861
11
136.6780080000000055
21
-131.625551999999999
0
LINE
8
BLACK
6
CONTINUOUS
10
136.6780080000000055
20
-131.625551999999999
11
136.4875319999999874
21
-131.8160279999999887
0
LINE
8
BLACK
6
CONTINUOUS
10
136.4875319999999874
20
-131.8160279999999887
11
136.2970559999999978
21
-131.9112659999999835
0
LINE
8
BLACK
6
CONTINUOUS
10
139.3446749999999952
20
-133.3398379999999861
11
138.2018180000000029
21
-133.3398379999999861
0
LINE
8
BLACK
6
CONTINUOUS
10
138.7732460000000003
20
-133.3398379999999861
11
138.7732460000000003
21
-131.3398379999999861
0
LINE
8
BLACK
6
CONTINUOUS
10
138.7732460000000003
20
-131.3398379999999861
11
138.5827699999999822
21
-131.625551999999999
0
LINE
8
BLACK
6
CONTINUOUS
10
138.5827699999999822
20
-131.625551999999999
11
138.3922939999999926
21
-131.8160279999999887
0
LINE
8
BLACK
6
CONTINUOUS
10
138.3922939999999926
20
-131.8160279999999887
11
138.2018180000000029
21
-131.9112659999999835
0
LINE
8
BLACK
6
CONTINUOUS
10
140.4875319999999874
20
-132.1969799999999964
11
140.2970559999999978
21
-132.1017420000000016
0
LINE
8
BLACK
6
CONTINUOUS
10
140.2970559999999978
20
-132.1017420000000016
11
140.2018180000000029
21
-132.0065040000000067
0
LINE
8
BLACK
6
CONTINUOUS
10
140.2018180000000029
20
-132.0065040000000067
11
140.1065799999999797
21
-131.8160279999999887
0
LINE
8
BLACK
6
CONTINUOUS
10
140.1065799999999797
20
-131.8160279999999887
11
140.1065799999999797
21
-131.7207899999999938
0
LINE
8
BLACK
6
CONTINUOUS
10
140.1065799999999797
20
-131.7207899999999938
11
140.2018180000000029
21
-131.5303140000000042
0
LINE
8
BLACK
6
CONTINUOUS
10
140.2018180000000029
20
-131.5303140000000042
11
140.2970559999999978
21
-131.4350759999999809
0
LINE
8
BLACK
6
CONTINUOUS
10
140.2970559999999978
20
-131.4350759999999809
11
140.4875319999999874
21
-131.3398379999999861
0
LINE
8
BLACK
6
CONTINUOUS
10
140.4875319999999874
20
-131.3398379999999861
11
140.8684849999999926
21
-131.3398379999999861
0
LINE
8
BLACK
6
CONTINUOUS
10
140.8684849999999926
20
-131.3398379999999861
11
141.0589609999999823
21
-131.4350759999999809
0
LINE
8
BLACK
6
CONTINUOUS
10
141.0589609999999823
20
-131.4350759999999809
11
141.1541990000000055
21
-131.5303140000000042
0
LINE
8
BLACK
6
CONTINUOUS
10
141.1541990000000055
20
-131.5303140000000042
11
141.2494370000000004
21
-131.7207899999999938
0
LINE
8
BLACK
6
CONTINUOUS
10
141.2494370000000004
20
-131.7207899999999938
11
141.2494370000000004
21
-131.8160279999999887
0
LINE
8
BLACK
6
CONTINUOUS
10
141.2494370000000004
20
-131.8160279999999887
11
141.1541990000000055
21
-132.0065040000000067
0
LINE
8
BLACK
6
CONTINUOUS
10
141.1541990000000055
20
-132.0065040000000067
11
141.0589609999999823
21
-132.1017420000000016
0
LINE
8
BLACK
6
CONTINUOUS
10
141.0589609999999823
20
-132.1017420000000016
11
140.8684849999999926
21
-132.1969799999999964
0
LINE
8
BLACK
6
CONTINUOUS
10
140.8684849999999926
20
-132.1969799999999964
11
140.4875319999999874
21
-132.1969799999999964
0
LINE
8
BLACK
6
CONTINUOUS
10
140.4875319999999874
20
-132.1969799999999964
11
140.2970559999999978
21
-132.2922189999999887
0
LINE
8
BLACK
6
CONTINUOUS
10
140.2970559999999978
20
-132.2922189999999887
11
140.2018180000000029
21
-132.3874569999999835
0
LINE
8
BLACK
6
CONTINUOUS
10
140.2018180000000029
20
-132.3874569999999835
11
140.1065799999999797
21
-132.5779330000000016
0
LINE
8
BLACK
6
CONTINUOUS
10
140.1065799999999797
20
-132.5779330000000016
11
140.1065799999999797
21
-132.9588849999999809
0
LINE
8
BLACK
6
CONTINUOUS
10
140.1065799999999797
20
-132.9588849999999809
11
140.2018180000000029
21
-133.149360999999999
0
LINE
8
BLACK
6
CONTINUOUS
10
140.2018180000000029
20
-133.149360999999999
11
140.2970559999999978
21
-133.2445999999999913
0
LINE
8
BLACK
6
CONTINUOUS
10
140.2970559999999978
20
-133.2445999999999913
11
140.4875319999999874
21
-133.3398379999999861
0
LINE
8
BLACK
6
CONTINUOUS
10
140.4875319999999874
20
-133.3398379999999861
11
140.8684849999999926
21
-133.3398379999999861
0
LINE
8
BLACK
6
CONTINUOUS
10
140.8684849999999926
20
-133.3398379999999861
11
141.0589609999999823
21
-133.2445999999999913
0
LINE
8
BLACK
6
CONTINUOUS
10
141.0589609999999823
20
-133.2445999999999913
11
141.1541990000000055
21
-133.149360999999999
0
LINE
8
BLACK
6
CONTINUOUS
10
141.1541990000000055
20
-133.149360999999999
11
141.2494370000000004
21
-132.9588849999999809
0
LINE
8
BLACK
6
CONTINUOUS
10
141.2494370000000004
20
-132.9588849999999809
11
141.2494370000000004
21
-132.5779330000000016
0
LINE
8
BLACK
6
CONTINUOUS
10
141.2494370000000004
20
-132.5779330000000016
11
141.1541990000000055
21
-132.3874569999999835
0
LINE
8
BLACK
6
CONTINUOUS
10
141.1541990000000055
20
-132.3874569999999835
11
141.0589609999999823
21
-132.2922189999999887
0
LINE
8
BLACK
6
CONTINUOUS
10
141.0589609999999823
20
-132.2922189999999887
11
140.8684849999999926
21
-132.1969799999999964
0
LINE
8
BLACK
6
CONTINUOUS
10
142.0113419999999849
20
-131.3398379999999861
11
142.0113419999999849
21
-131.7207899999999938
0
LINE
8
BLACK
6
CONTINUOUS
10
142.7732469999999978
20
-131.3398379999999861
11
142.7732469999999978
21
-131.7207899999999938
0
LINE
8
BLACK
6
CONTINUOUS
10
145.7256289999999979
20
-134.1017420000000016
11
145.6303900000000056
21
-134.0065040000000067
0
LINE
8
BLACK
6
CONTINUOUS
10
145.6303900000000056
20
-134.0065040000000067
11
145.4399139999999875
21
-133.7207899999999938
0
LINE
8
BLACK
6
CONTINUOUS
10
145.4399139999999875
20
-133.7207899999999938
11
145.3446759999999927
21
-133.5303140000000042
0
LINE
8
BLACK
6
CONTINUOUS
10
145.3446759999999927
20
-133.5303140000000042
11
145.2494379999999978
21
-133.2445999999999913
0
LINE
8
BLACK
6
CONTINUOUS
10
145.2494379999999978
20
-133.2445999999999913
11
145.154200000000003
21
-132.7684089999999912
0
LINE
8
BLACK
6
CONTINUOUS
10
145.154200000000003
20
-132.7684089999999912
11
145.154200000000003
21
-132.3874569999999835
0
LINE
8
BLACK
6
CONTINUOUS
10
145.154200000000003
20
-132.3874569999999835
11
145.2494379999999978
21
-131.9112659999999835
0
LINE
8
BLACK
6
CONTINUOUS
10
145.2494379999999978
20
-131.9112659999999835
11
145.3446759999999927
21
-131.625551999999999
0
LINE
8
BLACK
6
CONTINUOUS
10
145.3446759999999927
20
-131.625551999999999
11
145.4399139999999875
21
-131.4350759999999809
0
LINE
8
BLACK
6
CONTINUOUS
10
145.4399139999999875
20
-131.4350759999999809
11
145.6303900000000056
21
-131.149360999999999
0
LINE
8
BLACK
6
CONTINUOUS
10
145.6303900000000056
20
-131.149360999999999
11
145.7256289999999979
21
-131.0541230000000041
0
LINE
8
BLACK
6
CONTINUOUS
10
147.5351519999999823
20
-133.3398379999999861
11
146.3922949999999901
21
-133.3398379999999861
0
LINE
8
BLACK
6
CONTINUOUS
10
146.9637229999999875
20
-133.3398379999999861
11
146.9637229999999875
21
-131.3398379999999861
0
LINE
8
BLACK
6
CONTINUOUS
10
146.9637229999999875
20
-131.3398379999999861
11
146.7732469999999978
21
-131.625551999999999
0
LINE
8
BLACK
6
CONTINUOUS
10
146.7732469999999978
20
-131.625551999999999
11
146.5827709999999797
21
-131.8160279999999887
0
LINE
8
BLACK
6
CONTINUOUS
10
146.5827709999999797
20
-131.8160279999999887
11
146.3922949999999901
21
-131.9112659999999835
0
LINE
8
BLACK
6
CONTINUOUS
10
148.4875329999999849
20
-133.3398379999999861
11
148.8684849999999926
21
-133.3398379999999861
0
LINE
8
BLACK
6
CONTINUOUS
10
148.8684849999999926
20
-133.3398379999999861
11
149.0589619999999798
21
-133.2445999999999913
0
LINE
8
BLACK
6
CONTINUOUS
10
149.0589619999999798
20
-133.2445999999999913
11
149.154200000000003
21
-133.149360999999999
0
LINE
8
BLACK
6
CONTINUOUS
10
149.154200000000003
20
-133.149360999999999
11
149.3446759999999927
21
-132.8636469999999861
0
LINE
8
BLACK
6
CONTINUOUS
10
149.3446759999999927
20
-132.8636469999999861
11
149.4399139999999875
21
-132.4826950000000068
0
LINE
8
BLACK
6
CONTINUOUS
10
149.4399139999999875
20
-132.4826950000000068
11
149.4399139999999875
21
-131.7207899999999938
0
LINE
8
BLACK
6
CONTINUOUS
10
149.4399139999999875
20
-131.7207899999999938
11
149.3446759999999927
21
-131.5303140000000042
0
LINE
8
BLACK
6
CONTINUOUS
10
149.3446759999999927
20
-131.5303140000000042
11
149.2494379999999978
21
-131.4350759999999809
0
LINE
8
BLACK
6
CONTINUOUS
10
149.2494379999999978
20
-131.4350759999999809
11
149.0589619999999798
21
-131.3398379999999861
0
LINE
8
BLACK
6
CONTINUOUS
10
149.0589619999999798
20
-131.3398379999999861
11
148.678009000000003
21
-131.3398379999999861
0
LINE
8
BLACK
6
CONTINUOUS
10
148.678009000000003
20
-131.3398379999999861
11
148.4875329999999849
21
-131.4350759999999809
0
LINE
8
BLACK
6
CONTINUOUS
10
148.4875329999999849
20
-131.4350759999999809
11
148.3922949999999901
21
-131.5303140000000042
0
LINE
8
BLACK
6
CONTINUOUS
10
148.3922949999999901
20
-131.5303140000000042
11
148.2970569999999952
21
-131.7207899999999938
0
LINE
8
BLACK
6
CONTINUOUS
10
148.2970569999999952
20
-131.7207899999999938
11
148.2970569999999952
21
-132.1969799999999964
0
LINE
8
BLACK
6
CONTINUOUS
10
148.2970569999999952
20
-132.1969799999999964
11
148.3922949999999901
21
-132.3874569999999835
0
LINE
8
BLACK
6
CONTINUOUS
10
148.3922949999999901
20
-132.3874569999999835
11
148.4875329999999849
21
-132.4826950000000068
0
LINE
8
BLACK
6
CONTINUOUS
10
148.4875329999999849
20
-132.4826950000000068
11
148.678009000000003
21
-132.5779330000000016
0
LINE
8
BLACK
6
CONTINUOUS
10
148.678009000000003
20
-132.5779330000000016
11
149.0589619999999798
21
-132.5779330000000016
0
LINE
8
BLACK
6
CONTINUOUS
10
149.0589619999999798
20
-132.5779330000000016
11
149.2494379999999978
21
-132.4826950000000068
0
LINE
8
BLACK
6
CONTINUOUS
10
149.2494379999999978
20
-132.4826950000000068
11
149.3446759999999927
21
-132.3874569999999835
0
LINE
8
BLACK
6
CONTINUOUS
10
149.3446759999999927
20
-132.3874569999999835
11
149.4399139999999875
21
-132.1969799999999964
0
LINE
8
BLACK
6
CONTINUOUS
10
150.678009000000003
20
-131.3398379999999861
11
150.8684859999999901
21
-131.3398379999999861
0
LINE
8
BLACK
6
CONTINUOUS
10
150.8684859999999901
20
-131.3398379999999861
11
151.0589619999999798
21
-131.4350759999999809
0
LINE
8
BLACK
6
CONTINUOUS
10
151.0589619999999798
20
-131.4350759999999809
11
151.154200000000003
21
-131.5303140000000042
0
LINE
8
BLACK
6
CONTINUOUS
10
151.154200000000003
20
-131.5303140000000042
11
151.2494379999999978
21
-131.7207899999999938
0
LINE
8
BLACK
6
CONTINUOUS
10
151.2494379999999978
20
-131.7207899999999938
11
151.3446759999999927
21
-132.1017420000000016
0
LINE
8
BLACK
6
CONTINUOUS
10
151.3446759999999927
20
-132.1017420000000016
11
151.3446759999999927
21
-132.5779330000000016
0
LINE
8
BLACK
6
CONTINUOUS
10
151.3446759999999927
20
-132.5779330000000016
11
151.2494379999999978
21
-132.9588849999999809
0
LINE
8
BLACK
6
CONTINUOUS
10
151.2494379999999978
20
-132.9588849999999809
11
151.154200000000003
21
-133.149360999999999
0
LINE
8
BLACK
6
CONTINUOUS
10
151.154200000000003
20
-133.149360999999999
11
151.0589619999999798
21
-133.2445999999999913
0
LINE
8
BLACK
6
CONTINUOUS
10
151.0589619999999798
20
-133.2445999999999913
11
150.8684859999999901
21
-133.3398379999999861
0
LINE
8
BLACK
6
CONTINUOUS
10
150.8684859999999901
20
-133.3398379999999861
11
150.678009000000003
21
-133.3398379999999861
0
LINE
8
BLACK
6
CONTINUOUS
10
150.678009000000003
20
-133.3398379999999861
11
150.4875329999999849
21
-133.2445999999999913
0
LINE
8
BLACK
6
CONTINUOUS
10
150.4875329999999849
20
-133.2445999999999913
11
150.3922949999999901
21
-133.149360999999999
0
LINE
8
BLACK
6
CONTINUOUS
10
150.3922949999999901
20
-133.149360999999999
11
150.2970569999999952
21
-132.9588849999999809
0
LINE
8
BLACK
6
CONTINUOUS
10
150.2970569999999952
20
-132.9588849999999809
11
150.2018190000000004
21
-132.5779330000000016
0
LINE
8
BLACK
6
CONTINUOUS
10
150.2018190000000004
20
-132.5779330000000016
11
150.2018190000000004
21
-132.1017420000000016
0
LINE
8
BLACK
6
CONTINUOUS
10
150.2018190000000004
20
-132.1017420000000016
11
150.2970569999999952
21
-131.7207899999999938
0
LINE
8
BLACK
6
CONTINUOUS
10
150.2970569999999952
20
-131.7207899999999938
11
150.3922949999999901
21
-131.5303140000000042
0
LINE
8
BLACK
6
CONTINUOUS
10
150.3922949999999901
20
-131.5303140000000042
11
150.4875329999999849
21
-131.4350759999999809
0
LINE
8
BLACK
6
CONTINUOUS
10
150.4875329999999849
20
-131.4350759999999809
11
150.678009000000003
21
-131.3398379999999861
0
LINE
8
BLACK
6
CONTINUOUS
10
153.7256289999999979
20
-133.3398379999999861
11
153.7256289999999979
21
-131.3398379999999861
0
LINE
8
BLACK
6
CONTINUOUS
10
154.5827720000000056
20
-133.3398379999999861
11
154.5827720000000056
21
-132.2922189999999887
0
LINE
8
BLACK
6
CONTINUOUS
10
154.5827720000000056
20
-132.2922189999999887
11
154.4875339999999824
21
-132.1017420000000016
0
LINE
8
BLACK
6
CONTINUOUS
10
154.4875339999999824
20
-132.1017420000000016
11
154.2970579999999927
21
-132.0065040000000067
0
LINE
8
BLACK
6
CONTINUOUS
10
154.2970579999999927
20
-132.0065040000000067
11
154.0113429999999823
21
-132.0065040000000067
0
LINE
8
BLACK
6
CONTINUOUS
10
154.0113429999999823
20
-132.0065040000000067
11
153.8208669999999927
21
-132.1017420000000016
0
LINE
8
BLACK
6
CONTINUOUS
10
153.8208669999999927
20
-132.1017420000000016
11
153.7256289999999979
21
-132.1969799999999964
0
LINE
8
BLACK
6
CONTINUOUS
10
155.8208669999999927
20
-133.3398379999999861
11
155.630391000000003
21
-133.2445999999999913
0
LINE
8
BLACK
6
CONTINUOUS
10
155.630391000000003
20
-133.2445999999999913
11
155.5351529999999798
21
-133.149360999999999
0
LINE
8
BLACK
6
CONTINUOUS
10
155.5351529999999798
20
-133.149360999999999
11
155.439914999999985
21
-132.9588849999999809
0
LINE
8
BLACK
6
CONTINUOUS
10
155.439914999999985
20
-132.9588849999999809
11
155.439914999999985
21
-132.3874569999999835
0
LINE
8
BLACK
6
CONTINUOUS
10
155.439914999999985
20
-132.3874569999999835
11
155.5351529999999798
21
-132.1969799999999964
0
LINE
8
BLACK
6
CONTINUOUS
10
155.5351529999999798
20
-132.1969799999999964
11
155.630391000000003
21
-132.1017420000000016
0
LINE
8
BLACK
6
CONTINUOUS
10
155.630391000000003
20
-132.1017420000000016
11
155.8208669999999927
21
-132.0065040000000067
0
LINE
8
BLACK
6
CONTINUOUS
10
155.8208669999999927
20
-132.0065040000000067
11
156.1065820000000031
21
-132.0065040000000067
0
LINE
8
BLACK
6
CONTINUOUS
10
156.1065820000000031
20
-132.0065040000000067
11
156.2970579999999927
21
-132.1017420000000016
0
LINE
8
BLACK
6
CONTINUOUS
10
156.2970579999999927
20
-132.1017420000000016
11
156.3922959999999875
21
-132.1969799999999964
0
LINE
8
BLACK
6
CONTINUOUS
10
156.3922959999999875
20
-132.1969799999999964
11
156.4875339999999824
21
-132.3874569999999835
0
LINE
8
BLACK
6
CONTINUOUS
10
156.4875339999999824
20
-132.3874569999999835
11
156.4875339999999824
21
-132.9588849999999809
0
LINE
8
BLACK
6
CONTINUOUS
10
156.4875339999999824
20
-132.9588849999999809
11
156.3922959999999875
21
-133.149360999999999
0
LINE
8
BLACK
6
CONTINUOUS
10
156.3922959999999875
20
-133.149360999999999
11
156.2970579999999927
21
-133.2445999999999913
0
LINE
8
BLACK
6
CONTINUOUS
10
156.2970579999999927
20
-133.2445999999999913
11
156.1065820000000031
21
-133.3398379999999861
0
LINE
8
BLACK
6
CONTINUOUS
10
156.1065820000000031
20
-133.3398379999999861
11
155.8208669999999927
21
-133.3398379999999861
0
LINE
8
BLACK
6
CONTINUOUS
10
157.630391000000003
20
-133.3398379999999861
11
157.439914999999985
21
-133.2445999999999913
0
LINE
8
BLACK
6
CONTINUOUS
10
157.439914999999985
20
-133.2445999999999913
11
157.3446769999999901
21
-133.0541230000000041
0
LINE
8
BLACK
6
CONTINUOUS
10
157.3446769999999901
20
-133.0541230000000041
11
157.3446769999999901
21
-131.3398379999999861
0
LINE
8
BLACK
6
CONTINUOUS
10
159.1542010000000005
20
-133.2445999999999913
11
158.9637249999999824
21
-133.3398379999999861
0
LINE
8
BLACK
6
CONTINUOUS
10
158.9637249999999824
20
-133.3398379999999861
11
158.5827720000000056
21
-133.3398379999999861
0
LINE
8
BLACK
6
CONTINUOUS
10
158.5827720000000056
20
-133.3398379999999861
11
158.3922959999999875
21
-133.2445999999999913
0
LINE
8
BLACK
6
CONTINUOUS
10
158.3922959999999875
20
-133.2445999999999913
11
158.2970579999999927
21
-133.0541230000000041
0
LINE
8
BLACK
6
CONTINUOUS
10
158.2970579999999927
20
-133.0541230000000041
11
158.2970579999999927
21
-132.2922189999999887
0
LINE
8
BLACK
6
CONTINUOUS
10
158.2970579999999927
20
-132.2922189999999887
11
158.3922959999999875
21
-132.1017420000000016
0
LINE
8
BLACK
6
CONTINUOUS
10
158.3922959999999875
20
-132.1017420000000016
11
158.5827720000000056
21
-132.0065040000000067
0
LINE
8
BLACK
6
CONTINUOUS
10
158.5827720000000056
20
-132.0065040000000067
11
158.9637249999999824
21
-132.0065040000000067
0
LINE
8
BLACK
6
CONTINUOUS
10
158.9637249999999824
20
-132.0065040000000067
11
159.1542010000000005
21
-132.1017420000000016
0
LINE
8
BLACK
6
CONTINUOUS
10
159.1542010000000005
20
-132.1017420000000016
11
159.2494389999999953
21
-132.2922189999999887
0
LINE
8
BLACK
6
CONTINUOUS
10
159.2494389999999953
20
-132.2922189999999887
11
159.2494389999999953
21
-132.4826950000000068
0
LINE
8
BLACK
6
CONTINUOUS
10
159.2494389999999953
20
-132.4826950000000068
11
158.2970579999999927
21
-132.6731709999999964
0
LINE
8
BLACK
6
CONTINUOUS
10
160.0113439999999798
20
-133.2445999999999913
11
160.2018199999999979
21
-133.3398379999999861
0
LINE
8
BLACK
6
CONTINUOUS
10
160.2018199999999979
20
-133.3398379999999861
11
160.5827720000000056
21
-133.3398379999999861
0
LINE
8
BLACK
6
CONTINUOUS
10
160.5827720000000056
20
-133.3398379999999861
11
160.7732489999999927
21
-133.2445999999999913
0
LINE
8
BLACK
6
CONTINUOUS
10
160.7732489999999927
20
-133.2445999999999913
11
160.8684869999999876
21
-133.0541230000000041
0
LINE
8
BLACK
6
CONTINUOUS
10
160.8684869999999876
20
-133.0541230000000041
11
160.8684869999999876
21
-132.9588849999999809
0
LINE
8
BLACK
6
CONTINUOUS
10
160.8684869999999876
20
-132.9588849999999809
11
160.7732489999999927
21
-132.7684089999999912
0
LINE
8
BLACK
6
CONTINUOUS
10
160.7732489999999927
20
-132.7684089999999912
11
160.5827720000000056
21
-132.6731709999999964
0
LINE
8
BLACK
6
CONTINUOUS
10
160.5827720000000056
20
-132.6731709999999964
11
160.2970579999999927
21
-132.6731709999999964
0
LINE
8
BLACK
6
CONTINUOUS
10
160.2970579999999927
20
-132.6731709999999964
11
160.1065820000000031
21
-132.5779330000000016
0
LINE
8
BLACK
6
CONTINUOUS
10
160.1065820000000031
20
-132.5779330000000016
11
160.0113439999999798
21
-132.3874569999999835
0
LINE
8
BLACK
6
CONTINUOUS
10
160.0113439999999798
20
-132.3874569999999835
11
160.0113439999999798
21
-132.2922189999999887
0
LINE
8
BLACK
6
CONTINUOUS
10
160.0113439999999798
20
-132.2922189999999887
11
160.1065820000000031
21
-132.1017420000000016
0
LINE
8
BLACK
6
CONTINUOUS
10
160.1065820000000031
20
-132.1017420000000016
11
160.2970579999999927
21
-132.0065040000000067
0
LINE
8
BLACK
6
CONTINUOUS
10
160.2970579999999927
20
-132.0065040000000067
11
160.5827720000000056
21
-132.0065040000000067
0
LINE
8
BLACK
6
CONTINUOUS
10
160.5827720000000056
20
-132.0065040000000067
11
160.7732489999999927
21
-132.1017420000000016
0
LINE
8
BLACK
6
CONTINUOUS
10
161.5351540000000057
20
-134.1017420000000016
11
161.6303920000000005
21
-134.0065040000000067
0
LINE
8
BLACK
6
CONTINUOUS
10
161.6303920000000005
20
-134.0065040000000067
11
161.8208679999999902
21
-133.7207899999999938
0
LINE
8
BLACK
6
CONTINUOUS
10
161.8208679999999902
20
-133.7207899999999938
11
161.916105999999985
21
-133.5303140000000042
0
LINE
8
BLACK
6
CONTINUOUS
10
161.916105999999985
20
-133.5303140000000042
11
162.0113439999999798
21
-133.2445999999999913
0
LINE
8
BLACK
6
CONTINUOUS
10
162.0113439999999798
20
-133.2445999999999913
11
162.1065820000000031
21
-132.7684089999999912
0
LINE
8
BLACK
6
CONTINUOUS
10
162.1065820000000031
20
-132.7684089999999912
11
162.1065820000000031
21
-132.3874569999999835
0
LINE
8
BLACK
6
CONTINUOUS
10
162.1065820000000031
20
-132.3874569999999835
11
162.0113439999999798
21
-131.9112659999999835
0
LINE
8
BLACK
6
CONTINUOUS
10
162.0113439999999798
20
-131.9112659999999835
11
161.916105999999985
21
-131.625551999999999
0
LINE
8
BLACK
6
CONTINUOUS
10
161.916105999999985
20
-131.625551999999999
11
161.8208679999999902
21
-131.4350759999999809
0
LINE
8
BLACK
6
CONTINUOUS
10
161.8208679999999902
20
-131.4350759999999809
11
161.6303920000000005
21
-131.149360999999999
0
LINE
8
BLACK
6
CONTINUOUS
10
161.6303920000000005
20
-131.149360999999999
11
161.5351540000000057
21
-131.0541230000000041
0
CIRCLE
8
BLACK
10
109.7749999999999915
20
-135.0649999999999977
40
0.2
0
LINE
8
BLACK
6
CONTINUOUS
10
112.963719999999995
20
-133.9798380000000009
11
113.1541969999999964
21
-133.9798380000000009
0
LINE
8
BLACK
6
CONTINUOUS
10
113.1541969999999964
20
-133.9798380000000009
11
113.3446730000000002
21
-134.0750759999999957
0
LINE
8
BLACK
6
CONTINUOUS
10
113.3446730000000002
20
-134.0750759999999957
11
113.4399109999999951
21
-134.1703139999999905
0
LINE
8
BLACK
6
CONTINUOUS
10
113.4399109999999951
20
-134.1703139999999905
11
113.5351489999999899
21
-134.3607899999999802
0
LINE
8
BLACK
6
CONTINUOUS
10
113.5351489999999899
20
-134.3607899999999802
11
113.6303869999999989
21
-134.7417419999999879
0
LINE
8
BLACK
6
CONTINUOUS
10
113.6303869999999989
20
-134.7417419999999879
11
113.6303869999999989
21
-135.2179329999999879
0
LINE
8
BLACK
6
CONTINUOUS
10
113.6303869999999989
20
-135.2179329999999879
11
113.5351489999999899
21
-135.5988849999999957
0
LINE
8
BLACK
6
CONTINUOUS
10
113.5351489999999899
20
-135.5988849999999957
11
113.4399109999999951
21
-135.7893609999999853
0
LINE
8
BLACK
6
CONTINUOUS
10
113.4399109999999951
20
-135.7893609999999853
11
113.3446730000000002
21
-135.884600000000006
0
LINE
8
BLACK
6
CONTINUOUS
10
113.3446730000000002
20
-135.884600000000006
11
113.1541969999999964
21
-135.9798380000000009
0
LINE
8
BLACK
6
CONTINUOUS
10
113.1541969999999964
20
-135.9798380000000009
11
112.963719999999995
21
-135.9798380000000009
0
LINE
8
BLACK
6
CONTINUOUS
10
112.963719999999995
20
-135.9798380000000009
11
112.7732439999999912
21
-135.884600000000006
0
LINE
8
BLACK
6
CONTINUOUS
10
112.7732439999999912
20
-135.884600000000006
11
112.6780059999999963
21
-135.7893609999999853
0
LINE
8
BLACK
6
CONTINUOUS
10
112.6780059999999963
20
-135.7893609999999853
11
112.5827680000000015
21
-135.5988849999999957
0
LINE
8
BLACK
6
CONTINUOUS
10
112.5827680000000015
20
-135.5988849999999957
11
112.4875299999999925
21
-135.2179329999999879
0
LINE
8
BLACK
6
CONTINUOUS
10
112.4875299999999925
20
-135.2179329999999879
11
112.4875299999999925
21
-134.7417419999999879
0
LINE
8
BLACK
6
CONTINUOUS
10
112.4875299999999925
20
-134.7417419999999879
11
112.5827680000000015
21
-134.3607899999999802
0
LINE
8
BLACK
6
CONTINUOUS
10
112.5827680000000015
20
-134.3607899999999802
11
112.6780059999999963
21
-134.1703139999999905
0
LINE
8
BLACK
6
CONTINUOUS
10
112.6780059999999963
20
-134.1703139999999905
11
112.7732439999999912
21
-134.0750759999999957
0
LINE
8
BLACK
6
CONTINUOUS
10
112.7732439999999912
20
-134.0750759999999957
11
112.963719999999995
21
-133.9798380000000009
0
LINE
8
BLACK
6
CONTINUOUS
10
114.4875299999999925
20
-135.7893609999999853
11
114.5827680000000015
21
-135.884600000000006
0
LINE
8
BLACK
6
CONTINUOUS
10
114.5827680000000015
20
-135.884600000000006
11
114.4875299999999925
21
-135.9798380000000009
0
LINE
8
BLACK
6
CONTINUOUS
10
114.4875299999999925
20
-135.9798380000000009
11
114.3922919999999976
21
-135.884600000000006
0
LINE
8
BLACK
6
CONTINUOUS
10
114.3922919999999976
20
-135.884600000000006
11
114.4875299999999925
21
-135.7893609999999853
0
LINE
8
BLACK
6
CONTINUOUS
10
114.4875299999999925
20
-135.7893609999999853
11
114.4875299999999925
21
-135.9798380000000009
0
LINE
8
BLACK
6
CONTINUOUS
10
116.2970539999999886
20
-134.6465039999999931
11
116.2970539999999886
21
-135.9798380000000009
0
LINE
8
BLACK
6
CONTINUOUS
10
115.8208629999999886
20
-133.884600000000006
11
115.3446730000000002
21
-135.3131709999999828
0
LINE
8
BLACK
6
CONTINUOUS
10
115.3446730000000002
20
-135.3131709999999828
11
116.5827680000000015
21
-135.3131709999999828
0
LINE
8
BLACK
6
CONTINUOUS
10
117.7256249999999937
20
-133.9798380000000009
11
117.9161019999999951
21
-133.9798380000000009
0
LINE
8
BLACK
6
CONTINUOUS
10
117.9161019999999951
20
-133.9798380000000009
11
118.106577999999999
21
-134.0750759999999957
0
LINE
8
BLACK
6
CONTINUOUS
10
118.106577999999999
20
-134.0750759999999957
11
118.2018159999999938
21
-134.1703139999999905
0
LINE
8
BLACK
6
CONTINUOUS
10
118.2018159999999938
20
-134.1703139999999905
11
118.2970539999999886
21
-134.3607899999999802
0
LINE
8
BLACK
6
CONTINUOUS
10
118.2970539999999886
20
-134.3607899999999802
11
118.3922919999999976
21
-134.7417419999999879
0
LINE
8
BLACK
6
CONTINUOUS
10
118.3922919999999976
20
-134.7417419999999879
11
118.3922919999999976
21
-135.2179329999999879
0
LINE
8
BLACK
6
CONTINUOUS
10
118.3922919999999976
20
-135.2179329999999879
11
118.2970539999999886
21
-135.5988849999999957
0
LINE
8
BLACK
6
CONTINUOUS
10
118.2970539999999886
20
-135.5988849999999957
11
118.2018159999999938
21
-135.7893609999999853
0
LINE
8
BLACK
6
CONTINUOUS
10
118.2018159999999938
20
-135.7893609999999853
11
118.106577999999999
21
-135.884600000000006
0
LINE
8
BLACK
6
CONTINUOUS
10
118.106577999999999
20
-135.884600000000006
11
117.9161019999999951
21
-135.9798380000000009
0
LINE
8
BLACK
6
CONTINUOUS
10
117.9161019999999951
20
-135.9798380000000009
11
117.7256249999999937
21
-135.9798380000000009
0
LINE
8
BLACK
6
CONTINUOUS
10
117.7256249999999937
20
-135.9798380000000009
11
117.5351489999999899
21
-135.884600000000006
0
LINE
8
BLACK
6
CONTINUOUS
10
117.5351489999999899
20
-135.884600000000006
11
117.4399109999999951
21
-135.7893609999999853
0
LINE
8
BLACK
6
CONTINUOUS
10
117.4399109999999951
20
-135.7893609999999853
11
117.3446730000000002
21
-135.5988849999999957
0
LINE
8
BLACK
6
CONTINUOUS
10
117.3446730000000002
20
-135.5988849999999957
11
117.2494349999999912
21
-135.2179329999999879
0
LINE
8
BLACK
6
CONTINUOUS
10
117.2494349999999912
20
-135.2179329999999879
11
117.2494349999999912
21
-134.7417419999999879
0
LINE
8
BLACK
6
CONTINUOUS
10
117.2494349999999912
20
-134.7417419999999879
11
117.3446730000000002
21
-134.3607899999999802
0
LINE
8
BLACK
6
CONTINUOUS
10
117.3446730000000002
20
-134.3607899999999802
11
117.4399109999999951
21
-134.1703139999999905
0
LINE
8
BLACK
6
CONTINUOUS
10
117.4399109999999951
20
-134.1703139999999905
11
117.5351489999999899
21
-134.0750759999999957
0
LINE
8
BLACK
6
CONTINUOUS
10
117.5351489999999899
20
-134.0750759999999957
11
117.7256249999999937
21
-133.9798380000000009
0
LINE
8
BLACK
6
CONTINUOUS
10
119.6303869999999989
20
-133.9798380000000009
11
119.8208640000000003
21
-133.9798380000000009
0
LINE
8
BLACK
6
CONTINUOUS
10
119.8208640000000003
20
-133.9798380000000009
11
120.0113399999999899
21
-134.0750759999999957
0
LINE
8
BLACK
6
CONTINUOUS
10
120.0113399999999899
20
-134.0750759999999957
11
120.106577999999999
21
-134.1703139999999905
0
LINE
8
BLACK
6
CONTINUOUS
10
120.106577999999999
20
-134.1703139999999905
11
120.2018159999999938
21
-134.3607899999999802
0
LINE
8
BLACK
6
CONTINUOUS
10
120.2018159999999938
20
-134.3607899999999802
11
120.2970539999999886
21
-134.7417419999999879
0
LINE
8
BLACK
6
CONTINUOUS
10
120.2970539999999886
20
-134.7417419999999879
11
120.2970539999999886
21
-135.2179329999999879
0
LINE
8
BLACK
6
CONTINUOUS
10
120.2970539999999886
20
-135.2179329999999879
11
120.2018159999999938
21
-135.5988849999999957
0
LINE
8
BLACK
6
CONTINUOUS
10
120.2018159999999938
20
-135.5988849999999957
11
120.106577999999999
21
-135.7893609999999853
0
LINE
8
BLACK
6
CONTINUOUS
10
120.106577999999999
20
-135.7893609999999853
11
120.0113399999999899
21
-135.884600000000006
0
LINE
8
BLACK
6
CONTINUOUS
10
120.0113399999999899
20
-135.884600000000006
11
119.8208640000000003
21
-135.9798380000000009
0
LINE
8
BLACK
6
CONTINUOUS
10
119.8208640000000003
20
-135.9798380000000009
11
119.6303869999999989
21
-135.9798380000000009
0
LINE
8
BLACK
6
CONTINUOUS
10
119.6303869999999989
20
-135.9798380000000009
11
119.4399109999999951
21
-135.884600000000006
0
LINE
8
BLACK
6
CONTINUOUS
10
119.4399109999999951
20
-135.884600000000006
11
119.3446730000000002
21
-135.7893609999999853
0
LINE
8
BLACK
6
CONTINUOUS
10
119.3446730000000002
20
-135.7893609999999853
11
119.2494349999999912
21
-135.5988849999999957
0
LINE
8
BLACK
6
CONTINUOUS
10
119.2494349999999912
20
-135.5988849999999957
11
119.1541969999999964
21
-135.2179329999999879
0
LINE
8
BLACK
6
CONTINUOUS
10
119.1541969999999964
20
-135.2179329999999879
11
119.1541969999999964
21
-134.7417419999999879
0
LINE
8
BLACK
6
CONTINUOUS
10
119.1541969999999964
20
-134.7417419999999879
11
119.2494349999999912
21
-134.3607899999999802
0
LINE
8
BLACK
6
CONTINUOUS
10
119.2494349999999912
20
-134.3607899999999802
11
119.3446730000000002
21
-134.1703139999999905
0
LINE
8
BLACK
6
CONTINUOUS
10
119.3446730000000002
20
-134.1703139999999905
11
119.4399109999999951
21
-134.0750759999999957
0
LINE
8
BLACK
6
CONTINUOUS
10
119.4399109999999951
20
-134.0750759999999957
11
119.6303869999999989
21
-133.9798380000000009
0
LINE
8
BLACK
6
CONTINUOUS
10
121.1541969999999964
20
-135.9798380000000009
11
121.1541969999999964
21
-134.6465039999999931
0
LINE
8
BLACK
6
CONTINUOUS
10
121.1541969999999964
20
-134.8369799999999827
11
121.2494349999999912
21
-134.7417419999999879
0
LINE
8
BLACK
6
CONTINUOUS
10
121.2494349999999912
20
-134.7417419999999879
11
121.4399109999999951
21
-134.6465039999999931
0
LINE
8
BLACK
6
CONTINUOUS
10
121.4399109999999951
20
-134.6465039999999931
11
121.7256259999999912
21
-134.6465039999999931
0
LINE
8
BLACK
6
CONTINUOUS
10
121.7256259999999912
20
-134.6465039999999931
11
121.9161019999999951
21
-134.7417419999999879
0
LINE
8
BLACK
6
CONTINUOUS
10
121.9161019999999951
20
-134.7417419999999879
11
122.0113399999999899
21
-134.9322190000000035
0
LINE
8
BLACK
6
CONTINUOUS
10
122.0113399999999899
20
-134.9322190000000035
11
122.0113399999999899
21
-135.9798380000000009
0
LINE
8
BLACK
6
CONTINUOUS
10
122.0113399999999899
20
-134.9322190000000035
11
122.106577999999999
21
-134.7417419999999879
0
LINE
8
BLACK
6
CONTINUOUS
10
122.106577999999999
20
-134.7417419999999879
11
122.2970539999999886
21
-134.6465039999999931
0
LINE
8
BLACK
6
CONTINUOUS
10
122.2970539999999886
20
-134.6465039999999931
11
122.5827680000000015
21
-134.6465039999999931
0
LINE
8
BLACK
6
CONTINUOUS
10
122.5827680000000015
20
-134.6465039999999931
11
122.7732449999999886
21
-134.7417419999999879
0
LINE
8
BLACK
6
CONTINUOUS
10
122.7732449999999886
20
-134.7417419999999879
11
122.8684829999999977
21
-134.9322190000000035
0
LINE
8
BLACK
6
CONTINUOUS
10
122.8684829999999977
20
-134.9322190000000035
11
122.8684829999999977
21
-135.9798380000000009
0
LINE
8
BLACK
6
CONTINUOUS
10
123.8208640000000003
20
-135.9798380000000009
11
123.8208640000000003
21
-134.6465039999999931
0
LINE
8
BLACK
6
CONTINUOUS
10
123.8208640000000003
20
-134.8369799999999827
11
123.9161019999999951
21
-134.7417419999999879
0
LINE
8
BLACK
6
CONTINUOUS
10
123.9161019999999951
20
-134.7417419999999879
11
124.106577999999999
21
-134.6465039999999931
0
LINE
8
BLACK
6
CONTINUOUS
10
124.106577999999999
20
-134.6465039999999931
11
124.3922929999999951
21
-134.6465039999999931
0
LINE
8
BLACK
6
CONTINUOUS
10
124.3922929999999951
20
-134.6465039999999931
11
124.582768999999999
21
-134.7417419999999879
0
LINE
8
BLACK
6
CONTINUOUS
10
124.582768999999999
20
-134.7417419999999879
11
124.6780069999999938
21
-134.9322190000000035
0
LINE
8
BLACK
6
CONTINUOUS
10
124.6780069999999938
20
-134.9322190000000035
11
124.6780069999999938
21
-135.9798380000000009
0
LINE
8
BLACK
6
CONTINUOUS
10
124.6780069999999938
20
-134.9322190000000035
11
124.7732449999999886
21
-134.7417419999999879
0
LINE
8
BLACK
6
CONTINUOUS
10
124.7732449999999886
20
-134.7417419999999879
11
124.9637209999999925
21
-134.6465039999999931
0
LINE
8
BLACK
6
CONTINUOUS
10
124.9637209999999925
20
-134.6465039999999931
11
125.2494349999999912
21
-134.6465039999999931
0
LINE
8
BLACK
6
CONTINUOUS
10
125.2494349999999912
20
-134.6465039999999931
11
125.4399119999999925
21
-134.7417419999999879
0
LINE
8
BLACK
6
CONTINUOUS
10
125.4399119999999925
20
-134.7417419999999879
11
125.5351499999999874
21
-134.9322190000000035
0
LINE
8
BLACK
6
CONTINUOUS
10
125.5351499999999874
20
-134.9322190000000035
11
125.5351499999999874
21
-135.9798380000000009
0
LINE
8
BLACK
6
CONTINUOUS
10
129.4399119999999925
20
-133.884600000000006
11
127.7256269999999887
21
-136.4560280000000034
0
LINE
8
BLACK
6
CONTINUOUS
10
132.0113409999999874
20
-133.9798380000000009
11
132.2018180000000029
21
-133.9798380000000009
0
LINE
8
BLACK
6
CONTINUOUS
10
132.2018180000000029
20
-133.9798380000000009
11
132.3922939999999926
21
-134.0750759999999957
0
LINE
8
BLACK
6
CONTINUOUS
10
132.3922939999999926
20
-134.0750759999999957
11
132.4875319999999874
21
-134.1703139999999905
0
LINE
8
BLACK
6
CONTINUOUS
10
132.4875319999999874
20
-134.1703139999999905
11
132.5827699999999822
21
-134.3607899999999802
0
LINE
8
BLACK
6
CONTINUOUS
10
132.5827699999999822
20
-134.3607899999999802
11
132.6780080000000055
21
-134.7417419999999879
0
LINE
8
BLACK
6
CONTINUOUS
10
132.6780080000000055
20
-134.7417419999999879
11
132.6780080000000055
21
-135.2179329999999879
0
LINE
8
BLACK
6
CONTINUOUS
10
132.6780080000000055
20
-135.2179329999999879
11
132.5827699999999822
21
-135.5988849999999957
0
LINE
8
BLACK
6
CONTINUOUS
10
132.5827699999999822
20
-135.5988849999999957
11
132.4875319999999874
21
-135.7893609999999853
0
LINE
8
BLACK
6
CONTINUOUS
10
132.4875319999999874
20
-135.7893609999999853
11
132.3922939999999926
21
-135.884600000000006
0
LINE
8
BLACK
6
CONTINUOUS
10
132.3922939999999926
20
-135.884600000000006
11
132.2018180000000029
21
-135.9798380000000009
0
LINE
8
BLACK
6
CONTINUOUS
10
132.2018180000000029
20
-135.9798380000000009
11
132.0113409999999874
21
-135.9798380000000009
0
LINE
8
BLACK
6
CONTINUOUS
10
132.0113409999999874
20
-135.9798380000000009
11
131.8208649999999977
21
-135.884600000000006
0
LINE
8
BLACK
6
CONTINUOUS
10
131.8208649999999977
20
-135.884600000000006
11
131.7256270000000029
21
-135.7893609999999853
0
LINE
8
BLACK
6
CONTINUOUS
10
131.7256270000000029
20
-135.7893609999999853
11
131.6303890000000081
21
-135.5988849999999957
0
LINE
8
BLACK
6
CONTINUOUS
10
131.6303890000000081
20
-135.5988849999999957
11
131.5351509999999848
21
-135.2179329999999879
0
LINE
8
BLACK
6
CONTINUOUS
10
131.5351509999999848
20
-135.2179329999999879
11
131.5351509999999848
21
-134.7417419999999879
0
LINE
8
BLACK
6
CONTINUOUS
10
131.5351509999999848
20
-134.7417419999999879
11
131.6303890000000081
21
-134.3607899999999802
0
LINE
8
BLACK
6
CONTINUOUS
10
131.6303890000000081
20
-134.3607899999999802
11
131.7256270000000029
21
-134.1703139999999905
0
LINE
8
BLACK
6
CONTINUOUS
10
131.7256270000000029
20
-134.1703139999999905
11
131.8208649999999977
21
-134.0750759999999957
0
LINE
8
BLACK
6
CONTINUOUS
10
131.8208649999999977
20
-134.0750759999999957
11
132.0113409999999874
21
-133.9798380000000009
0
LINE
8
BLACK
6
CONTINUOUS
10
133.5351509999999848
20
-135.7893609999999853
11
133.6303890000000081
21
-135.884600000000006
0
LINE
8
BLACK
6
CONTINUOUS
10
133.6303890000000081
20
-135.884600000000006
11
133.5351509999999848
21
-135.9798380000000009
0
LINE
8
BLACK
6
CONTINUOUS
10
133.5351509999999848
20
-135.9798380000000009
11
133.43991299999999
21
-135.884600000000006
0
LINE
8
BLACK
6
CONTINUOUS
10
133.43991299999999
20
-135.884600000000006
11
133.5351509999999848
21
-135.7893609999999853
0
LINE
8
BLACK
6
CONTINUOUS
10
133.5351509999999848
20
-135.7893609999999853
11
133.5351509999999848
21
-135.9798380000000009
0
LINE
8
BLACK
6
CONTINUOUS
10
134.8684839999999951
20
-133.9798380000000009
11
135.0589609999999823
21
-133.9798380000000009
0
LINE
8
BLACK
6
CONTINUOUS
10
135.0589609999999823
20
-133.9798380000000009
11
135.2494370000000004
21
-134.0750759999999957
0
LINE
8
BLACK
6
CONTINUOUS
10
135.2494370000000004
20
-134.0750759999999957
11
135.3446749999999952
21
-134.1703139999999905
0
LINE
8
BLACK
6
CONTINUOUS
10
135.3446749999999952
20
-134.1703139999999905
11
135.43991299999999
21
-134.3607899999999802
0
LINE
8
BLACK
6
CONTINUOUS
10
135.43991299999999
20
-134.3607899999999802
11
135.5351509999999848
21
-134.7417419999999879
0
LINE
8
BLACK
6
CONTINUOUS
10
135.5351509999999848
20
-134.7417419999999879
11
135.5351509999999848
21
-135.2179329999999879
0
LINE
8
BLACK
6
CONTINUOUS
10
135.5351509999999848
20
-135.2179329999999879
11
135.43991299999999
21
-135.5988849999999957
0
LINE
8
BLACK
6
CONTINUOUS
10
135.43991299999999
20
-135.5988849999999957
11
135.3446749999999952
21
-135.7893609999999853
0
LINE
8
BLACK
6
CONTINUOUS
10
135.3446749999999952
20
-135.7893609999999853
11
135.2494370000000004
21
-135.884600000000006
0
LINE
8
BLACK
6
CONTINUOUS
10
135.2494370000000004
20
-135.884600000000006
11
135.0589609999999823
21
-135.9798380000000009
0
LINE
8
BLACK
6
CONTINUOUS
10
135.0589609999999823
20
-135.9798380000000009
11
134.8684839999999951
21
-135.9798380000000009
0
LINE
8
BLACK
6
CONTINUOUS
10
134.8684839999999951
20
-135.9798380000000009
11
134.6780080000000055
21
-135.884600000000006
0
LINE
8
BLACK
6
CONTINUOUS
10
134.6780080000000055
20
-135.884600000000006
11
134.5827699999999822
21
-135.7893609999999853
0
LINE
8
BLACK
6
CONTINUOUS
10
134.5827699999999822
20
-135.7893609999999853
11
134.4875319999999874
21
-135.5988849999999957
0
LINE
8
BLACK
6
CONTINUOUS
10
134.4875319999999874
20
-135.5988849999999957
11
134.3922939999999926
21
-135.2179329999999879
0
LINE
8
BLACK
6
CONTINUOUS
10
134.3922939999999926
20
-135.2179329999999879
11
134.3922939999999926
21
-134.7417419999999879
0
LINE
8
BLACK
6
CONTINUOUS
10
134.3922939999999926
20
-134.7417419999999879
11
134.4875319999999874
21
-134.3607899999999802
0
LINE
8
BLACK
6
CONTINUOUS
10
134.4875319999999874
20
-134.3607899999999802
11
134.5827699999999822
21
-134.1703139999999905
0
LINE
8
BLACK
6
CONTINUOUS
10
134.5827699999999822
20
-134.1703139999999905
11
134.6780080000000055
21
-134.0750759999999957
0
LINE
8
BLACK
6
CONTINUOUS
10
134.6780080000000055
20
-134.0750759999999957
11
134.8684839999999951
21
-133.9798380000000009
0
LINE
8
BLACK
6
CONTINUOUS
10
137.43991299999999
20
-135.9798380000000009
11
136.2970559999999978
21
-135.9798380000000009
0
LINE
8
BLACK
6
CONTINUOUS
10
136.8684839999999951
20
-135.9798380000000009
11
136.8684839999999951
21
-133.9798380000000009
0
LINE
8
BLACK
6
CONTINUOUS
10
136.8684839999999951
20
-133.9798380000000009
11
136.6780080000000055
21
-134.2655519999999854
0
LINE
8
BLACK
6
CONTINUOUS
10
136.6780080000000055
20
-134.2655519999999854
11
136.4875319999999874
21
-134.4560280000000034
0
LINE
8
BLACK
6
CONTINUOUS
10
136.4875319999999874
20
-134.4560280000000034
11
136.2970559999999978
21
-134.5512659999999983
0
LINE
8
BLACK
6
CONTINUOUS
10
139.2494370000000004
20
-133.9798380000000009
11
138.2970559999999978
21
-133.9798380000000009
0
LINE
8
BLACK
6
CONTINUOUS
10
138.2970559999999978
20
-133.9798380000000009
11
138.2018180000000029
21
-134.9322190000000035
0
LINE
8
BLACK
6
CONTINUOUS
10
138.2018180000000029
20
-134.9322190000000035
11
138.2970559999999978
21
-134.8369799999999827
0
LINE
8
BLACK
6
CONTINUOUS
10
138.2970559999999978
20
-134.8369799999999827
11
138.4875319999999874
21
-134.7417419999999879
0
LINE
8
BLACK
6
CONTINUOUS
10
138.4875319999999874
20
-134.7417419999999879
11
138.9637229999999875
21
-134.7417419999999879
0
LINE
8
BLACK
6
CONTINUOUS
10
138.9637229999999875
20
-134.7417419999999879
11
139.1541990000000055
21
-134.8369799999999827
0
LINE
8
BLACK
6
CONTINUOUS
10
139.1541990000000055
20
-134.8369799999999827
11
139.2494370000000004
21
-134.9322190000000035
0
LINE
8
BLACK
6
CONTINUOUS
10
139.2494370000000004
20
-134.9322190000000035
11
139.3446749999999952
21
-135.1226949999999931
0
LINE
8
BLACK
6
CONTINUOUS
10
139.3446749999999952
20
-135.1226949999999931
11
139.3446749999999952
21
-135.5988849999999957
0
LINE
8
BLACK
6
CONTINUOUS
10
139.3446749999999952
20
-135.5988849999999957
11
139.2494370000000004
21
-135.7893609999999853
0
LINE
8
BLACK
6
CONTINUOUS
10
139.2494370000000004
20
-135.7893609999999853
11
139.1541990000000055
21
-135.884600000000006
0
LINE
8
BLACK
6
CONTINUOUS
10
139.1541990000000055
20
-135.884600000000006
11
138.9637229999999875
21
-135.9798380000000009
0
LINE
8
BLACK
6
CONTINUOUS
10
138.9637229999999875
20
-135.9798380000000009
11
138.4875319999999874
21
-135.9798380000000009
0
LINE
8
BLACK
6
CONTINUOUS
10
138.4875319999999874
20
-135.9798380000000009
11
138.2970559999999978
21
-135.884600000000006
0
LINE
8
BLACK
6
CONTINUOUS
10
138.2970559999999978
20
-135.884600000000006
11
138.2018180000000029
21
-135.7893609999999853
0
LINE
8
BLACK
6
CONTINUOUS
10
140.0113419999999849
20
-133.9798380000000009
11
141.3446749999999952
21
-133.9798380000000009
0
LINE
8
BLACK
6
CONTINUOUS
10
141.3446749999999952
20
-133.9798380000000009
11
140.4875319999999874
21
-135.9798380000000009
0
LINE
8
BLACK
6
CONTINUOUS
10
142.0113419999999849
20
-133.9798380000000009
11
142.0113419999999849
21
-134.3607899999999802
0
LINE
8
BLACK
6
CONTINUOUS
10
142.7732469999999978
20
-133.9798380000000009
11
142.7732469999999978
21
-134.3607899999999802
0
LINE
8
BLACK
6
CONTINUOUS
10
145.7256289999999979
20
-136.7417419999999879
11
145.6303900000000056
21
-136.6465039999999931
0
LINE
8
BLACK
6
CONTINUOUS
10
145.6303900000000056
20
-136.6465039999999931
11
145.4399139999999875
21
-136.3607899999999802
0
LINE
8
BLACK
6
CONTINUOUS
10
145.4399139999999875
20
-136.3607899999999802
11
145.3446759999999927
21
-136.1703139999999905
0
LINE
8
BLACK
6
CONTINUOUS
10
145.3446759999999927
20
-136.1703139999999905
11
145.2494379999999978
21
-135.884600000000006
0
LINE
8
BLACK
6
CONTINUOUS
10
145.2494379999999978
20
-135.884600000000006
11
145.154200000000003
21
-135.408409000000006
0
LINE
8
BLACK
6
CONTINUOUS
10
145.154200000000003
20
-135.408409000000006
11
145.154200000000003
21
-135.0274569999999983
0
LINE
8
BLACK
6
CONTINUOUS
10
145.154200000000003
20
-135.0274569999999983
11
145.2494379999999978
21
-134.5512659999999983
0
LINE
8
BLACK
6
CONTINUOUS
10
145.2494379999999978
20
-134.5512659999999983
11
145.3446759999999927
21
-134.2655519999999854
0
LINE
8
BLACK
6
CONTINUOUS
10
145.3446759999999927
20
-134.2655519999999854
11
145.4399139999999875
21
-134.0750759999999957
0
LINE
8
BLACK
6
CONTINUOUS
10
145.4399139999999875
20
-134.0750759999999957
11
145.6303900000000056
21
-133.7893609999999853
0
LINE
8
BLACK
6
CONTINUOUS
10
145.6303900000000056
20
-133.7893609999999853
11
145.7256289999999979
21
-133.6941229999999905
0
LINE
8
BLACK
6
CONTINUOUS
10
147.4399139999999875
20
-133.9798380000000009
11
146.4875329999999849
21
-133.9798380000000009
0
LINE
8
BLACK
6
CONTINUOUS
10
146.4875329999999849
20
-133.9798380000000009
11
146.3922949999999901
21
-134.9322190000000035
0
LINE
8
BLACK
6
CONTINUOUS
10
146.3922949999999901
20
-134.9322190000000035
11
146.4875329999999849
21
-134.8369799999999827
0
LINE
8
BLACK
6
CONTINUOUS
10
146.4875329999999849
20
-134.8369799999999827
11
146.678009000000003
21
-134.7417419999999879
0
LINE
8
BLACK
6
CONTINUOUS
10
146.678009000000003
20
-134.7417419999999879
11
147.154200000000003
21
-134.7417419999999879
0
LINE
8
BLACK
6
CONTINUOUS
10
147.154200000000003
20
-134.7417419999999879
11
147.3446759999999927
21
-134.8369799999999827
0
LINE
8
BLACK
6
CONTINUOUS
10
147.3446759999999927
20
-134.8369799999999827
11
147.4399139999999875
21
-134.9322190000000035
0
LINE
8
BLACK
6
CONTINUOUS
10
147.4399139999999875
20
-134.9322190000000035
11
147.5351519999999823
21
-135.1226949999999931
0
LINE
8
BLACK
6
CONTINUOUS
10
147.5351519999999823
20
-135.1226949999999931
11
147.5351519999999823
21
-135.5988849999999957
0
LINE
8
BLACK
6
CONTINUOUS
10
147.5351519999999823
20
-135.5988849999999957
11
147.4399139999999875
21
-135.7893609999999853
0
LINE
8
BLACK
6
CONTINUOUS
10
147.4399139999999875
20
-135.7893609999999853
11
147.3446759999999927
21
-135.884600000000006
0
LINE
8
BLACK
6
CONTINUOUS
10
147.3446759999999927
20
-135.884600000000006
11
147.154200000000003
21
-135.9798380000000009
0
LINE
8
BLACK
6
CONTINUOUS
10
147.154200000000003
20
-135.9798380000000009
11
146.678009000000003
21
-135.9798380000000009
0
LINE
8
BLACK
6
CONTINUOUS
10
146.678009000000003
20
-135.9798380000000009
11
146.4875329999999849
21
-135.884600000000006
0
LINE
8
BLACK
6
CONTINUOUS
10
146.4875329999999849
20
-135.884600000000006
11
146.3922949999999901
21
-135.7893609999999853
0
LINE
8
BLACK
6
CONTINUOUS
10
149.9161049999999875
20
-135.9798380000000009
11
149.9161049999999875
21
-133.9798380000000009
0
LINE
8
BLACK
6
CONTINUOUS
10
150.7732479999999953
20
-135.9798380000000009
11
150.7732479999999953
21
-134.9322190000000035
0
LINE
8
BLACK
6
CONTINUOUS
10
150.7732479999999953
20
-134.9322190000000035
11
150.6780100000000004
21
-134.7417419999999879
0
LINE
8
BLACK
6
CONTINUOUS
10
150.6780100000000004
20
-134.7417419999999879
11
150.4875339999999824
21
-134.6465039999999931
0
LINE
8
BLACK
6
CONTINUOUS
10
150.4875339999999824
20
-134.6465039999999931
11
150.2018190000000004
21
-134.6465039999999931
0
LINE
8
BLACK
6
CONTINUOUS
10
150.2018190000000004
20
-134.6465039999999931
11
150.0113429999999823
21
-134.7417419999999879
0
LINE
8
BLACK
6
CONTINUOUS
10
150.0113429999999823
20
-134.7417419999999879
11
149.9161049999999875
21
-134.8369799999999827
0
LINE
8
BLACK
6
CONTINUOUS
10
152.0113429999999823
20
-135.9798380000000009
11
151.8208669999999927
21
-135.884600000000006
0
LINE
8
BLACK
6
CONTINUOUS
10
151.8208669999999927
20
-135.884600000000006
11
151.7256289999999979
21
-135.7893609999999853
0
LINE
8
BLACK
6
CONTINUOUS
10
151.7256289999999979
20
-135.7893609999999853
11
151.630391000000003
21
-135.5988849999999957
0
LINE
8
BLACK
6
CONTINUOUS
10
151.630391000000003
20
-135.5988849999999957
11
151.630391000000003
21
-135.0274569999999983
0
LINE
8
BLACK
6
CONTINUOUS
10
151.630391000000003
20
-135.0274569999999983
11
151.7256289999999979
21
-134.8369799999999827
0
LINE
8
BLACK
6
CONTINUOUS
10
151.7256289999999979
20
-134.8369799999999827
11
151.8208669999999927
21
-134.7417419999999879
0
LINE
8
BLACK
6
CONTINUOUS
10
151.8208669999999927
20
-134.7417419999999879
11
152.0113429999999823
21
-134.6465039999999931
0
LINE
8
BLACK
6
CONTINUOUS
10
152.0113429999999823
20
-134.6465039999999931
11
152.2970579999999927
21
-134.6465039999999931
0
LINE
8
BLACK
6
CONTINUOUS
10
152.2970579999999927
20
-134.6465039999999931
11
152.4875339999999824
21
-134.7417419999999879
0
LINE
8
BLACK
6
CONTINUOUS
10
152.4875339999999824
20
-134.7417419999999879
11
152.5827720000000056
21
-134.8369799999999827
0
LINE
8
BLACK
6
CONTINUOUS
10
152.5827720000000056
20
-134.8369799999999827
11
152.6780100000000004
21
-135.0274569999999983
0
LINE
8
BLACK
6
CONTINUOUS
10
152.6780100000000004
20
-135.0274569999999983
11
152.6780100000000004
21
-135.5988849999999957
0
LINE
8
BLACK
6
CONTINUOUS
10
152.6780100000000004
20
-135.5988849999999957
11
152.5827720000000056
21
-135.7893609999999853
0
LINE
8
BLACK
6
CONTINUOUS
10
152.5827720000000056
20
-135.7893609999999853
11
152.4875339999999824
21
-135.884600000000006
0
LINE
8
BLACK
6
CONTINUOUS
10
152.4875339999999824
20
-135.884600000000006
11
152.2970579999999927
21
-135.9798380000000009
0
LINE
8
BLACK
6
CONTINUOUS
10
152.2970579999999927
20
-135.9798380000000009
11
152.0113429999999823
21
-135.9798380000000009
0
LINE
8
BLACK
6
CONTINUOUS
10
153.8208669999999927
20
-135.9798380000000009
11
153.630391000000003
21
-135.884600000000006
0
LINE
8
BLACK
6
CONTINUOUS
10
153.630391000000003
20
-135.884600000000006
11
153.5351529999999798
21
-135.6941229999999905
0
LINE
8
BLACK
6
CONTINUOUS
10
153.5351529999999798
20
-135.6941229999999905
11
153.5351529999999798
21
-133.9798380000000009
0
LINE
8
BLACK
6
CONTINUOUS
10
155.3446769999999901
20
-135.884600000000006
11
155.1542010000000005
21
-135.9798380000000009
0
LINE
8
BLACK
6
CONTINUOUS
10
155.1542010000000005
20
-135.9798380000000009
11
154.7732479999999953
21
-135.9798380000000009
0
LINE
8
BLACK
6
CONTINUOUS
10
154.7732479999999953
20
-135.9798380000000009
11
154.5827720000000056
21
-135.884600000000006
0
LINE
8
BLACK
6
CONTINUOUS
10
154.5827720000000056
20
-135.884600000000006
11
154.4875339999999824
21
-135.6941229999999905
0
LINE
8
BLACK
6
CONTINUOUS
10
154.4875339999999824
20
-135.6941229999999905
11
154.4875339999999824
21
-134.9322190000000035
0
LINE
8
BLACK
6
CONTINUOUS
10
154.4875339999999824
20
-134.9322190000000035
11
154.5827720000000056
21
-134.7417419999999879
0
LINE
8
BLACK
6
CONTINUOUS
10
154.5827720000000056
20
-134.7417419999999879
11
154.7732479999999953
21
-134.6465039999999931
0
LINE
8
BLACK
6
CONTINUOUS
10
154.7732479999999953
20
-134.6465039999999931
11
155.1542010000000005
21
-134.6465039999999931
0
LINE
8
BLACK
6
CONTINUOUS
10
155.1542010000000005
20
-134.6465039999999931
11
155.3446769999999901
21
-134.7417419999999879
0
LINE
8
BLACK
6
CONTINUOUS
10
155.3446769999999901
20
-134.7417419999999879
11
155.439914999999985
21
-134.9322190000000035
0
LINE
8
BLACK
6
CONTINUOUS
10
155.439914999999985
20
-134.9322190000000035
11
155.439914999999985
21
-135.1226949999999931
0
LINE
8
BLACK
6
CONTINUOUS
10
155.439914999999985
20
-135.1226949999999931
11
154.4875339999999824
21
-135.3131709999999828
0
LINE
8
BLACK
6
CONTINUOUS
10
156.2018199999999979
20
-135.884600000000006
11
156.3922959999999875
21
-135.9798380000000009
0
LINE
8
BLACK
6
CONTINUOUS
10
156.3922959999999875
20
-135.9798380000000009
11
156.7732479999999953
21
-135.9798380000000009
0
LINE
8
BLACK
6
CONTINUOUS
10
156.7732479999999953
20
-135.9798380000000009
11
156.9637249999999824
21
-135.884600000000006
0
LINE
8
BLACK
6
CONTINUOUS
10
156.9637249999999824
20
-135.884600000000006
11
157.0589630000000056
21
-135.6941229999999905
0
LINE
8
BLACK
6
CONTINUOUS
10
157.0589630000000056
20
-135.6941229999999905
11
157.0589630000000056
21
-135.5988849999999957
0
LINE
8
BLACK
6
CONTINUOUS
10
157.0589630000000056
20
-135.5988849999999957
11
156.9637249999999824
21
-135.408409000000006
0
LINE
8
BLACK
6
CONTINUOUS
10
156.9637249999999824
20
-135.408409000000006
11
156.7732479999999953
21
-135.3131709999999828
0
LINE
8
BLACK
6
CONTINUOUS
10
156.7732479999999953
20
-135.3131709999999828
11
156.4875339999999824
21
-135.3131709999999828
0
LINE
8
BLACK
6
CONTINUOUS
10
156.4875339999999824
20
-135.3131709999999828
11
156.2970579999999927
21
-135.2179329999999879
0
LINE
8
BLACK
6
CONTINUOUS
10
156.2970579999999927
20
-135.2179329999999879
11
156.2018199999999979
21
-135.0274569999999983
0
LINE
8
BLACK
6
CONTINUOUS
10
156.2018199999999979
20
-135.0274569999999983
11
156.2018199999999979
21
-134.9322190000000035
0
LINE
8
BLACK
6
CONTINUOUS
10
156.2018199999999979
20
-134.9322190000000035
11
156.2970579999999927
21
-134.7417419999999879
0
LINE
8
BLACK
6
CONTINUOUS
10
156.2970579999999927
20
-134.7417419999999879
11
156.4875339999999824
21
-134.6465039999999931
0
LINE
8
BLACK
6
CONTINUOUS
10
156.4875339999999824
20
-134.6465039999999931
11
156.7732479999999953
21
-134.6465039999999931
0
LINE
8
BLACK
6
CONTINUOUS
10
156.7732479999999953
20
-134.6465039999999931
11
156.9637249999999824
21
-134.7417419999999879
0
LINE
8
BLACK
6
CONTINUOUS
10
157.7256299999999953
20
-136.7417419999999879
11
157.8208679999999902
21
-136.6465039999999931
0
LINE
8
BLACK
6
CONTINUOUS
10
157.8208679999999902
20
-136.6465039999999931
11
158.0113439999999798
21
-136.3607899999999802
0
LINE
8
BLACK
6
CONTINUOUS
10
158.0113439999999798
20
-136.3607899999999802
11
158.1065820000000031
21
-136.1703139999999905
0
LINE
8
BLACK
6
CONTINUOUS
10
158.1065820000000031
20
-136.1703139999999905
11
158.2018199999999979
21
-135.884600000000006
0
LINE
8
BLACK
6
CONTINUOUS
10
158.2018199999999979
20
-135.884600000000006
11
158.2970579999999927
21
-135.408409000000006
0
LINE
8
BLACK
6
CONTINUOUS
10
158.2970579999999927
20
-135.408409000000006
11
158.2970579999999927
21
-135.0274569999999983
0
LINE
8
BLACK
6
CONTINUOUS
10
158.2970579999999927
20
-135.0274569999999983
11
158.2018199999999979
21
-134.5512659999999983
0
LINE
8
BLACK
6
CONTINUOUS
10
158.2018199999999979
20
-134.5512659999999983
11
158.1065820000000031
21
-134.2655519999999854
0
LINE
8
BLACK
6
CONTINUOUS
10
158.1065820000000031
20
-134.2655519999999854
11
158.0113439999999798
21
-134.0750759999999957
0
LINE
8
BLACK
6
CONTINUOUS
10
158.0113439999999798
20
-134.0750759999999957
11
157.8208679999999902
21
-133.7893609999999853
0
LINE
8
BLACK
6
CONTINUOUS
10
157.8208679999999902
20
-133.7893609999999853
11
157.7256299999999953
21
-133.6941229999999905
0
LINE
8
BLACK
6
CONTINUOUS
10
109.7249999999999943
20
-137.4549999999999841
11
109.7249999999999943
21
-137.9549999999999841
0
LINE
8
BLACK
6
CONTINUOUS
10
109.4749999999999943
20
-137.7049999999999841
11
109.9749999999999943
21
-137.7049999999999841
0
LINE
8
BLACK
6
CONTINUOUS
10
112.963719999999995
20
-136.6198379999999872
11
113.1541969999999964
21
-136.6198379999999872
0
LINE
8
BLACK
6
CONTINUOUS
10
113.1541969999999964
20
-136.6198379999999872
11
113.3446730000000002
21
-136.7150759999999821
0
LINE
8
BLACK
6
CONTINUOUS
10
113.3446730000000002
20
-136.7150759999999821
11
113.4399109999999951
21
-136.8103140000000053
0
LINE
8
BLACK
6
CONTINUOUS
10
113.4399109999999951
20
-136.8103140000000053
11
113.5351489999999899
21
-137.000789999999995
0
LINE
8
BLACK
6
CONTINUOUS
10
113.5351489999999899
20
-137.000789999999995
11
113.6303869999999989
21
-137.3817420000000027
0
LINE
8
BLACK
6
CONTINUOUS
10
113.6303869999999989
20
-137.3817420000000027
11
113.6303869999999989
21
-137.8579330000000027
0
LINE
8
BLACK
6
CONTINUOUS
10
113.6303869999999989
20
-137.8579330000000027
11
113.5351489999999899
21
-138.238884999999982
0
LINE
8
BLACK
6
CONTINUOUS
10
113.5351489999999899
20
-138.238884999999982
11
113.4399109999999951
21
-138.4293610000000001
0
LINE
8
BLACK
6
CONTINUOUS
10
113.4399109999999951
20
-138.4293610000000001
11
113.3446730000000002
21
-138.5245999999999924
0
LINE
8
BLACK
6
CONTINUOUS
10
113.3446730000000002
20
-138.5245999999999924
11
113.1541969999999964
21
-138.6198379999999872
0
LINE
8
BLACK
6
CONTINUOUS
10
113.1541969999999964
20
-138.6198379999999872
11
112.963719999999995
21
-138.6198379999999872
0
LINE
8
BLACK
6
CONTINUOUS
10
112.963719999999995
20
-138.6198379999999872
11
112.7732439999999912
21
-138.5245999999999924
0
LINE
8
BLACK
6
CONTINUOUS
10
112.7732439999999912
20
-138.5245999999999924
11
112.6780059999999963
21
-138.4293610000000001
0
LINE
8
BLACK
6
CONTINUOUS
10
112.6780059999999963
20
-138.4293610000000001
11
112.5827680000000015
21
-138.238884999999982
0
LINE
8
BLACK
6
CONTINUOUS
10
112.5827680000000015
20
-138.238884999999982
11
112.4875299999999925
21
-137.8579330000000027
0
LINE
8
BLACK
6
CONTINUOUS
10
112.4875299999999925
20
-137.8579330000000027
11
112.4875299999999925
21
-137.3817420000000027
0
LINE
8
BLACK
6
CONTINUOUS
10
112.4875299999999925
20
-137.3817420000000027
11
112.5827680000000015
21
-137.000789999999995
0
LINE
8
BLACK
6
CONTINUOUS
10
112.5827680000000015
20
-137.000789999999995
11
112.6780059999999963
21
-136.8103140000000053
0
LINE
8
BLACK
6
CONTINUOUS
10
112.6780059999999963
20
-136.8103140000000053
11
112.7732439999999912
21
-136.7150759999999821
0
LINE
8
BLACK
6
CONTINUOUS
10
112.7732439999999912
20
-136.7150759999999821
11
112.963719999999995
21
-136.6198379999999872
0
LINE
8
BLACK
6
CONTINUOUS
10
114.4875299999999925
20
-138.4293610000000001
11
114.5827680000000015
21
-138.5245999999999924
0
LINE
8
BLACK
6
CONTINUOUS
10
114.5827680000000015
20
-138.5245999999999924
11
114.4875299999999925
21
-138.6198379999999872
0
LINE
8
BLACK
6
CONTINUOUS
10
114.4875299999999925
20
-138.6198379999999872
11
114.3922919999999976
21
-138.5245999999999924
0
LINE
8
BLACK
6
CONTINUOUS
10
114.3922919999999976
20
-138.5245999999999924
11
114.4875299999999925
21
-138.4293610000000001
0
LINE
8
BLACK
6
CONTINUOUS
10
114.4875299999999925
20
-138.4293610000000001
11
114.4875299999999925
21
-138.6198379999999872
0
LINE
8
BLACK
6
CONTINUOUS
10
116.3922919999999976
20
-136.6198379999999872
11
115.4399109999999951
21
-136.6198379999999872
0
LINE
8
BLACK
6
CONTINUOUS
10
115.4399109999999951
20
-136.6198379999999872
11
115.3446730000000002
21
-137.5722189999999898
0
LINE
8
BLACK
6
CONTINUOUS
10
115.3446730000000002
20
-137.5722189999999898
11
115.4399109999999951
21
-137.4769799999999975
0
LINE
8
BLACK
6
CONTINUOUS
10
115.4399109999999951
20
-137.4769799999999975
11
115.6303869999999989
21
-137.3817420000000027
0
LINE
8
BLACK
6
CONTINUOUS
10
115.6303869999999989
20
-137.3817420000000027
11
116.106577999999999
21
-137.3817420000000027
0
LINE
8
BLACK
6
CONTINUOUS
10
116.106577999999999
20
-137.3817420000000027
11
116.2970539999999886
21
-137.4769799999999975
0
LINE
8
BLACK
6
CONTINUOUS
10
116.2970539999999886
20
-137.4769799999999975
11
116.3922919999999976
21
-137.5722189999999898
0
LINE
8
BLACK
6
CONTINUOUS
10
116.3922919999999976
20
-137.5722189999999898
11
116.4875299999999925
21
-137.7626950000000079
0
LINE
8
BLACK
6
CONTINUOUS
10
116.4875299999999925
20
-137.7626950000000079
11
116.4875299999999925
21
-138.238884999999982
0
LINE
8
BLACK
6
CONTINUOUS
10
116.4875299999999925
20
-138.238884999999982
11
116.3922919999999976
21
-138.4293610000000001
0
LINE
8
BLACK
6
CONTINUOUS
10
116.3922919999999976
20
-138.4293610000000001
11
116.2970539999999886
21
-138.5245999999999924
0
LINE
8
BLACK
6
CONTINUOUS
10
116.2970539999999886
20
-138.5245999999999924
11
116.106577999999999
21
-138.6198379999999872
0
LINE
8
BLACK
6
CONTINUOUS
10
116.106577999999999
20
-138.6198379999999872
11
115.6303869999999989
21
-138.6198379999999872
0
LINE
8
BLACK
6
CONTINUOUS
10
115.6303869999999989
20
-138.6198379999999872
11
115.4399109999999951
21
-138.5245999999999924
0
LINE
8
BLACK
6
CONTINUOUS
10
115.4399109999999951
20
-138.5245999999999924
11
115.3446730000000002
21
-138.4293610000000001
0
LINE
8
BLACK
6
CONTINUOUS
10
117.7256249999999937
20
-136.6198379999999872
11
117.9161019999999951
21
-136.6198379999999872
0
LINE
8
BLACK
6
CONTINUOUS
10
117.9161019999999951
20
-136.6198379999999872
11
118.106577999999999
21
-136.7150759999999821
0
LINE
8
BLACK
6
CONTINUOUS
10
118.106577999999999
20
-136.7150759999999821
11
118.2018159999999938
21
-136.8103140000000053
0
LINE
8
BLACK
6
CONTINUOUS
10
118.2018159999999938
20
-136.8103140000000053
11
118.2970539999999886
21
-137.000789999999995
0
LINE
8
BLACK
6
CONTINUOUS
10
118.2970539999999886
20
-137.000789999999995
11
118.3922919999999976
21
-137.3817420000000027
0
LINE
8
BLACK
6
CONTINUOUS
10
118.3922919999999976
20
-137.3817420000000027
11
118.3922919999999976
21
-137.8579330000000027
0
LINE
8
BLACK
6
CONTINUOUS
10
118.3922919999999976
20
-137.8579330000000027
11
118.2970539999999886
21
-138.238884999999982
0
LINE
8
BLACK
6
CONTINUOUS
10
118.2970539999999886
20
-138.238884999999982
11
118.2018159999999938
21
-138.4293610000000001
0
LINE
8
BLACK
6
CONTINUOUS
10
118.2018159999999938
20
-138.4293610000000001
11
118.106577999999999
21
-138.5245999999999924
0
LINE
8
BLACK
6
CONTINUOUS
10
118.106577999999999
20
-138.5245999999999924
11
117.9161019999999951
21
-138.6198379999999872
0
LINE
8
BLACK
6
CONTINUOUS
10
117.9161019999999951
20
-138.6198379999999872
11
117.7256249999999937
21
-138.6198379999999872
0
LINE
8
BLACK
6
CONTINUOUS
10
117.7256249999999937
20
-138.6198379999999872
11
117.5351489999999899
21
-138.5245999999999924
0
LINE
8
BLACK
6
CONTINUOUS
10
117.5351489999999899
20
-138.5245999999999924
11
117.4399109999999951
21
-138.4293610000000001
0
LINE
8
BLACK
6
CONTINUOUS
10
117.4399109999999951
20
-138.4293610000000001
11
117.3446730000000002
21
-138.238884999999982
0
LINE
8
BLACK
6
CONTINUOUS
10
117.3446730000000002
20
-138.238884999999982
11
117.2494349999999912
21
-137.8579330000000027
0
LINE
8
BLACK
6
CONTINUOUS
10
117.2494349999999912
20
-137.8579330000000027
11
117.2494349999999912
21
-137.3817420000000027
0
LINE
8
BLACK
6
CONTINUOUS
10
117.2494349999999912
20
-137.3817420000000027
11
117.3446730000000002
21
-137.000789999999995
0
LINE
8
BLACK
6
CONTINUOUS
10
117.3446730000000002
20
-137.000789999999995
11
117.4399109999999951
21
-136.8103140000000053
0
LINE
8
BLACK
6
CONTINUOUS
10
117.4399109999999951
20
-136.8103140000000053
11
117.5351489999999899
21
-136.7150759999999821
0
LINE
8
BLACK
6
CONTINUOUS
10
117.5351489999999899
20
-136.7150759999999821
11
117.7256249999999937
21
-136.6198379999999872
0
LINE
8
BLACK
6
CONTINUOUS
10
119.6303869999999989
20
-136.6198379999999872
11
119.8208640000000003
21
-136.6198379999999872
0
LINE
8
BLACK
6
CONTINUOUS
10
119.8208640000000003
20
-136.6198379999999872
11
120.0113399999999899
21
-136.7150759999999821
0
LINE
8
BLACK
6
CONTINUOUS
10
120.0113399999999899
20
-136.7150759999999821
11
120.106577999999999
21
-136.8103140000000053
0
LINE
8
BLACK
6
CONTINUOUS
10
120.106577999999999
20
-136.8103140000000053
11
120.2018159999999938
21
-137.000789999999995
0
LINE
8
BLACK
6
CONTINUOUS
10
120.2018159999999938
20
-137.000789999999995
11
120.2970539999999886
21
-137.3817420000000027
0
LINE
8
BLACK
6
CONTINUOUS
10
120.2970539999999886
20
-137.3817420000000027
11
120.2970539999999886
21
-137.8579330000000027
0
LINE
8
BLACK
6
CONTINUOUS
10
120.2970539999999886
20
-137.8579330000000027
11
120.2018159999999938
21
-138.238884999999982
0
LINE
8
BLACK
6
CONTINUOUS
10
120.2018159999999938
20
-138.238884999999982
11
120.106577999999999
21
-138.4293610000000001
0
LINE
8
BLACK
6
CONTINUOUS
10
120.106577999999999
20
-138.4293610000000001
11
120.0113399999999899
21
-138.5245999999999924
0
LINE
8
BLACK
6
CONTINUOUS
10
120.0113399999999899
20
-138.5245999999999924
11
119.8208640000000003
21
-138.6198379999999872
0
LINE
8
BLACK
6
CONTINUOUS
10
119.8208640000000003
20
-138.6198379999999872
11
119.6303869999999989
21
-138.6198379999999872
0
LINE
8
BLACK
6
CONTINUOUS
10
119.6303869999999989
20
-138.6198379999999872
11
119.4399109999999951
21
-138.5245999999999924
0
LINE
8
BLACK
6
CONTINUOUS
10
119.4399109999999951
20
-138.5245999999999924
11
119.3446730000000002
21
-138.4293610000000001
0
LINE
8
BLACK
6
CONTINUOUS
10
119.3446730000000002
20
-138.4293610000000001
11
119.2494349999999912
21
-138.238884999999982
0
LINE
8
BLACK
6
CONTINUOUS
10
119.2494349999999912
20
-138.238884999999982
11
119.1541969999999964
21
-137.8579330000000027
0
LINE
8
BLACK
6
CONTINUOUS
10
119.1541969999999964
20
-137.8579330000000027
11
119.1541969999999964
21
-137.3817420000000027
0
LINE
8
BLACK
6
CONTINUOUS
10
119.1541969999999964
20
-137.3817420000000027
11
119.2494349999999912
21
-137.000789999999995
0
LINE
8
BLACK
6
CONTINUOUS
10
119.2494349999999912
20
-137.000789999999995
11
119.3446730000000002
21
-136.8103140000000053
0
LINE
8
BLACK
6
CONTINUOUS
10
119.3446730000000002
20
-136.8103140000000053
11
119.4399109999999951
21
-136.7150759999999821
0
LINE
8
BLACK
6
CONTINUOUS
10
119.4399109999999951
20
-136.7150759999999821
11
119.6303869999999989
21
-136.6198379999999872
0
LINE
8
BLACK
6
CONTINUOUS
10
121.1541969999999964
20
-138.6198379999999872
11
121.1541969999999964
21
-137.2865040000000079
0
LINE
8
BLACK
6
CONTINUOUS
10
121.1541969999999964
20
-137.4769799999999975
11
121.2494349999999912
21
-137.3817420000000027
0
LINE
8
BLACK
6
CONTINUOUS
10
121.2494349999999912
20
-137.3817420000000027
11
121.4399109999999951
21
-137.2865040000000079
0
LINE
8
BLACK
6
CONTINUOUS
10
121.4399109999999951
20
-137.2865040000000079
11
121.7256259999999912
21
-137.2865040000000079
0
LINE
8
BLACK
6
CONTINUOUS
10
121.7256259999999912
20
-137.2865040000000079
11
121.9161019999999951
21
-137.3817420000000027
0
LINE
8
BLACK
6
CONTINUOUS
10
121.9161019999999951
20
-137.3817420000000027
11
122.0113399999999899
21
-137.5722189999999898
0
LINE
8
BLACK
6
CONTINUOUS
10
122.0113399999999899
20
-137.5722189999999898
11
122.0113399999999899
21
-138.6198379999999872
0
LINE
8
BLACK
6
CONTINUOUS
10
122.0113399999999899
20
-137.5722189999999898
11
122.106577999999999
21
-137.3817420000000027
0
LINE
8
BLACK
6
CONTINUOUS
10
122.106577999999999
20
-137.3817420000000027
11
122.2970539999999886
21
-137.2865040000000079
0
LINE
8
BLACK
6
CONTINUOUS
10
122.2970539999999886
20
-137.2865040000000079
11
122.5827680000000015
21
-137.2865040000000079
0
LINE
8
BLACK
6
CONTINUOUS
10
122.5827680000000015
20
-137.2865040000000079
11
122.7732449999999886
21
-137.3817420000000027
0
LINE
8
BLACK
6
CONTINUOUS
10
122.7732449999999886
20
-137.3817420000000027
11
122.8684829999999977
21
-137.5722189999999898
0
LINE
8
BLACK
6
CONTINUOUS
10
122.8684829999999977
20
-137.5722189999999898
11
122.8684829999999977
21
-138.6198379999999872
0
LINE
8
BLACK
6
CONTINUOUS
10
123.8208640000000003
20
-138.6198379999999872
11
123.8208640000000003
21
-137.2865040000000079
0
LINE
8
BLACK
6
CONTINUOUS
10
123.8208640000000003
20
-137.4769799999999975
11
123.9161019999999951
21
-137.3817420000000027
0
LINE
8
BLACK
6
CONTINUOUS
10
123.9161019999999951
20
-137.3817420000000027
11
124.106577999999999
21
-137.2865040000000079
0
LINE
8
BLACK
6
CONTINUOUS
10
124.106577999999999
20
-137.2865040000000079
11
124.3922929999999951
21
-137.2865040000000079
0
LINE
8
BLACK
6
CONTINUOUS
10
124.3922929999999951
20
-137.2865040000000079
11
124.582768999999999
21
-137.3817420000000027
0
LINE
8
BLACK
6
CONTINUOUS
10
124.582768999999999
20
-137.3817420000000027
11
124.6780069999999938
21
-137.5722189999999898
0
LINE
8
BLACK
6
CONTINUOUS
10
124.6780069999999938
20
-137.5722189999999898
11
124.6780069999999938
21
-138.6198379999999872
0
LINE
8
BLACK
6
CONTINUOUS
10
124.6780069999999938
20
-137.5722189999999898
11
124.7732449999999886
21
-137.3817420000000027
0
LINE
8
BLACK
6
CONTINUOUS
10
124.7732449999999886
20
-137.3817420000000027
11
124.9637209999999925
21
-137.2865040000000079
0
LINE
8
BLACK
6
CONTINUOUS
10
124.9637209999999925
20
-137.2865040000000079
11
125.2494349999999912
21
-137.2865040000000079
0
LINE
8
BLACK
6
CONTINUOUS
10
125.2494349999999912
20
-137.2865040000000079
11
125.4399119999999925
21
-137.3817420000000027
0
LINE
8
BLACK
6
CONTINUOUS
10
125.4399119999999925
20
-137.3817420000000027
11
125.5351499999999874
21
-137.5722189999999898
0
LINE
8
BLACK
6
CONTINUOUS
10
125.5351499999999874
20
-137.5722189999999898
11
125.5351499999999874
21
-138.6198379999999872
0
LINE
8
BLACK
6
CONTINUOUS
10
129.4399119999999925
20
-136.5245999999999924
11
127.7256269999999887
21
-139.0960279999999898
0
LINE
8
BLACK
6
CONTINUOUS
10
132.0113409999999874
20
-136.6198379999999872
11
132.2018180000000029
21
-136.6198379999999872
0
LINE
8
BLACK
6
CONTINUOUS
10
132.2018180000000029
20
-136.6198379999999872
11
132.3922939999999926
21
-136.7150759999999821
0
LINE
8
BLACK
6
CONTINUOUS
10
132.3922939999999926
20
-136.7150759999999821
11
132.4875319999999874
21
-136.8103140000000053
0
LINE
8
BLACK
6
CONTINUOUS
10
132.4875319999999874
20
-136.8103140000000053
11
132.5827699999999822
21
-137.000789999999995
0
LINE
8
BLACK
6
CONTINUOUS
10
132.5827699999999822
20
-137.000789999999995
11
132.6780080000000055
21
-137.3817420000000027
0
LINE
8
BLACK
6
CONTINUOUS
10
132.6780080000000055
20
-137.3817420000000027
11
132.6780080000000055
21
-137.8579330000000027
0
LINE
8
BLACK
6
CONTINUOUS
10
132.6780080000000055
20
-137.8579330000000027
11
132.5827699999999822
21
-138.238884999999982
0
LINE
8
BLACK
6
CONTINUOUS
10
132.5827699999999822
20
-138.238884999999982
11
132.4875319999999874
21
-138.4293610000000001
0
LINE
8
BLACK
6
CONTINUOUS
10
132.4875319999999874
20
-138.4293610000000001
11
132.3922939999999926
21
-138.5245999999999924
0
LINE
8
BLACK
6
CONTINUOUS
10
132.3922939999999926
20
-138.5245999999999924
11
132.2018180000000029
21
-138.6198379999999872
0
LINE
8
BLACK
6
CONTINUOUS
10
132.2018180000000029
20
-138.6198379999999872
11
132.0113409999999874
21
-138.6198379999999872
0
LINE
8
BLACK
6
CONTINUOUS
10
132.0113409999999874
20
-138.6198379999999872
11
131.8208649999999977
21
-138.5245999999999924
0
LINE
8
BLACK
6
CONTINUOUS
10
131.8208649999999977
20
-138.5245999999999924
11
131.7256270000000029
21
-138.4293610000000001
0
LINE
8
BLACK
6
CONTINUOUS
10
131.7256270000000029
20
-138.4293610000000001
11
131.6303890000000081
21
-138.238884999999982
0
LINE
8
BLACK
6
CONTINUOUS
10
131.6303890000000081
20
-138.238884999999982
11
131.5351509999999848
21
-137.8579330000000027
0
LINE
8
BLACK
6
CONTINUOUS
10
131.5351509999999848
20
-137.8579330000000027
11
131.5351509999999848
21
-137.3817420000000027
0
LINE
8
BLACK
6
CONTINUOUS
10
131.5351509999999848
20
-137.3817420000000027
11
131.6303890000000081
21
-137.000789999999995
0
LINE
8
BLACK
6
CONTINUOUS
10
131.6303890000000081
20
-137.000789999999995
11
131.7256270000000029
21
-136.8103140000000053
0
LINE
8
BLACK
6
CONTINUOUS
10
131.7256270000000029
20
-136.8103140000000053
11
131.8208649999999977
21
-136.7150759999999821
0
LINE
8
BLACK
6
CONTINUOUS
10
131.8208649999999977
20
-136.7150759999999821
11
132.0113409999999874
21
-136.6198379999999872
0
LINE
8
BLACK
6
CONTINUOUS
10
133.5351509999999848
20
-138.4293610000000001
11
133.6303890000000081
21
-138.5245999999999924
0
LINE
8
BLACK
6
CONTINUOUS
10
133.6303890000000081
20
-138.5245999999999924
11
133.5351509999999848
21
-138.6198379999999872
0
LINE
8
BLACK
6
CONTINUOUS
10
133.5351509999999848
20
-138.6198379999999872
11
133.43991299999999
21
-138.5245999999999924
0
LINE
8
BLACK
6
CONTINUOUS
10
133.43991299999999
20
-138.5245999999999924
11
133.5351509999999848
21
-138.4293610000000001
0
LINE
8
BLACK
6
CONTINUOUS
10
133.5351509999999848
20
-138.4293610000000001
11
133.5351509999999848
21
-138.6198379999999872
0
LINE
8
BLACK
6
CONTINUOUS
10
134.8684839999999951
20
-136.6198379999999872
11
135.0589609999999823
21
-136.6198379999999872
0
LINE
8
BLACK
6
CONTINUOUS
10
135.0589609999999823
20
-136.6198379999999872
11
135.2494370000000004
21
-136.7150759999999821
0
LINE
8
BLACK
6
CONTINUOUS
10
135.2494370000000004
20
-136.7150759999999821
11
135.3446749999999952
21
-136.8103140000000053
0
LINE
8
BLACK
6
CONTINUOUS
10
135.3446749999999952
20
-136.8103140000000053
11
135.43991299999999
21
-137.000789999999995
0
LINE
8
BLACK
6
CONTINUOUS
10
135.43991299999999
20
-137.000789999999995
11
135.5351509999999848
21
-137.3817420000000027
0
LINE
8
BLACK
6
CONTINUOUS
10
135.5351509999999848
20
-137.3817420000000027
11
135.5351509999999848
21
-137.8579330000000027
0
LINE
8
BLACK
6
CONTINUOUS
10
135.5351509999999848
20
-137.8579330000000027
11
135.43991299999999
21
-138.238884999999982
0
LINE
8
BLACK
6
CONTINUOUS
10
135.43991299999999
20
-138.238884999999982
11
135.3446749999999952
21
-138.4293610000000001
0
LINE
8
BLACK
6
CONTINUOUS
10
135.3446749999999952
20
-138.4293610000000001
11
135.2494370000000004
21
-138.5245999999999924
0
LINE
8
BLACK
6
CONTINUOUS
10
135.2494370000000004
20
-138.5245999999999924
11
135.0589609999999823
21
-138.6198379999999872
0
LINE
8
BLACK
6
CONTINUOUS
10
135.0589609999999823
20
-138.6198379999999872
11
134.8684839999999951
21
-138.6198379999999872
0
LINE
8
BLACK
6
CONTINUOUS
10
134.8684839999999951
20
-138.6198379999999872
11
134.6780080000000055
21
-138.5245999999999924
0
LINE
8
BLACK
6
CONTINUOUS
10
134.6780080000000055
20
-138.5245999999999924
11
134.5827699999999822
21
-138.4293610000000001
0
LINE
8
BLACK
6
CONTINUOUS
10
134.5827699999999822
20
-138.4293610000000001
11
134.4875319999999874
21
-138.238884999999982
0
LINE
8
BLACK
6
CONTINUOUS
10
134.4875319999999874
20
-138.238884999999982
11
134.3922939999999926
21
-137.8579330000000027
0
LINE
8
BLACK
6
CONTINUOUS
10
134.3922939999999926
20
-137.8579330000000027
11
134.3922939999999926
21
-137.3817420000000027
0
LINE
8
BLACK
6
CONTINUOUS
10
134.3922939999999926
20
-137.3817420000000027
11
134.4875319999999874
21
-137.000789999999995
0
LINE
8
BLACK
6
CONTINUOUS
10
134.4875319999999874
20
-137.000789999999995
11
134.5827699999999822
21
-136.8103140000000053
0
LINE
8
BLACK
6
CONTINUOUS
10
134.5827699999999822
20
-136.8103140000000053
11
134.6780080000000055
21
-136.7150759999999821
0
LINE
8
BLACK
6
CONTINUOUS
10
134.6780080000000055
20
-136.7150759999999821
11
134.8684839999999951
21
-136.6198379999999872
0
LINE
8
BLACK
6
CONTINUOUS
10
137.43991299999999
20
-138.6198379999999872
11
136.2970559999999978
21
-138.6198379999999872
0
LINE
8
BLACK
6
CONTINUOUS
10
136.8684839999999951
20
-138.6198379999999872
11
136.8684839999999951
21
-136.6198379999999872
0
LINE
8
BLACK
6
CONTINUOUS
10
136.8684839999999951
20
-136.6198379999999872
11
136.6780080000000055
21
-136.9055520000000001
0
LINE
8
BLACK
6
CONTINUOUS
10
136.6780080000000055
20
-136.9055520000000001
11
136.4875319999999874
21
-137.0960279999999898
0
LINE
8
BLACK
6
CONTINUOUS
10
136.4875319999999874
20
-137.0960279999999898
11
136.2970559999999978
21
-137.1912659999999846
0
LINE
8
BLACK
6
CONTINUOUS
10
138.3922939999999926
20
-138.6198379999999872
11
138.7732460000000003
21
-138.6198379999999872
0
LINE
8
BLACK
6
CONTINUOUS
10
138.7732460000000003
20
-138.6198379999999872
11
138.9637229999999875
21
-138.5245999999999924
0
LINE
8
BLACK
6
CONTINUOUS
10
138.9637229999999875
20
-138.5245999999999924
11
139.0589609999999823
21
-138.4293610000000001
0
LINE
8
BLACK
6
CONTINUOUS
10
139.0589609999999823
20
-138.4293610000000001
11
139.2494370000000004
21
-138.1436469999999872
0
LINE
8
BLACK
6
CONTINUOUS
10
139.2494370000000004
20
-138.1436469999999872
11
139.3446749999999952
21
-137.7626950000000079
0
LINE
8
BLACK
6
CONTINUOUS
10
139.3446749999999952
20
-137.7626950000000079
11
139.3446749999999952
21
-137.000789999999995
0
LINE
8
BLACK
6
CONTINUOUS
10
139.3446749999999952
20
-137.000789999999995
11
139.2494370000000004
21
-136.8103140000000053
0
LINE
8
BLACK
6
CONTINUOUS
10
139.2494370000000004
20
-136.8103140000000053
11
139.1541990000000055
21
-136.7150759999999821
0
LINE
8
BLACK
6
CONTINUOUS
10
139.1541990000000055
20
-136.7150759999999821
11
138.9637229999999875
21
-136.6198379999999872
0
LINE
8
BLACK
6
CONTINUOUS
10
138.9637229999999875
20
-136.6198379999999872
11
138.5827699999999822
21
-136.6198379999999872
0
LINE
8
BLACK
6
CONTINUOUS
10
138.5827699999999822
20
-136.6198379999999872
11
138.3922939999999926
21
-136.7150759999999821
0
LINE
8
BLACK
6
CONTINUOUS
10
138.3922939999999926
20
-136.7150759999999821
11
138.2970559999999978
21
-136.8103140000000053
0
LINE
8
BLACK
6
CONTINUOUS
10
138.2970559999999978
20
-136.8103140000000053
11
138.2018180000000029
21
-137.000789999999995
0
LINE
8
BLACK
6
CONTINUOUS
10
138.2018180000000029
20
-137.000789999999995
11
138.2018180000000029
21
-137.4769799999999975
0
LINE
8
BLACK
6
CONTINUOUS
10
138.2018180000000029
20
-137.4769799999999975
11
138.2970559999999978
21
-137.6674569999999846
0
LINE
8
BLACK
6
CONTINUOUS
10
138.2970559999999978
20
-137.6674569999999846
11
138.3922939999999926
21
-137.7626950000000079
0
LINE
8
BLACK
6
CONTINUOUS
10
138.3922939999999926
20
-137.7626950000000079
11
138.5827699999999822
21
-137.8579330000000027
0
LINE
8
BLACK
6
CONTINUOUS
10
138.5827699999999822
20
-137.8579330000000027
11
138.9637229999999875
21
-137.8579330000000027
0
LINE
8
BLACK
6
CONTINUOUS
10
138.9637229999999875
20
-137.8579330000000027
11
139.1541990000000055
21
-137.7626950000000079
0
LINE
8
BLACK
6
CONTINUOUS
10
139.1541990000000055
20
-137.7626950000000079
11
139.2494370000000004
21
-137.6674569999999846
0
LINE
8
BLACK
6
CONTINUOUS
10
139.2494370000000004
20
-137.6674569999999846
11
139.3446749999999952
21
-137.4769799999999975
0
LINE
8
BLACK
6
CONTINUOUS
10
140.0113419999999849
20
-136.6198379999999872
11
141.3446749999999952
21
-136.6198379999999872
0
LINE
8
BLACK
6
CONTINUOUS
10
141.3446749999999952
20
-136.6198379999999872
11
140.4875319999999874
21
-138.6198379999999872
0
LINE
8
BLACK
6
CONTINUOUS
10
142.0113419999999849
20
-136.6198379999999872
11
142.0113419999999849
21
-137.000789999999995
0
LINE
8
BLACK
6
CONTINUOUS
10
142.7732469999999978
20
-136.6198379999999872
11
142.7732469999999978
21
-137.000789999999995
0
LINE
8
BLACK
6
CONTINUOUS
10
145.7256289999999979
20
-139.3817420000000027
11
145.6303900000000056
21
-139.2865040000000079
0
LINE
8
BLACK
6
CONTINUOUS
10
145.6303900000000056
20
-139.2865040000000079
11
145.4399139999999875
21
-139.000789999999995
0
LINE
8
BLACK
6
CONTINUOUS
10
145.4399139999999875
20
-139.000789999999995
11
145.3446759999999927
21
-138.8103140000000053
0
LINE
8
BLACK
6
CONTINUOUS
10
145.3446759999999927
20
-138.8103140000000053
11
145.2494379999999978
21
-138.5245999999999924
0
LINE
8
BLACK
6
CONTINUOUS
10
145.2494379999999978
20
-138.5245999999999924
11
145.154200000000003
21
-138.0484089999999924
0
LINE
8
BLACK
6
CONTINUOUS
10
145.154200000000003
20
-138.0484089999999924
11
145.154200000000003
21
-137.6674569999999846
0
LINE
8
BLACK
6
CONTINUOUS
10
145.154200000000003
20
-137.6674569999999846
11
145.2494379999999978
21
-137.1912659999999846
0
LINE
8
BLACK
6
CONTINUOUS
10
145.2494379999999978
20
-137.1912659999999846
11
145.3446759999999927
21
-136.9055520000000001
0
LINE
8
BLACK
6
CONTINUOUS
10
145.3446759999999927
20
-136.9055520000000001
11
145.4399139999999875
21
-136.7150759999999821
0
LINE
8
BLACK
6
CONTINUOUS
10
145.4399139999999875
20
-136.7150759999999821
11
145.6303900000000056
21
-136.4293610000000001
0
LINE
8
BLACK
6
CONTINUOUS
10
145.6303900000000056
20
-136.4293610000000001
11
145.7256289999999979
21
-136.3341230000000053
0
LINE
8
BLACK
6
CONTINUOUS
10
147.5351519999999823
20
-138.6198379999999872
11
146.3922949999999901
21
-138.6198379999999872
0
LINE
8
BLACK
6
CONTINUOUS
10
146.9637229999999875
20
-138.6198379999999872
11
146.9637229999999875
21
-136.6198379999999872
0
LINE
8
BLACK
6
CONTINUOUS
10
146.9637229999999875
20
-136.6198379999999872
11
146.7732469999999978
21
-136.9055520000000001
0
LINE
8
BLACK
6
CONTINUOUS
10
146.7732469999999978
20
-136.9055520000000001
11
146.5827709999999797
21
-137.0960279999999898
0
LINE
8
BLACK
6
CONTINUOUS
10
146.5827709999999797
20
-137.0960279999999898
11
146.3922949999999901
21
-137.1912659999999846
0
LINE
8
BLACK
6
CONTINUOUS
10
149.9161049999999875
20
-138.6198379999999872
11
149.9161049999999875
21
-136.6198379999999872
0
LINE
8
BLACK
6
CONTINUOUS
10
150.7732479999999953
20
-138.6198379999999872
11
150.7732479999999953
21
-137.5722189999999898
0
LINE
8
BLACK
6
CONTINUOUS
10
150.7732479999999953
20
-137.5722189999999898
11
150.6780100000000004
21
-137.3817420000000027
0
LINE
8
BLACK
6
CONTINUOUS
10
150.6780100000000004
20
-137.3817420000000027
11
150.4875339999999824
21
-137.2865040000000079
0
LINE
8
BLACK
6
CONTINUOUS
10
150.4875339999999824
20
-137.2865040000000079
11
150.2018190000000004
21
-137.2865040000000079
0
LINE
8
BLACK
6
CONTINUOUS
10
150.2018190000000004
20
-137.2865040000000079
11
150.0113429999999823
21
-137.3817420000000027
0
LINE
8
BLACK
6
CONTINUOUS
10
150.0113429999999823
20
-137.3817420000000027
11
149.9161049999999875
21
-137.4769799999999975
0
LINE
8
BLACK
6
CONTINUOUS
10
152.0113429999999823
20
-138.6198379999999872
11
151.8208669999999927
21
-138.5245999999999924
0
LINE
8
BLACK
6
CONTINUOUS
10
151.8208669999999927
20
-138.5245999999999924
11
151.7256289999999979
21
-138.4293610000000001
0
LINE
8
BLACK
6
CONTINUOUS
10
151.7256289999999979
20
-138.4293610000000001
11
151.630391000000003
21
-138.238884999999982
0
LINE
8
BLACK
6
CONTINUOUS
10
151.630391000000003
20
-138.238884999999982
11
151.630391000000003
21
-137.6674569999999846
0
LINE
8
BLACK
6
CONTINUOUS
10
151.630391000000003
20
-137.6674569999999846
11
151.7256289999999979
21
-137.4769799999999975
0
LINE
8
BLACK
6
CONTINUOUS
10
151.7256289999999979
20
-137.4769799999999975
11
151.8208669999999927
21
-137.3817420000000027
0
LINE
8
BLACK
6
CONTINUOUS
10
151.8208669999999927
20
-137.3817420000000027
11
152.0113429999999823
21
-137.2865040000000079
0
LINE
8
BLACK
6
CONTINUOUS
10
152.0113429999999823
20
-137.2865040000000079
11
152.2970579999999927
21
-137.2865040000000079
0
LINE
8
BLACK
6
CONTINUOUS
10
152.2970579999999927
20
-137.2865040000000079
11
152.4875339999999824
21
-137.3817420000000027
0
LINE
8
BLACK
6
CONTINUOUS
10
152.4875339999999824
20
-137.3817420000000027
11
152.5827720000000056
21
-137.4769799999999975
0
LINE
8
BLACK
6
CONTINUOUS
10
152.5827720000000056
20
-137.4769799999999975
11
152.6780100000000004
21
-137.6674569999999846
0
LINE
8
BLACK
6
CONTINUOUS
10
152.6780100000000004
20
-137.6674569999999846
11
152.6780100000000004
21
-138.238884999999982
0
LINE
8
BLACK
6
CONTINUOUS
10
152.6780100000000004
20
-138.238884999999982
11
152.5827720000000056
21
-138.4293610000000001
0
LINE
8
BLACK
6
CONTINUOUS
10
152.5827720000000056
20
-138.4293610000000001
11
152.4875339999999824
21
-138.5245999999999924
0
LINE
8
BLACK
6
CONTINUOUS
10
152.4875339999999824
20
-138.5245999999999924
11
152.2970579999999927
21
-138.6198379999999872
0
LINE
8
BLACK
6
CONTINUOUS
10
152.2970579999999927
20
-138.6198379999999872
11
152.0113429999999823
21
-138.6198379999999872
0
LINE
8
BLACK
6
CONTINUOUS
10
153.8208669999999927
20
-138.6198379999999872
11
153.630391000000003
21
-138.5245999999999924
0
LINE
8
BLACK
6
CONTINUOUS
10
153.630391000000003
20
-138.5245999999999924
11
153.5351529999999798
21
-138.3341230000000053
0
LINE
8
BLACK
6
CONTINUOUS
10
153.5351529999999798
20
-138.3341230000000053
11
153.5351529999999798
21
-136.6198379999999872
0
LINE
8
BLACK
6
CONTINUOUS
10
155.3446769999999901
20
-138.5245999999999924
11
155.1542010000000005
21
-138.6198379999999872
0
LINE
8
BLACK
6
CONTINUOUS
10
155.1542010000000005
20
-138.6198379999999872
11
154.7732479999999953
21
-138.6198379999999872
0
LINE
8
BLACK
6
CONTINUOUS
10
154.7732479999999953
20
-138.6198379999999872
11
154.5827720000000056
21
-138.5245999999999924
0
LINE
8
BLACK
6
CONTINUOUS
10
154.5827720000000056
20
-138.5245999999999924
11
154.4875339999999824
21
-138.3341230000000053
0
LINE
8
BLACK
6
CONTINUOUS
10
154.4875339999999824
20
-138.3341230000000053
11
154.4875339999999824
21
-137.5722189999999898
0
LINE
8
BLACK
6
CONTINUOUS
10
154.4875339999999824
20
-137.5722189999999898
11
154.5827720000000056
21
-137.3817420000000027
0
LINE
8
BLACK
6
CONTINUOUS
10
154.5827720000000056
20
-137.3817420000000027
11
154.7732479999999953
21
-137.2865040000000079
0
LINE
8
BLACK
6
CONTINUOUS
10
154.7732479999999953
20
-137.2865040000000079
11
155.1542010000000005
21
-137.2865040000000079
0
LINE
8
BLACK
6
CONTINUOUS
10
155.1542010000000005
20
-137.2865040000000079
11
155.3446769999999901
21
-137.3817420000000027
0
LINE
8
BLACK
6
CONTINUOUS
10
155.3446769999999901
20
-137.3817420000000027
11
155.439914999999985
21
-137.5722189999999898
0
LINE
8
BLACK
6
CONTINUOUS
10
155.439914999999985
20
-137.5722189999999898
11
155.439914999999985
21
-137.7626950000000079
0
LINE
8
BLACK
6
CONTINUOUS
10
155.439914999999985
20
-137.7626950000000079
11
154.4875339999999824
21
-137.9531709999999975
0
LINE
8
BLACK
6
CONTINUOUS
10
156.1065820000000031
20
-139.3817420000000027
11
156.2018199999999979
21
-139.2865040000000079
0
LINE
8
BLACK
6
CONTINUOUS
10
156.2018199999999979
20
-139.2865040000000079
11
156.3922959999999875
21
-139.000789999999995
0
LINE
8
BLACK
6
CONTINUOUS
10
156.3922959999999875
20
-139.000789999999995
11
156.4875339999999824
21
-138.8103140000000053
0
LINE
8
BLACK
6
CONTINUOUS
10
156.4875339999999824
20
-138.8103140000000053
11
156.5827720000000056
21
-138.5245999999999924
0
LINE
8
BLACK
6
CONTINUOUS
10
156.5827720000000056
20
-138.5245999999999924
11
156.6780100000000004
21
-138.0484089999999924
0
LINE
8
BLACK
6
CONTINUOUS
10
156.6780100000000004
20
-138.0484089999999924
11
156.6780100000000004
21
-137.6674569999999846
0
LINE
8
BLACK
6
CONTINUOUS
10
156.6780100000000004
20
-137.6674569999999846
11
156.5827720000000056
21
-137.1912659999999846
0
LINE
8
BLACK
6
CONTINUOUS
10
156.5827720000000056
20
-137.1912659999999846
11
156.4875339999999824
21
-136.9055520000000001
0
LINE
8
BLACK
6
CONTINUOUS
10
156.4875339999999824
20
-136.9055520000000001
11
156.3922959999999875
21
-136.7150759999999821
0
LINE
8
BLACK
6
CONTINUOUS
10
156.3922959999999875
20
-136.7150759999999821
11
156.2018199999999979
21
-136.4293610000000001
0
LINE
8
BLACK
6
CONTINUOUS
10
156.2018199999999979
20
-136.4293610000000001
11
156.1065820000000031
21
-136.3341230000000053
0
LINE
8
BLACK
6
CONTINUOUS
10
109.8724899999999991
20
-140.592489999999998
11
109.8724899999999991
21
-140.0975099999999998
0
LINE
8
BLACK
6
CONTINUOUS
10
109.8724899999999991
20
-140.0975099999999998
11
109.3775100000000009
21
-140.0975099999999998
0
LINE
8
BLACK
6
CONTINUOUS
10
109.3775100000000009
20
-140.0975099999999998
11
109.3775100000000009
21
-140.592489999999998
0
LINE
8
BLACK
6
CONTINUOUS
10
109.3775100000000009
20
-140.592489999999998
11
109.8724899999999991
21
-140.592489999999998
0
LINE
8
BLACK
6
CONTINUOUS
10
112.963719999999995
20
-139.259838000000002
11
113.1541969999999964
21
-139.259838000000002
0
LINE
8
BLACK
6
CONTINUOUS
10
113.1541969999999964
20
-139.259838000000002
11
113.3446730000000002
21
-139.3550759999999968
0
LINE
8
BLACK
6
CONTINUOUS
10
113.3446730000000002
20
-139.3550759999999968
11
113.4399109999999951
21
-139.4503139999999917
0
LINE
8
BLACK
6
CONTINUOUS
10
113.4399109999999951
20
-139.4503139999999917
11
113.5351489999999899
21
-139.6407899999999813
0
LINE
8
BLACK
6
CONTINUOUS
10
113.5351489999999899
20
-139.6407899999999813
11
113.6303869999999989
21
-140.021741999999989
0
LINE
8
BLACK
6
CONTINUOUS
10
113.6303869999999989
20
-140.021741999999989
11
113.6303869999999989
21
-140.4979329999999891
0
LINE
8
BLACK
6
CONTINUOUS
10
113.6303869999999989
20
-140.4979329999999891
11
113.5351489999999899
21
-140.8788849999999968
0
LINE
8
BLACK
6
CONTINUOUS
10
113.5351489999999899
20
-140.8788849999999968
11
113.4399109999999951
21
-141.0693609999999865
0
LINE
8
BLACK
6
CONTINUOUS
10
113.4399109999999951
20
-141.0693609999999865
11
113.3446730000000002
21
-141.1646000000000072
0
LINE
8
BLACK
6
CONTINUOUS
10
113.3446730000000002
20
-141.1646000000000072
11
113.1541969999999964
21
-141.259838000000002
0
LINE
8
BLACK
6
CONTINUOUS
10
113.1541969999999964
20
-141.259838000000002
11
112.963719999999995
21
-141.259838000000002
0
LINE
8
BLACK
6
CONTINUOUS
10
112.963719999999995
20
-141.259838000000002
11
112.7732439999999912
21
-141.1646000000000072
0
LINE
8
BLACK
6
CONTINUOUS
10
112.7732439999999912
20
-141.1646000000000072
11
112.6780059999999963
21
-141.0693609999999865
0
LINE
8
BLACK
6
CONTINUOUS
10
112.6780059999999963
20
-141.0693609999999865
11
112.5827680000000015
21
-140.8788849999999968
0
LINE
8
BLACK
6
CONTINUOUS
10
112.5827680000000015
20
-140.8788849999999968
11
112.4875299999999925
21
-140.4979329999999891
0
LINE
8
BLACK
6
CONTINUOUS
10
112.4875299999999925
20
-140.4979329999999891
11
112.4875299999999925
21
-140.021741999999989
0
LINE
8
BLACK
6
CONTINUOUS
10
112.4875299999999925
20
-140.021741999999989
11
112.5827680000000015
21
-139.6407899999999813
0
LINE
8
BLACK
6
CONTINUOUS
10
112.5827680000000015
20
-139.6407899999999813
11
112.6780059999999963
21
-139.4503139999999917
0
LINE
8
BLACK
6
CONTINUOUS
10
112.6780059999999963
20
-139.4503139999999917
11
112.7732439999999912
21
-139.3550759999999968
0
LINE
8
BLACK
6
CONTINUOUS
10
112.7732439999999912
20
-139.3550759999999968
11
112.963719999999995
21
-139.259838000000002
0
LINE
8
BLACK
6
CONTINUOUS
10
114.4875299999999925
20
-141.0693609999999865
11
114.5827680000000015
21
-141.1646000000000072
0
LINE
8
BLACK
6
CONTINUOUS
10
114.5827680000000015
20
-141.1646000000000072
11
114.4875299999999925
21
-141.259838000000002
0
LINE
8
BLACK
6
CONTINUOUS
10
114.4875299999999925
20
-141.259838000000002
11
114.3922919999999976
21
-141.1646000000000072
0
LINE
8
BLACK
6
CONTINUOUS
10
114.3922919999999976
20
-141.1646000000000072
11
114.4875299999999925
21
-141.0693609999999865
0
LINE
8
BLACK
6
CONTINUOUS
10
114.4875299999999925
20
-141.0693609999999865
11
114.4875299999999925
21
-141.259838000000002
0
LINE
8
BLACK
6
CONTINUOUS
10
115.2494349999999912
20
-139.259838000000002
11
116.5827680000000015
21
-139.259838000000002
0
LINE
8
BLACK
6
CONTINUOUS
10
116.5827680000000015
20
-139.259838000000002
11
115.7256249999999937
21
-141.259838000000002
0
LINE
8
BLACK
6
CONTINUOUS
10
117.7256249999999937
20
-139.259838000000002
11
117.9161019999999951
21
-139.259838000000002
0
LINE
8
BLACK
6
CONTINUOUS
10
117.9161019999999951
20
-139.259838000000002
11
118.106577999999999
21
-139.3550759999999968
0
LINE
8
BLACK
6
CONTINUOUS
10
118.106577999999999
20
-139.3550759999999968
11
118.2018159999999938
21
-139.4503139999999917
0
LINE
8
BLACK
6
CONTINUOUS
10
118.2018159999999938
20
-139.4503139999999917
11
118.2970539999999886
21
-139.6407899999999813
0
LINE
8
BLACK
6
CONTINUOUS
10
118.2970539999999886
20
-139.6407899999999813
11
118.3922919999999976
21
-140.021741999999989
0
LINE
8
BLACK
6
CONTINUOUS
10
118.3922919999999976
20
-140.021741999999989
11
118.3922919999999976
21
-140.4979329999999891
0
LINE
8
BLACK
6
CONTINUOUS
10
118.3922919999999976
20
-140.4979329999999891
11
118.2970539999999886
21
-140.8788849999999968
0
LINE
8
BLACK
6
CONTINUOUS
10
118.2970539999999886
20
-140.8788849999999968
11
118.2018159999999938
21
-141.0693609999999865
0
LINE
8
BLACK
6
CONTINUOUS
10
118.2018159999999938
20
-141.0693609999999865
11
118.106577999999999
21
-141.1646000000000072
0
LINE
8
BLACK
6
CONTINUOUS
10
118.106577999999999
20
-141.1646000000000072
11
117.9161019999999951
21
-141.259838000000002
0
LINE
8
BLACK
6
CONTINUOUS
10
117.9161019999999951
20
-141.259838000000002
11
117.7256249999999937
21
-141.259838000000002
0
LINE
8
BLACK
6
CONTINUOUS
10
117.7256249999999937
20
-141.259838000000002
11
117.5351489999999899
21
-141.1646000000000072
0
LINE
8
BLACK
6
CONTINUOUS
10
117.5351489999999899
20
-141.1646000000000072
11
117.4399109999999951
21
-141.0693609999999865
0
LINE
8
BLACK
6
CONTINUOUS
10
117.4399109999999951
20
-141.0693609999999865
11
117.3446730000000002
21
-140.8788849999999968
0
LINE
8
BLACK
6
CONTINUOUS
10
117.3446730000000002
20
-140.8788849999999968
11
117.2494349999999912
21
-140.4979329999999891
0
LINE
8
BLACK
6
CONTINUOUS
10
117.2494349999999912
20
-140.4979329999999891
11
117.2494349999999912
21
-140.021741999999989
0
LINE
8
BLACK
6
CONTINUOUS
10
117.2494349999999912
20
-140.021741999999989
11
117.3446730000000002
21
-139.6407899999999813
0
LINE
8
BLACK
6
CONTINUOUS
10
117.3446730000000002
20
-139.6407899999999813
11
117.4399109999999951
21
-139.4503139999999917
0
LINE
8
BLACK
6
CONTINUOUS
10
117.4399109999999951
20
-139.4503139999999917
11
117.5351489999999899
21
-139.3550759999999968
0
LINE
8
BLACK
6
CONTINUOUS
10
117.5351489999999899
20
-139.3550759999999968
11
117.7256249999999937
21
-139.259838000000002
0
LINE
8
BLACK
6
CONTINUOUS
10
119.6303869999999989
20
-139.259838000000002
11
119.8208640000000003
21
-139.259838000000002
0
LINE
8
BLACK
6
CONTINUOUS
10
119.8208640000000003
20
-139.259838000000002
11
120.0113399999999899
21
-139.3550759999999968
0
LINE
8
BLACK
6
CONTINUOUS
10
120.0113399999999899
20
-139.3550759999999968
11
120.106577999999999
21
-139.4503139999999917
0
LINE
8
BLACK
6
CONTINUOUS
10
120.106577999999999
20
-139.4503139999999917
11
120.2018159999999938
21
-139.6407899999999813
0
LINE
8
BLACK
6
CONTINUOUS
10
120.2018159999999938
20
-139.6407899999999813
11
120.2970539999999886
21
-140.021741999999989
0
LINE
8
BLACK
6
CONTINUOUS
10
120.2970539999999886
20
-140.021741999999989
11
120.2970539999999886
21
-140.4979329999999891
0
LINE
8
BLACK
6
CONTINUOUS
10
120.2970539999999886
20
-140.4979329999999891
11
120.2018159999999938
21
-140.8788849999999968
0
LINE
8
BLACK
6
CONTINUOUS
10
120.2018159999999938
20
-140.8788849999999968
11
120.106577999999999
21
-141.0693609999999865
0
LINE
8
BLACK
6
CONTINUOUS
10
120.106577999999999
20
-141.0693609999999865
11
120.0113399999999899
21
-141.1646000000000072
0
LINE
8
BLACK
6
CONTINUOUS
10
120.0113399999999899
20
-141.1646000000000072
11
119.8208640000000003
21
-141.259838000000002
0
LINE
8
BLACK
6
CONTINUOUS
10
119.8208640000000003
20
-141.259838000000002
11
119.6303869999999989
21
-141.259838000000002
0
LINE
8
BLACK
6
CONTINUOUS
10
119.6303869999999989
20
-141.259838000000002
11
119.4399109999999951
21
-141.1646000000000072
0
LINE
8
BLACK
6
CONTINUOUS
10
119.4399109999999951
20
-141.1646000000000072
11
119.3446730000000002
21
-141.0693609999999865
0
LINE
8
BLACK
6
CONTINUOUS
10
119.3446730000000002
20
-141.0693609999999865
11
119.2494349999999912
21
-140.8788849999999968
0
LINE
8
BLACK
6
CONTINUOUS
10
119.2494349999999912
20
-140.8788849999999968
11
119.1541969999999964
21
-140.4979329999999891
0
LINE
8
BLACK
6
CONTINUOUS
10
119.1541969999999964
20
-140.4979329999999891
11
119.1541969999999964
21
-140.021741999999989
0
LINE
8
BLACK
6
CONTINUOUS
10
119.1541969999999964
20
-140.021741999999989
11
119.2494349999999912
21
-139.6407899999999813
0
LINE
8
BLACK
6
CONTINUOUS
10
119.2494349999999912
20
-139.6407899999999813
11
119.3446730000000002
21
-139.4503139999999917
0
LINE
8
BLACK
6
CONTINUOUS
10
119.3446730000000002
20
-139.4503139999999917
11
119.4399109999999951
21
-139.3550759999999968
0
LINE
8
BLACK
6
CONTINUOUS
10
119.4399109999999951
20
-139.3550759999999968
11
119.6303869999999989
21
-139.259838000000002
0
LINE
8
BLACK
6
CONTINUOUS
10
121.1541969999999964
20
-141.259838000000002
11
121.1541969999999964
21
-139.9265039999999942
0
LINE
8
BLACK
6
CONTINUOUS
10
121.1541969999999964
20
-140.1169799999999839
11
121.2494349999999912
21
-140.021741999999989
0
LINE
8
BLACK
6
CONTINUOUS
10
121.2494349999999912
20
-140.021741999999989
11
121.4399109999999951
21
-139.9265039999999942
0
LINE
8
BLACK
6
CONTINUOUS
10
121.4399109999999951
20
-139.9265039999999942
11
121.7256259999999912
21
-139.9265039999999942
0
LINE
8
BLACK
6
CONTINUOUS
10
121.7256259999999912
20
-139.9265039999999942
11
121.9161019999999951
21
-140.021741999999989
0
LINE
8
BLACK
6
CONTINUOUS
10
121.9161019999999951
20
-140.021741999999989
11
122.0113399999999899
21
-140.2122190000000046
0
LINE
8
BLACK
6
CONTINUOUS
10
122.0113399999999899
20
-140.2122190000000046
11
122.0113399999999899
21
-141.259838000000002
0
LINE
8
BLACK
6
CONTINUOUS
10
122.0113399999999899
20
-140.2122190000000046
11
122.106577999999999
21
-140.021741999999989
0
LINE
8
BLACK
6
CONTINUOUS
10
122.106577999999999
20
-140.021741999999989
11
122.2970539999999886
21
-139.9265039999999942
0
LINE
8
BLACK
6
CONTINUOUS
10
122.2970539999999886
20
-139.9265039999999942
11
122.5827680000000015
21
-139.9265039999999942
0
LINE
8
BLACK
6
CONTINUOUS
10
122.5827680000000015
20
-139.9265039999999942
11
122.7732449999999886
21
-140.021741999999989
0
LINE
8
BLACK
6
CONTINUOUS
10
122.7732449999999886
20
-140.021741999999989
11
122.8684829999999977
21
-140.2122190000000046
0
LINE
8
BLACK
6
CONTINUOUS
10
122.8684829999999977
20
-140.2122190000000046
11
122.8684829999999977
21
-141.259838000000002
0
LINE
8
BLACK
6
CONTINUOUS
10
123.8208640000000003
20
-141.259838000000002
11
123.8208640000000003
21
-139.9265039999999942
0
LINE
8
BLACK
6
CONTINUOUS
10
123.8208640000000003
20
-140.1169799999999839
11
123.9161019999999951
21
-140.021741999999989
0
LINE
8
BLACK
6
CONTINUOUS
10
123.9161019999999951
20
-140.021741999999989
11
124.106577999999999
21
-139.9265039999999942
0
LINE
8
BLACK
6
CONTINUOUS
10
124.106577999999999
20
-139.9265039999999942
11
124.3922929999999951
21
-139.9265039999999942
0
LINE
8
BLACK
6
CONTINUOUS
10
124.3922929999999951
20
-139.9265039999999942
11
124.582768999999999
21
-140.021741999999989
0
LINE
8
BLACK
6
CONTINUOUS
10
124.582768999999999
20
-140.021741999999989
11
124.6780069999999938
21
-140.2122190000000046
0
LINE
8
BLACK
6
CONTINUOUS
10
124.6780069999999938
20
-140.2122190000000046
11
124.6780069999999938
21
-141.259838000000002
0
LINE
8
BLACK
6
CONTINUOUS
10
124.6780069999999938
20
-140.2122190000000046
11
124.7732449999999886
21
-140.021741999999989
0
LINE
8
BLACK
6
CONTINUOUS
10
124.7732449999999886
20
-140.021741999999989
11
124.9637209999999925
21
-139.9265039999999942
0
LINE
8
BLACK
6
CONTINUOUS
10
124.9637209999999925
20
-139.9265039999999942
11
125.2494349999999912
21
-139.9265039999999942
0
LINE
8
BLACK
6
CONTINUOUS
10
125.2494349999999912
20
-139.9265039999999942
11
125.4399119999999925
21
-140.021741999999989
0
LINE
8
BLACK
6
CONTINUOUS
10
125.4399119999999925
20
-140.021741999999989
11
125.5351499999999874
21
-140.2122190000000046
0
LINE
8
BLACK
6
CONTINUOUS
10
125.5351499999999874
20
-140.2122190000000046
11
125.5351499999999874
21
-141.259838000000002
0
LINE
8
BLACK
6
CONTINUOUS
10
129.4399119999999925
20
-139.1646000000000072
11
127.7256269999999887
21
-141.7360280000000046
0
LINE
8
BLACK
6
CONTINUOUS
10
132.0113409999999874
20
-139.259838000000002
11
132.2018180000000029
21
-139.259838000000002
0
LINE
8
BLACK
6
CONTINUOUS
10
132.2018180000000029
20
-139.259838000000002
11
132.3922939999999926
21
-139.3550759999999968
0
LINE
8
BLACK
6
CONTINUOUS
10
132.3922939999999926
20
-139.3550759999999968
11
132.4875319999999874
21
-139.4503139999999917
0
LINE
8
BLACK
6
CONTINUOUS
10
132.4875319999999874
20
-139.4503139999999917
11
132.5827699999999822
21
-139.6407899999999813
0
LINE
8
BLACK
6
CONTINUOUS
10
132.5827699999999822
20
-139.6407899999999813
11
132.6780080000000055
21
-140.021741999999989
0
LINE
8
BLACK
6
CONTINUOUS
10
132.6780080000000055
20
-140.021741999999989
11
132.6780080000000055
21
-140.4979329999999891
0
LINE
8
BLACK
6
CONTINUOUS
10
132.6780080000000055
20
-140.4979329999999891
11
132.5827699999999822
21
-140.8788849999999968
0
LINE
8
BLACK
6
CONTINUOUS
10
132.5827699999999822
20
-140.8788849999999968
11
132.4875319999999874
21
-141.0693609999999865
0
LINE
8
BLACK
6
CONTINUOUS
10
132.4875319999999874
20
-141.0693609999999865
11
132.3922939999999926
21
-141.1646000000000072
0
LINE
8
BLACK
6
CONTINUOUS
10
132.3922939999999926
20
-141.1646000000000072
11
132.2018180000000029
21
-141.259838000000002
0
LINE
8
BLACK
6
CONTINUOUS
10
132.2018180000000029
20
-141.259838000000002
11
132.0113409999999874
21
-141.259838000000002
0
LINE
8
BLACK
6
CONTINUOUS
10
132.0113409999999874
20
-141.259838000000002
11
131.8208649999999977
21
-141.1646000000000072
0
LINE
8
BLACK
6
CONTINUOUS
10
131.8208649999999977
20
-141.1646000000000072
11
131.7256270000000029
21
-141.0693609999999865
0
LINE
8
BLACK
6
CONTINUOUS
10
131.7256270000000029
20
-141.0693609999999865
11
131.6303890000000081
21
-140.8788849999999968
0
LINE
8
BLACK
6
CONTINUOUS
10
131.6303890000000081
20
-140.8788849999999968
11
131.5351509999999848
21
-140.4979329999999891
0
LINE
8
BLACK
6
CONTINUOUS
10
131.5351509999999848
20
-140.4979329999999891
11
131.5351509999999848
21
-140.021741999999989
0
LINE
8
BLACK
6
CONTINUOUS
10
131.5351509999999848
20
-140.021741999999989
11
131.6303890000000081
21
-139.6407899999999813
0
LINE
8
BLACK
6
CONTINUOUS
10
131.6303890000000081
20
-139.6407899999999813
11
131.7256270000000029
21
-139.4503139999999917
0
LINE
8
BLACK
6
CONTINUOUS
10
131.7256270000000029
20
-139.4503139999999917
11
131.8208649999999977
21
-139.3550759999999968
0
LINE
8
BLACK
6
CONTINUOUS
10
131.8208649999999977
20
-139.3550759999999968
11
132.0113409999999874
21
-139.259838000000002
0
LINE
8
BLACK
6
CONTINUOUS
10
133.5351509999999848
20
-141.0693609999999865
11
133.6303890000000081
21
-141.1646000000000072
0
LINE
8
BLACK
6
CONTINUOUS
10
133.6303890000000081
20
-141.1646000000000072
11
133.5351509999999848
21
-141.259838000000002
0
LINE
8
BLACK
6
CONTINUOUS
10
133.5351509999999848
20
-141.259838000000002
11
133.43991299999999
21
-141.1646000000000072
0
LINE
8
BLACK
6
CONTINUOUS
10
133.43991299999999
20
-141.1646000000000072
11
133.5351509999999848
21
-141.0693609999999865
0
LINE
8
BLACK
6
CONTINUOUS
10
133.5351509999999848
20
-141.0693609999999865
11
133.5351509999999848
21
-141.259838000000002
0
LINE
8
BLACK
6
CONTINUOUS
10
134.8684839999999951
20
-139.259838000000002
11
135.0589609999999823
21
-139.259838000000002
0
LINE
8
BLACK
6
CONTINUOUS
10
135.0589609999999823
20
-139.259838000000002
11
135.2494370000000004
21
-139.3550759999999968
0
LINE
8
BLACK
6
CONTINUOUS
10
135.2494370000000004
20
-139.3550759999999968
11
135.3446749999999952
21
-139.4503139999999917
0
LINE
8
BLACK
6
CONTINUOUS
10
135.3446749999999952
20
-139.4503139999999917
11
135.43991299999999
21
-139.6407899999999813
0
LINE
8
BLACK
6
CONTINUOUS
10
135.43991299999999
20
-139.6407899999999813
11
135.5351509999999848
21
-140.021741999999989
0
LINE
8
BLACK
6
CONTINUOUS
10
135.5351509999999848
20
-140.021741999999989
11
135.5351509999999848
21
-140.4979329999999891
0
LINE
8
BLACK
6
CONTINUOUS
10
135.5351509999999848
20
-140.4979329999999891
11
135.43991299999999
21
-140.8788849999999968
0
LINE
8
BLACK
6
CONTINUOUS
10
135.43991299999999
20
-140.8788849999999968
11
135.3446749999999952
21
-141.0693609999999865
0
LINE
8
BLACK
6
CONTINUOUS
10
135.3446749999999952
20
-141.0693609999999865
11
135.2494370000000004
21
-141.1646000000000072
0
LINE
8
BLACK
6
CONTINUOUS
10
135.2494370000000004
20
-141.1646000000000072
11
135.0589609999999823
21
-141.259838000000002
0
LINE
8
BLACK
6
CONTINUOUS
10
135.0589609999999823
20
-141.259838000000002
11
134.8684839999999951
21
-141.259838000000002
0
LINE
8
BLACK
6
CONTINUOUS
10
134.8684839999999951
20
-141.259838000000002
11
134.6780080000000055
21
-141.1646000000000072
0
LINE
8
BLACK
6
CONTINUOUS
10
134.6780080000000055
20
-141.1646000000000072
11
134.5827699999999822
21
-141.0693609999999865
0
LINE
8
BLACK
6
CONTINUOUS
10
134.5827699999999822
20
-141.0693609999999865
11
134.4875319999999874
21
-140.8788849999999968
0
LINE
8
BLACK
6
CONTINUOUS
10
134.4875319999999874
20
-140.8788849999999968
11
134.3922939999999926
21
-140.4979329999999891
0
LINE
8
BLACK
6
CONTINUOUS
10
134.3922939999999926
20
-140.4979329999999891
11
134.3922939999999926
21
-140.021741999999989
0
LINE
8
BLACK
6
CONTINUOUS
10
134.3922939999999926
20
-140.021741999999989
11
134.4875319999999874
21
-139.6407899999999813
0
LINE
8
BLACK
6
CONTINUOUS
10
134.4875319999999874
20
-139.6407899999999813
11
134.5827699999999822
21
-139.4503139999999917
0
LINE
8
BLACK
6
CONTINUOUS
10
134.5827699999999822
20
-139.4503139999999917
11
134.6780080000000055
21
-139.3550759999999968
0
LINE
8
BLACK
6
CONTINUOUS
10
134.6780080000000055
20
-139.3550759999999968
11
134.8684839999999951
21
-139.259838000000002
0
LINE
8
BLACK
6
CONTINUOUS
10
136.2970559999999978
20
-139.4503139999999917
11
136.3922939999999926
21
-139.3550759999999968
0
LINE
8
BLACK
6
CONTINUOUS
10
136.3922939999999926
20
-139.3550759999999968
11
136.5827699999999822
21
-139.259838000000002
0
LINE
8
BLACK
6
CONTINUOUS
10
136.5827699999999822
20
-139.259838000000002
11
137.0589609999999823
21
-139.259838000000002
0
LINE
8
BLACK
6
CONTINUOUS
10
137.0589609999999823
20
-139.259838000000002
11
137.2494370000000004
21
-139.3550759999999968
0
LINE
8
BLACK
6
CONTINUOUS
10
137.2494370000000004
20
-139.3550759999999968
11
137.3446749999999952
21
-139.4503139999999917
0
LINE
8
BLACK
6
CONTINUOUS
10
137.3446749999999952
20
-139.4503139999999917
11
137.43991299999999
21
-139.6407899999999813
0
LINE
8
BLACK
6
CONTINUOUS
10
137.43991299999999
20
-139.6407899999999813
11
137.43991299999999
21
-139.8312659999999994
0
LINE
8
BLACK
6
CONTINUOUS
10
137.43991299999999
20
-139.8312659999999994
11
137.3446749999999952
21
-140.1169799999999839
0
LINE
8
BLACK
6
CONTINUOUS
10
137.3446749999999952
20
-140.1169799999999839
11
136.2018180000000029
21
-141.259838000000002
0
LINE
8
BLACK
6
CONTINUOUS
10
136.2018180000000029
20
-141.259838000000002
11
137.43991299999999
21
-141.259838000000002
0
LINE
8
BLACK
6
CONTINUOUS
10
138.1065799999999797
20
-139.259838000000002
11
139.43991299999999
21
-139.259838000000002
0
LINE
8
BLACK
6
CONTINUOUS
10
139.43991299999999
20
-139.259838000000002
11
138.5827699999999822
21
-141.259838000000002
0
LINE
8
BLACK
6
CONTINUOUS
10
141.0589609999999823
20
-139.259838000000002
11
140.6780080000000055
21
-139.259838000000002
0
LINE
8
BLACK
6
CONTINUOUS
10
140.6780080000000055
20
-139.259838000000002
11
140.4875319999999874
21
-139.3550759999999968
0
LINE
8
BLACK
6
CONTINUOUS
10
140.4875319999999874
20
-139.3550759999999968
11
140.3922939999999926
21
-139.4503139999999917
0
LINE
8
BLACK
6
CONTINUOUS
10
140.3922939999999926
20
-139.4503139999999917
11
140.2018180000000029
21
-139.7360280000000046
0
LINE
8
BLACK
6
CONTINUOUS
10
140.2018180000000029
20
-139.7360280000000046
11
140.1065799999999797
21
-140.1169799999999839
0
LINE
8
BLACK
6
CONTINUOUS
10
140.1065799999999797
20
-140.1169799999999839
11
140.1065799999999797
21
-140.8788849999999968
0
LINE
8
BLACK
6
CONTINUOUS
10
140.1065799999999797
20
-140.8788849999999968
11
140.2018180000000029
21
-141.0693609999999865
0
LINE
8
BLACK
6
CONTINUOUS
10
140.2018180000000029
20
-141.0693609999999865
11
140.2970559999999978
21
-141.1646000000000072
0
LINE
8
BLACK
6
CONTINUOUS
10
140.2970559999999978
20
-141.1646000000000072
11
140.4875319999999874
21
-141.259838000000002
0
LINE
8
BLACK
6
CONTINUOUS
10
140.4875319999999874
20
-141.259838000000002
11
140.8684849999999926
21
-141.259838000000002
0
LINE
8
BLACK
6
CONTINUOUS
10
140.8684849999999926
20
-141.259838000000002
11
141.0589609999999823
21
-141.1646000000000072
0
LINE
8
BLACK
6
CONTINUOUS
10
141.0589609999999823
20
-141.1646000000000072
11
141.1541990000000055
21
-141.0693609999999865
0
LINE
8
BLACK
6
CONTINUOUS
10
141.1541990000000055
20
-141.0693609999999865
11
141.2494370000000004
21
-140.8788849999999968
0
LINE
8
BLACK
6
CONTINUOUS
10
141.2494370000000004
20
-140.8788849999999968
11
141.2494370000000004
21
-140.4026949999999943
0
LINE
8
BLACK
6
CONTINUOUS
10
141.2494370000000004
20
-140.4026949999999943
11
141.1541990000000055
21
-140.2122190000000046
0
LINE
8
BLACK
6
CONTINUOUS
10
141.1541990000000055
20
-140.2122190000000046
11
141.0589609999999823
21
-140.1169799999999839
0
LINE
8
BLACK
6
CONTINUOUS
10
141.0589609999999823
20
-140.1169799999999839
11
140.8684849999999926
21
-140.021741999999989
0
LINE
8
BLACK
6
CONTINUOUS
10
140.8684849999999926
20
-140.021741999999989
11
140.4875319999999874
21
-140.021741999999989
0
LINE
8
BLACK
6
CONTINUOUS
10
140.4875319999999874
20
-140.021741999999989
11
140.2970559999999978
21
-140.1169799999999839
0
LINE
8
BLACK
6
CONTINUOUS
10
140.2970559999999978
20
-140.1169799999999839
11
140.2018180000000029
21
-140.2122190000000046
0
LINE
8
BLACK
6
CONTINUOUS
10
140.2018180000000029
20
-140.2122190000000046
11
140.1065799999999797
21
-140.4026949999999943
0
LINE
8
BLACK
6
CONTINUOUS
10
142.0113419999999849
20
-139.259838000000002
11
142.0113419999999849
21
-139.6407899999999813
0
LINE
8
BLACK
6
CONTINUOUS
10
142.7732469999999978
20
-139.259838000000002
11
142.7732469999999978
21
-139.6407899999999813
0
LINE
8
BLACK
6
CONTINUOUS
10
145.7256289999999979
20
-142.021741999999989
11
145.6303900000000056
21
-141.9265039999999942
0
LINE
8
BLACK
6
CONTINUOUS
10
145.6303900000000056
20
-141.9265039999999942
11
145.4399139999999875
21
-141.6407899999999813
0
LINE
8
BLACK
6
CONTINUOUS
10
145.4399139999999875
20
-141.6407899999999813
11
145.3446759999999927
21
-141.4503139999999917
0
LINE
8
BLACK
6
CONTINUOUS
10
145.3446759999999927
20
-141.4503139999999917
11
145.2494379999999978
21
-141.1646000000000072
0
LINE
8
BLACK
6
CONTINUOUS
10
145.2494379999999978
20
-141.1646000000000072
11
145.154200000000003
21
-140.6884090000000072
0
LINE
8
BLACK
6
CONTINUOUS
10
145.154200000000003
20
-140.6884090000000072
11
145.154200000000003
21
-140.3074569999999994
0
LINE
8
BLACK
6
CONTINUOUS
10
145.154200000000003
20
-140.3074569999999994
11
145.2494379999999978
21
-139.8312659999999994
0
LINE
8
BLACK
6
CONTINUOUS
10
145.2494379999999978
20
-139.8312659999999994
11
145.3446759999999927
21
-139.5455519999999865
0
LINE
8
BLACK
6
CONTINUOUS
10
145.3446759999999927
20
-139.5455519999999865
11
145.4399139999999875
21
-139.3550759999999968
0
LINE
8
BLACK
6
CONTINUOUS
10
145.4399139999999875
20
-139.3550759999999968
11
145.6303900000000056
21
-139.0693609999999865
0
LINE
8
BLACK
6
CONTINUOUS
10
145.6303900000000056
20
-139.0693609999999865
11
145.7256289999999979
21
-138.9741229999999916
0
LINE
8
BLACK
6
CONTINUOUS
10
146.3922949999999901
20
-139.4503139999999917
11
146.4875329999999849
21
-139.3550759999999968
0
LINE
8
BLACK
6
CONTINUOUS
10
146.4875329999999849
20
-139.3550759999999968
11
146.678009000000003
21
-139.259838000000002
0
LINE
8
BLACK
6
CONTINUOUS
10
146.678009000000003
20
-139.259838000000002
11
147.154200000000003
21
-139.259838000000002
0
LINE
8
BLACK
6
CONTINUOUS
10
147.154200000000003
20
-139.259838000000002
11
147.3446759999999927
21
-139.3550759999999968
0
LINE
8
BLACK
6
CONTINUOUS
10
147.3446759999999927
20
-139.3550759999999968
11
147.4399139999999875
21
-139.4503139999999917
0
LINE
8
BLACK
6
CONTINUOUS
10
147.4399139999999875
20
-139.4503139999999917
11
147.5351519999999823
21
-139.6407899999999813
0
LINE
8
BLACK
6
CONTINUOUS
10
147.5351519999999823
20
-139.6407899999999813
11
147.5351519999999823
21
-139.8312659999999994
0
LINE
8
BLACK
6
CONTINUOUS
10
147.5351519999999823
20
-139.8312659999999994
11
147.4399139999999875
21
-140.1169799999999839
0
LINE
8
BLACK
6
CONTINUOUS
10
147.4399139999999875
20
-140.1169799999999839
11
146.2970569999999952
21
-141.259838000000002
0
LINE
8
BLACK
6
CONTINUOUS
10
146.2970569999999952
20
-141.259838000000002
11
147.5351519999999823
21
-141.259838000000002
0
LINE
8
BLACK
6
CONTINUOUS
10
149.9161049999999875
20
-141.259838000000002
11
149.9161049999999875
21
-139.259838000000002
0
LINE
8
BLACK
6
CONTINUOUS
10
150.7732479999999953
20
-141.259838000000002
11
150.7732479999999953
21
-140.2122190000000046
0
LINE
8
BLACK
6
CONTINUOUS
10
150.7732479999999953
20
-140.2122190000000046
11
150.6780100000000004
21
-140.021741999999989
0
LINE
8
BLACK
6
CONTINUOUS
10
150.6780100000000004
20
-140.021741999999989
11
150.4875339999999824
21
-139.9265039999999942
0
LINE
8
BLACK
6
CONTINUOUS
10
150.4875339999999824
20
-139.9265039999999942
11
150.2018190000000004
21
-139.9265039999999942
0
LINE
8
BLACK
6
CONTINUOUS
10
150.2018190000000004
20
-139.9265039999999942
11
150.0113429999999823
21
-140.021741999999989
0
LINE
8
BLACK
6
CONTINUOUS
10
150.0113429999999823
20
-140.021741999999989
11
149.9161049999999875
21
-140.1169799999999839
0
LINE
8
BLACK
6
CONTINUOUS
10
152.0113429999999823
20
-141.259838000000002
11
151.8208669999999927
21
-141.1646000000000072
0
LINE
8
BLACK
6
CONTINUOUS
10
151.8208669999999927
20
-141.1646000000000072
11
151.7256289999999979
21
-141.0693609999999865
0
LINE
8
BLACK
6
CONTINUOUS
10
151.7256289999999979
20
-141.0693609999999865
11
151.630391000000003
21
-140.8788849999999968
0
LINE
8
BLACK
6
CONTINUOUS
10
151.630391000000003
20
-140.8788849999999968
11
151.630391000000003
21
-140.3074569999999994
0
LINE
8
BLACK
6
CONTINUOUS
10
151.630391000000003
20
-140.3074569999999994
11
151.7256289999999979
21
-140.1169799999999839
0
LINE
8
BLACK
6
CONTINUOUS
10
151.7256289999999979
20
-140.1169799999999839
11
151.8208669999999927
21
-140.021741999999989
0
LINE
8
BLACK
6
CONTINUOUS
10
151.8208669999999927
20
-140.021741999999989
11
152.0113429999999823
21
-139.9265039999999942
0
LINE
8
BLACK
6
CONTINUOUS
10
152.0113429999999823
20
-139.9265039999999942
11
152.2970579999999927
21
-139.9265039999999942
0
LINE
8
BLACK
6
CONTINUOUS
10
152.2970579999999927
20
-139.9265039999999942
11
152.4875339999999824
21
-140.021741999999989
0
LINE
8
BLACK
6
CONTINUOUS
10
152.4875339999999824
20
-140.021741999999989
11
152.5827720000000056
21
-140.1169799999999839
0
LINE
8
BLACK
6
CONTINUOUS
10
152.5827720000000056
20
-140.1169799999999839
11
152.6780100000000004
21
-140.3074569999999994
0
LINE
8
BLACK
6
CONTINUOUS
10
152.6780100000000004
20
-140.3074569999999994
11
152.6780100000000004
21
-140.8788849999999968
0
LINE
8
BLACK
6
CONTINUOUS
10
152.6780100000000004
20
-140.8788849999999968
11
152.5827720000000056
21
-141.0693609999999865
0
LINE
8
BLACK
6
CONTINUOUS
10
152.5827720000000056
20
-141.0693609999999865
11
152.4875339999999824
21
-141.1646000000000072
0
LINE
8
BLACK
6
CONTINUOUS
10
152.4875339999999824
20
-141.1646000000000072
11
152.2970579999999927
21
-141.259838000000002
0
LINE
8
BLACK
6
CONTINUOUS
10
152.2970579999999927
20
-141.259838000000002
11
152.0113429999999823
21
-141.259838000000002
0
LINE
8
BLACK
6
CONTINUOUS
10
153.8208669999999927
20
-141.259838000000002
11
153.630391000000003
21
-141.1646000000000072
0
LINE
8
BLACK
6
CONTINUOUS
10
153.630391000000003
20
-141.1646000000000072
11
153.5351529999999798
21
-140.9741229999999916
0
LINE
8
BLACK
6
CONTINUOUS
10
153.5351529999999798
20
-140.9741229999999916
11
153.5351529999999798
21
-139.259838000000002
0
LINE
8
BLACK
6
CONTINUOUS
10
155.3446769999999901
20
-141.1646000000000072
11
155.1542010000000005
21
-141.259838000000002
0
LINE
8
BLACK
6
CONTINUOUS
10
155.1542010000000005
20
-141.259838000000002
11
154.7732479999999953
21
-141.259838000000002
0
LINE
8
BLACK
6
CONTINUOUS
10
154.7732479999999953
20
-141.259838000000002
11
154.5827720000000056
21
-141.1646000000000072
0
LINE
8
BLACK
6
CONTINUOUS
10
154.5827720000000056
20
-141.1646000000000072
11
154.4875339999999824
21
-140.9741229999999916
0
LINE
8
BLACK
6
CONTINUOUS
10
154.4875339999999824
20
-140.9741229999999916
11
154.4875339999999824
21
-140.2122190000000046
0
LINE
8
BLACK
6
CONTINUOUS
10
154.4875339999999824
20
-140.2122190000000046
11
154.5827720000000056
21
-140.021741999999989
0
LINE
8
BLACK
6
CONTINUOUS
10
154.5827720000000056
20
-140.021741999999989
11
154.7732479999999953
21
-139.9265039999999942
0
LINE
8
BLACK
6
CONTINUOUS
10
154.7732479999999953
20
-139.9265039999999942
11
155.1542010000000005
21
-139.9265039999999942
0
LINE
8
BLACK
6
CONTINUOUS
10
155.1542010000000005
20
-139.9265039999999942
11
155.3446769999999901
21
-140.021741999999989
0
LINE
8
BLACK
6
CONTINUOUS
10
155.3446769999999901
20
-140.021741999999989
11
155.439914999999985
21
-140.2122190000000046
0
LINE
8
BLACK
6
CONTINUOUS
10
155.439914999999985
20
-140.2122190000000046
11
155.439914999999985
21
-140.4026949999999943
0
LINE
8
BLACK
6
CONTINUOUS
10
155.439914999999985
20
-140.4026949999999943
11
154.4875339999999824
21
-140.5931709999999839
0
LINE
8
BLACK
6
CONTINUOUS
10
156.2018199999999979
20
-141.1646000000000072
11
156.3922959999999875
21
-141.259838000000002
0
LINE
8
BLACK
6
CONTINUOUS
10
156.3922959999999875
20
-141.259838000000002
11
156.7732479999999953
21
-141.259838000000002
0
LINE
8
BLACK
6
CONTINUOUS
10
156.7732479999999953
20
-141.259838000000002
11
156.9637249999999824
21
-141.1646000000000072
0
LINE
8
BLACK
6
CONTINUOUS
10
156.9637249999999824
20
-141.1646000000000072
11
157.0589630000000056
21
-140.9741229999999916
0
LINE
8
BLACK
6
CONTINUOUS
10
157.0589630000000056
20
-140.9741229999999916
11
157.0589630000000056
21
-140.8788849999999968
0
LINE
8
BLACK
6
CONTINUOUS
10
157.0589630000000056
20
-140.8788849999999968
11
156.9637249999999824
21
-140.6884090000000072
0
LINE
8
BLACK
6
CONTINUOUS
10
156.9637249999999824
20
-140.6884090000000072
11
156.7732479999999953
21
-140.5931709999999839
0
LINE
8
BLACK
6
CONTINUOUS
10
156.7732479999999953
20
-140.5931709999999839
11
156.4875339999999824
21
-140.5931709999999839
0
LINE
8
BLACK
6
CONTINUOUS
10
156.4875339999999824
20
-140.5931709999999839
11
156.2970579999999927
21
-140.4979329999999891
0
LINE
8
BLACK
6
CONTINUOUS
10
156.2970579999999927
20
-140.4979329999999891
11
156.2018199999999979
21
-140.3074569999999994
0
LINE
8
BLACK
6
CONTINUOUS
10
156.2018199999999979
20
-140.3074569999999994
11
156.2018199999999979
21
-140.2122190000000046
0
LINE
8
BLACK
6
CONTINUOUS
10
156.2018199999999979
20
-140.2122190000000046
11
156.2970579999999927
21
-140.021741999999989
0
LINE
8
BLACK
6
CONTINUOUS
10
156.2970579999999927
20
-140.021741999999989
11
156.4875339999999824
21
-139.9265039999999942
0
LINE
8
BLACK
6
CONTINUOUS
10
156.4875339999999824
20
-139.9265039999999942
11
156.7732479999999953
21
-139.9265039999999942
0
LINE
8
BLACK
6
CONTINUOUS
10
156.7732479999999953
20
-139.9265039999999942
11
156.9637249999999824
21
-140.021741999999989
0
LINE
8
BLACK
6
CONTINUOUS
10
157.7256299999999953
20
-142.021741999999989
11
157.8208679999999902
21
-141.9265039999999942
0
LINE
8
BLACK
6
CONTINUOUS
10
157.8208679999999902
20
-141.9265039999999942
11
158.0113439999999798
21
-141.6407899999999813
0
LINE
8
BLACK
6
CONTINUOUS
10
158.0113439999999798
20
-141.6407899999999813
11
158.1065820000000031
21
-141.4503139999999917
0
LINE
8
BLACK
6
CONTINUOUS
10
158.1065820000000031
20
-141.4503139999999917
11
158.2018199999999979
21
-141.1646000000000072
0
LINE
8
BLACK
6
CONTINUOUS
10
158.2018199999999979
20
-141.1646000000000072
11
158.2970579999999927
21
-140.6884090000000072
0
LINE
8
BLACK
6
CONTINUOUS
10
158.2970579999999927
20
-140.6884090000000072
11
158.2970579999999927
21
-140.3074569999999994
0
LINE
8
BLACK
6
CONTINUOUS
10
158.2970579999999927
20
-140.3074569999999994
11
158.2018199999999979
21
-139.8312659999999994
0
LINE
8
BLACK
6
CONTINUOUS
10
158.2018199999999979
20
-139.8312659999999994
11
158.1065820000000031
21
-139.5455519999999865
0
LINE
8
BLACK
6
CONTINUOUS
10
158.1065820000000031
20
-139.5455519999999865
11
158.0113439999999798
21
-139.3550759999999968
0
LINE
8
BLACK
6
CONTINUOUS
10
158.0113439999999798
20
-139.3550759999999968
11
157.8208679999999902
21
-139.0693609999999865
0
LINE
8
BLACK
6
CONTINUOUS
10
157.8208679999999902
20
-139.0693609999999865
11
157.7256299999999953
21
-138.9741229999999916
0
LINE
8
BLACK
6
CONTINUOUS
10
109.4749999999999943
20
-143.4849999999999852
11
109.9749999999999943
21
-142.9849999999999852
0
LINE
8
BLACK
6
CONTINUOUS
10
109.9749999999999943
20
-142.9849999999999852
11
109.4749999999999943
21
-142.4849999999999852
0
LINE
8
BLACK
6
CONTINUOUS
10
109.4749999999999943
20
-142.4849999999999852
11
108.9749999999999943
21
-142.9849999999999852
0
LINE
8
BLACK
6
CONTINUOUS
10
108.9749999999999943
20
-142.9849999999999852
11
109.4749999999999943
21
-143.4849999999999852
0
LINE
8
BLACK
6
CONTINUOUS
10
113.6303869999999989
20
-143.8998379999999884
11
112.4875299999999925
21
-143.8998379999999884
0
LINE
8
BLACK
6
CONTINUOUS
10
113.0589579999999899
20
-143.8998379999999884
11
113.0589579999999899
21
-141.8998379999999884
0
LINE
8
BLACK
6
CONTINUOUS
10
113.0589579999999899
20
-141.8998379999999884
11
112.8684820000000002
21
-142.1855520000000013
0
LINE
8
BLACK
6
CONTINUOUS
10
112.8684820000000002
20
-142.1855520000000013
11
112.6780059999999963
21
-142.3760279999999909
0
LINE
8
BLACK
6
CONTINUOUS
10
112.6780059999999963
20
-142.3760279999999909
11
112.4875299999999925
21
-142.4712659999999858
0
LINE
8
BLACK
6
CONTINUOUS
10
114.4875299999999925
20
-143.7093610000000012
11
114.5827680000000015
21
-143.8045999999999935
0
LINE
8
BLACK
6
CONTINUOUS
10
114.5827680000000015
20
-143.8045999999999935
11
114.4875299999999925
21
-143.8998379999999884
0
LINE
8
BLACK
6
CONTINUOUS
10
114.4875299999999925
20
-143.8998379999999884
11
114.3922919999999976
21
-143.8045999999999935
0
LINE
8
BLACK
6
CONTINUOUS
10
114.3922919999999976
20
-143.8045999999999935
11
114.4875299999999925
21
-143.7093610000000012
0
LINE
8
BLACK
6
CONTINUOUS
10
114.4875299999999925
20
-143.7093610000000012
11
114.4875299999999925
21
-143.8998379999999884
0
LINE
8
BLACK
6
CONTINUOUS
10
115.8208629999999886
20
-141.8998379999999884
11
116.0113399999999899
21
-141.8998379999999884
0
LINE
8
BLACK
6
CONTINUOUS
10
116.0113399999999899
20
-141.8998379999999884
11
116.2018159999999938
21
-141.9950759999999832
0
LINE
8
BLACK
6
CONTINUOUS
10
116.2018159999999938
20
-141.9950759999999832
11
116.2970539999999886
21
-142.0903140000000064
0
LINE
8
BLACK
6
CONTINUOUS
10
116.2970539999999886
20
-142.0903140000000064
11
116.3922919999999976
21
-142.2807899999999961
0
LINE
8
BLACK
6
CONTINUOUS
10
116.3922919999999976
20
-142.2807899999999961
11
116.4875299999999925
21
-142.6617420000000038
0
LINE
8
BLACK
6
CONTINUOUS
10
116.4875299999999925
20
-142.6617420000000038
11
116.4875299999999925
21
-143.1379330000000039
0
LINE
8
BLACK
6
CONTINUOUS
10
116.4875299999999925
20
-143.1379330000000039
11
116.3922919999999976
21
-143.5188849999999832
0
LINE
8
BLACK
6
CONTINUOUS
10
116.3922919999999976
20
-143.5188849999999832
11
116.2970539999999886
21
-143.7093610000000012
0
LINE
8
BLACK
6
CONTINUOUS
10
116.2970539999999886
20
-143.7093610000000012
11
116.2018159999999938
21
-143.8045999999999935
0
LINE
8
BLACK
6
CONTINUOUS
10
116.2018159999999938
20
-143.8045999999999935
11
116.0113399999999899
21
-143.8998379999999884
0
LINE
8
BLACK
6
CONTINUOUS
10
116.0113399999999899
20
-143.8998379999999884
11
115.8208629999999886
21
-143.8998379999999884
0
LINE
8
BLACK
6
CONTINUOUS
10
115.8208629999999886
20
-143.8998379999999884
11
115.6303869999999989
21
-143.8045999999999935
0
LINE
8
BLACK
6
CONTINUOUS
10
115.6303869999999989
20
-143.8045999999999935
11
115.5351489999999899
21
-143.7093610000000012
0
LINE
8
BLACK
6
CONTINUOUS
10
115.5351489999999899
20
-143.7093610000000012
11
115.4399109999999951
21
-143.5188849999999832
0
LINE
8
BLACK
6
CONTINUOUS
10
115.4399109999999951
20
-143.5188849999999832
11
115.3446730000000002
21
-143.1379330000000039
0
LINE
8
BLACK
6
CONTINUOUS
10
115.3446730000000002
20
-143.1379330000000039
11
115.3446730000000002
21
-142.6617420000000038
0
LINE
8
BLACK
6
CONTINUOUS
10
115.3446730000000002
20
-142.6617420000000038
11
115.4399109999999951
21
-142.2807899999999961
0
LINE
8
BLACK
6
CONTINUOUS
10
115.4399109999999951
20
-142.2807899999999961
11
115.5351489999999899
21
-142.0903140000000064
0
LINE
8
BLACK
6
CONTINUOUS
10
115.5351489999999899
20
-142.0903140000000064
11
115.6303869999999989
21
-141.9950759999999832
0
LINE
8
BLACK
6
CONTINUOUS
10
115.6303869999999989
20
-141.9950759999999832
11
115.8208629999999886
21
-141.8998379999999884
0
LINE
8
BLACK
6
CONTINUOUS
10
117.7256249999999937
20
-141.8998379999999884
11
117.9161019999999951
21
-141.8998379999999884
0
LINE
8
BLACK
6
CONTINUOUS
10
117.9161019999999951
20
-141.8998379999999884
11
118.106577999999999
21
-141.9950759999999832
0
LINE
8
BLACK
6
CONTINUOUS
10
118.106577999999999
20
-141.9950759999999832
11
118.2018159999999938
21
-142.0903140000000064
0
LINE
8
BLACK
6
CONTINUOUS
10
118.2018159999999938
20
-142.0903140000000064
11
118.2970539999999886
21
-142.2807899999999961
0
LINE
8
BLACK
6
CONTINUOUS
10
118.2970539999999886
20
-142.2807899999999961
11
118.3922919999999976
21
-142.6617420000000038
0
LINE
8
BLACK
6
CONTINUOUS
10
118.3922919999999976
20
-142.6617420000000038
11
118.3922919999999976
21
-143.1379330000000039
0
LINE
8
BLACK
6
CONTINUOUS
10
118.3922919999999976
20
-143.1379330000000039
11
118.2970539999999886
21
-143.5188849999999832
0
LINE
8
BLACK
6
CONTINUOUS
10
118.2970539999999886
20
-143.5188849999999832
11
118.2018159999999938
21
-143.7093610000000012
0
LINE
8
BLACK
6
CONTINUOUS
10
118.2018159999999938
20
-143.7093610000000012
11
118.106577999999999
21
-143.8045999999999935
0
LINE
8
BLACK
6
CONTINUOUS
10
118.106577999999999
20
-143.8045999999999935
11
117.9161019999999951
21
-143.8998379999999884
0
LINE
8
BLACK
6
CONTINUOUS
10
117.9161019999999951
20
-143.8998379999999884
11
117.7256249999999937
21
-143.8998379999999884
0
LINE
8
BLACK
6
CONTINUOUS
10
117.7256249999999937
20
-143.8998379999999884
11
117.5351489999999899
21
-143.8045999999999935
0
LINE
8
BLACK
6
CONTINUOUS
10
117.5351489999999899
20
-143.8045999999999935
11
117.4399109999999951
21
-143.7093610000000012
0
LINE
8
BLACK
6
CONTINUOUS
10
117.4399109999999951
20
-143.7093610000000012
11
117.3446730000000002
21
-143.5188849999999832
0
LINE
8
BLACK
6
CONTINUOUS
10
117.3446730000000002
20
-143.5188849999999832
11
117.2494349999999912
21
-143.1379330000000039
0
LINE
8
BLACK
6
CONTINUOUS
10
117.2494349999999912
20
-143.1379330000000039
11
117.2494349999999912
21
-142.6617420000000038
0
LINE
8
BLACK
6
CONTINUOUS
10
117.2494349999999912
20
-142.6617420000000038
11
117.3446730000000002
21
-142.2807899999999961
0
LINE
8
BLACK
6
CONTINUOUS
10
117.3446730000000002
20
-142.2807899999999961
11
117.4399109999999951
21
-142.0903140000000064
0
LINE
8
BLACK
6
CONTINUOUS
10
117.4399109999999951
20
-142.0903140000000064
11
117.5351489999999899
21
-141.9950759999999832
0
LINE
8
BLACK
6
CONTINUOUS
10
117.5351489999999899
20
-141.9950759999999832
11
117.7256249999999937
21
-141.8998379999999884
0
LINE
8
BLACK
6
CONTINUOUS
10
119.6303869999999989
20
-141.8998379999999884
11
119.8208640000000003
21
-141.8998379999999884
0
LINE
8
BLACK
6
CONTINUOUS
10
119.8208640000000003
20
-141.8998379999999884
11
120.0113399999999899
21
-141.9950759999999832
0
LINE
8
BLACK
6
CONTINUOUS
10
120.0113399999999899
20
-141.9950759999999832
11
120.106577999999999
21
-142.0903140000000064
0
LINE
8
BLACK
6
CONTINUOUS
10
120.106577999999999
20
-142.0903140000000064
11
120.2018159999999938
21
-142.2807899999999961
0
LINE
8
BLACK
6
CONTINUOUS
10
120.2018159999999938
20
-142.2807899999999961
11
120.2970539999999886
21
-142.6617420000000038
0
LINE
8
BLACK
6
CONTINUOUS
10
120.2970539999999886
20
-142.6617420000000038
11
120.2970539999999886
21
-143.1379330000000039
0
LINE
8
BLACK
6
CONTINUOUS
10
120.2970539999999886
20
-143.1379330000000039
11
120.2018159999999938
21
-143.5188849999999832
0
LINE
8
BLACK
6
CONTINUOUS
10
120.2018159999999938
20
-143.5188849999999832
11
120.106577999999999
21
-143.7093610000000012
0
LINE
8
BLACK
6
CONTINUOUS
10
120.106577999999999
20
-143.7093610000000012
11
120.0113399999999899
21
-143.8045999999999935
0
LINE
8
BLACK
6
CONTINUOUS
10
120.0113399999999899
20
-143.8045999999999935
11
119.8208640000000003
21
-143.8998379999999884
0
LINE
8
BLACK
6
CONTINUOUS
10
119.8208640000000003
20
-143.8998379999999884
11
119.6303869999999989
21
-143.8998379999999884
0
LINE
8
BLACK
6
CONTINUOUS
10
119.6303869999999989
20
-143.8998379999999884
11
119.4399109999999951
21
-143.8045999999999935
0
LINE
8
BLACK
6
CONTINUOUS
10
119.4399109999999951
20
-143.8045999999999935
11
119.3446730000000002
21
-143.7093610000000012
0
LINE
8
BLACK
6
CONTINUOUS
10
119.3446730000000002
20
-143.7093610000000012
11
119.2494349999999912
21
-143.5188849999999832
0
LINE
8
BLACK
6
CONTINUOUS
10
119.2494349999999912
20
-143.5188849999999832
11
119.1541969999999964
21
-143.1379330000000039
0
LINE
8
BLACK
6
CONTINUOUS
10
119.1541969999999964
20
-143.1379330000000039
11
119.1541969999999964
21
-142.6617420000000038
0
LINE
8
BLACK
6
CONTINUOUS
10
119.1541969999999964
20
-142.6617420000000038
11
119.2494349999999912
21
-142.2807899999999961
0
LINE
8
BLACK
6
CONTINUOUS
10
119.2494349999999912
20
-142.2807899999999961
11
119.3446730000000002
21
-142.0903140000000064
0
LINE
8
BLACK
6
CONTINUOUS
10
119.3446730000000002
20
-142.0903140000000064
11
119.4399109999999951
21
-141.9950759999999832
0
LINE
8
BLACK
6
CONTINUOUS
10
119.4399109999999951
20
-141.9950759999999832
11
119.6303869999999989
21
-141.8998379999999884
0
LINE
8
BLACK
6
CONTINUOUS
10
121.1541969999999964
20
-143.8998379999999884
11
121.1541969999999964
21
-142.5665039999999806
0
LINE
8
BLACK
6
CONTINUOUS
10
121.1541969999999964
20
-142.7569799999999987
11
121.2494349999999912
21
-142.6617420000000038
0
LINE
8
BLACK
6
CONTINUOUS
10
121.2494349999999912
20
-142.6617420000000038
11
121.4399109999999951
21
-142.5665039999999806
0
LINE
8
BLACK
6
CONTINUOUS
10
121.4399109999999951
20
-142.5665039999999806
11
121.7256259999999912
21
-142.5665039999999806
0
LINE
8
BLACK
6
CONTINUOUS
10
121.7256259999999912
20
-142.5665039999999806
11
121.9161019999999951
21
-142.6617420000000038
0
LINE
8
BLACK
6
CONTINUOUS
10
121.9161019999999951
20
-142.6617420000000038
11
122.0113399999999899
21
-142.852218999999991
0
LINE
8
BLACK
6
CONTINUOUS
10
122.0113399999999899
20
-142.852218999999991
11
122.0113399999999899
21
-143.8998379999999884
0
LINE
8
BLACK
6
CONTINUOUS
10
122.0113399999999899
20
-142.852218999999991
11
122.106577999999999
21
-142.6617420000000038
0
LINE
8
BLACK
6
CONTINUOUS
10
122.106577999999999
20
-142.6617420000000038
11
122.2970539999999886
21
-142.5665039999999806
0
LINE
8
BLACK
6
CONTINUOUS
10
122.2970539999999886
20
-142.5665039999999806
11
122.5827680000000015
21
-142.5665039999999806
0
LINE
8
BLACK
6
CONTINUOUS
10
122.5827680000000015
20
-142.5665039999999806
11
122.7732449999999886
21
-142.6617420000000038
0
LINE
8
BLACK
6
CONTINUOUS
10
122.7732449999999886
20
-142.6617420000000038
11
122.8684829999999977
21
-142.852218999999991
0
LINE
8
BLACK
6
CONTINUOUS
10
122.8684829999999977
20
-142.852218999999991
11
122.8684829999999977
21
-143.8998379999999884
0
LINE
8
BLACK
6
CONTINUOUS
10
123.8208640000000003
20
-143.8998379999999884
11
123.8208640000000003
21
-142.5665039999999806
0
LINE
8
BLACK
6
CONTINUOUS
10
123.8208640000000003
20
-142.7569799999999987
11
123.9161019999999951
21
-142.6617420000000038
0
LINE
8
BLACK
6
CONTINUOUS
10
123.9161019999999951
20
-142.6617420000000038
11
124.106577999999999
21
-142.5665039999999806
0
LINE
8
BLACK
6
CONTINUOUS
10
124.106577999999999
20
-142.5665039999999806
11
124.3922929999999951
21
-142.5665039999999806
0
LINE
8
BLACK
6
CONTINUOUS
10
124.3922929999999951
20
-142.5665039999999806
11
124.582768999999999
21
-142.6617420000000038
0
LINE
8
BLACK
6
CONTINUOUS
10
124.582768999999999
20
-142.6617420000000038
11
124.6780069999999938
21
-142.852218999999991
0
LINE
8
BLACK
6
CONTINUOUS
10
124.6780069999999938
20
-142.852218999999991
11
124.6780069999999938
21
-143.8998379999999884
0
LINE
8
BLACK
6
CONTINUOUS
10
124.6780069999999938
20
-142.852218999999991
11
124.7732449999999886
21
-142.6617420000000038
0
LINE
8
BLACK
6
CONTINUOUS
10
124.7732449999999886
20
-142.6617420000000038
11
124.9637209999999925
21
-142.5665039999999806
0
LINE
8
BLACK
6
CONTINUOUS
10
124.9637209999999925
20
-142.5665039999999806
11
125.2494349999999912
21
-142.5665039999999806
0
LINE
8
BLACK
6
CONTINUOUS
10
125.2494349999999912
20
-142.5665039999999806
11
125.4399119999999925
21
-142.6617420000000038
0
LINE
8
BLACK
6
CONTINUOUS
10
125.4399119999999925
20
-142.6617420000000038
11
125.5351499999999874
21
-142.852218999999991
0
LINE
8
BLACK
6
CONTINUOUS
10
125.5351499999999874
20
-142.852218999999991
11
125.5351499999999874
21
-143.8998379999999884
0
LINE
8
BLACK
6
CONTINUOUS
10
129.4399119999999925
20
-141.8045999999999935
11
127.7256269999999887
21
-144.3760279999999909
0
LINE
8
BLACK
6
CONTINUOUS
10
132.0113409999999874
20
-141.8998379999999884
11
132.2018180000000029
21
-141.8998379999999884
0
LINE
8
BLACK
6
CONTINUOUS
10
132.2018180000000029
20
-141.8998379999999884
11
132.3922939999999926
21
-141.9950759999999832
0
LINE
8
BLACK
6
CONTINUOUS
10
132.3922939999999926
20
-141.9950759999999832
11
132.4875319999999874
21
-142.0903140000000064
0
LINE
8
BLACK
6
CONTINUOUS
10
132.4875319999999874
20
-142.0903140000000064
11
132.5827699999999822
21
-142.2807899999999961
0
LINE
8
BLACK
6
CONTINUOUS
10
132.5827699999999822
20
-142.2807899999999961
11
132.6780080000000055
21
-142.6617420000000038
0
LINE
8
BLACK
6
CONTINUOUS
10
132.6780080000000055
20
-142.6617420000000038
11
132.6780080000000055
21
-143.1379330000000039
0
LINE
8
BLACK
6
CONTINUOUS
10
132.6780080000000055
20
-143.1379330000000039
11
132.5827699999999822
21
-143.5188849999999832
0
LINE
8
BLACK
6
CONTINUOUS
10
132.5827699999999822
20
-143.5188849999999832
11
132.4875319999999874
21
-143.7093610000000012
0
LINE
8
BLACK
6
CONTINUOUS
10
132.4875319999999874
20
-143.7093610000000012
11
132.3922939999999926
21
-143.8045999999999935
0
LINE
8
BLACK
6
CONTINUOUS
10
132.3922939999999926
20
-143.8045999999999935
11
132.2018180000000029
21
-143.8998379999999884
0
LINE
8
BLACK
6
CONTINUOUS
10
132.2018180000000029
20
-143.8998379999999884
11
132.0113409999999874
21
-143.8998379999999884
0
LINE
8
BLACK
6
CONTINUOUS
10
132.0113409999999874
20
-143.8998379999999884
11
131.8208649999999977
21
-143.8045999999999935
0
LINE
8
BLACK
6
CONTINUOUS
10
131.8208649999999977
20
-143.8045999999999935
11
131.7256270000000029
21
-143.7093610000000012
0
LINE
8
BLACK
6
CONTINUOUS
10
131.7256270000000029
20
-143.7093610000000012
11
131.6303890000000081
21
-143.5188849999999832
0
LINE
8
BLACK
6
CONTINUOUS
10
131.6303890000000081
20
-143.5188849999999832
11
131.5351509999999848
21
-143.1379330000000039
0
LINE
8
BLACK
6
CONTINUOUS
10
131.5351509999999848
20
-143.1379330000000039
11
131.5351509999999848
21
-142.6617420000000038
0
LINE
8
BLACK
6
CONTINUOUS
10
131.5351509999999848
20
-142.6617420000000038
11
131.6303890000000081
21
-142.2807899999999961
0
LINE
8
BLACK
6
CONTINUOUS
10
131.6303890000000081
20
-142.2807899999999961
11
131.7256270000000029
21
-142.0903140000000064
0
LINE
8
BLACK
6
CONTINUOUS
10
131.7256270000000029
20
-142.0903140000000064
11
131.8208649999999977
21
-141.9950759999999832
0
LINE
8
BLACK
6
CONTINUOUS
10
131.8208649999999977
20
-141.9950759999999832
11
132.0113409999999874
21
-141.8998379999999884
0
LINE
8
BLACK
6
CONTINUOUS
10
133.5351509999999848
20
-143.7093610000000012
11
133.6303890000000081
21
-143.8045999999999935
0
LINE
8
BLACK
6
CONTINUOUS
10
133.6303890000000081
20
-143.8045999999999935
11
133.5351509999999848
21
-143.8998379999999884
0
LINE
8
BLACK
6
CONTINUOUS
10
133.5351509999999848
20
-143.8998379999999884
11
133.43991299999999
21
-143.8045999999999935
0
LINE
8
BLACK
6
CONTINUOUS
10
133.43991299999999
20
-143.8045999999999935
11
133.5351509999999848
21
-143.7093610000000012
0
LINE
8
BLACK
6
CONTINUOUS
10
133.5351509999999848
20
-143.7093610000000012
11
133.5351509999999848
21
-143.8998379999999884
0
LINE
8
BLACK
6
CONTINUOUS
10
134.8684839999999951
20
-141.8998379999999884
11
135.0589609999999823
21
-141.8998379999999884
0
LINE
8
BLACK
6
CONTINUOUS
10
135.0589609999999823
20
-141.8998379999999884
11
135.2494370000000004
21
-141.9950759999999832
0
LINE
8
BLACK
6
CONTINUOUS
10
135.2494370000000004
20
-141.9950759999999832
11
135.3446749999999952
21
-142.0903140000000064
0
LINE
8
BLACK
6
CONTINUOUS
10
135.3446749999999952
20
-142.0903140000000064
11
135.43991299999999
21
-142.2807899999999961
0
LINE
8
BLACK
6
CONTINUOUS
10
135.43991299999999
20
-142.2807899999999961
11
135.5351509999999848
21
-142.6617420000000038
0
LINE
8
BLACK
6
CONTINUOUS
10
135.5351509999999848
20
-142.6617420000000038
11
135.5351509999999848
21
-143.1379330000000039
0
LINE
8
BLACK
6
CONTINUOUS
10
135.5351509999999848
20
-143.1379330000000039
11
135.43991299999999
21
-143.5188849999999832
0
LINE
8
BLACK
6
CONTINUOUS
10
135.43991299999999
20
-143.5188849999999832
11
135.3446749999999952
21
-143.7093610000000012
0
LINE
8
BLACK
6
CONTINUOUS
10
135.3446749999999952
20
-143.7093610000000012
11
135.2494370000000004
21
-143.8045999999999935
0
LINE
8
BLACK
6
CONTINUOUS
10
135.2494370000000004
20
-143.8045999999999935
11
135.0589609999999823
21
-143.8998379999999884
0
LINE
8
BLACK
6
CONTINUOUS
10
135.0589609999999823
20
-143.8998379999999884
11
134.8684839999999951
21
-143.8998379999999884
0
LINE
8
BLACK
6
CONTINUOUS
10
134.8684839999999951
20
-143.8998379999999884
11
134.6780080000000055
21
-143.8045999999999935
0
LINE
8
BLACK
6
CONTINUOUS
10
134.6780080000000055
20
-143.8045999999999935
11
134.5827699999999822
21
-143.7093610000000012
0
LINE
8
BLACK
6
CONTINUOUS
10
134.5827699999999822
20
-143.7093610000000012
11
134.4875319999999874
21
-143.5188849999999832
0
LINE
8
BLACK
6
CONTINUOUS
10
134.4875319999999874
20
-143.5188849999999832
11
134.3922939999999926
21
-143.1379330000000039
0
LINE
8
BLACK
6
CONTINUOUS
10
134.3922939999999926
20
-143.1379330000000039
11
134.3922939999999926
21
-142.6617420000000038
0
LINE
8
BLACK
6
CONTINUOUS
10
134.3922939999999926
20
-142.6617420000000038
11
134.4875319999999874
21
-142.2807899999999961
0
LINE
8
BLACK
6
CONTINUOUS
10
134.4875319999999874
20
-142.2807899999999961
11
134.5827699999999822
21
-142.0903140000000064
0
LINE
8
BLACK
6
CONTINUOUS
10
134.5827699999999822
20
-142.0903140000000064
11
134.6780080000000055
21
-141.9950759999999832
0
LINE
8
BLACK
6
CONTINUOUS
10
134.6780080000000055
20
-141.9950759999999832
11
134.8684839999999951
21
-141.8998379999999884
0
LINE
8
BLACK
6
CONTINUOUS
10
136.2018180000000029
20
-141.8998379999999884
11
137.43991299999999
21
-141.8998379999999884
0
LINE
8
BLACK
6
CONTINUOUS
10
137.43991299999999
20
-141.8998379999999884
11
136.7732460000000003
21
-142.6617420000000038
0
LINE
8
BLACK
6
CONTINUOUS
10
136.7732460000000003
20
-142.6617420000000038
11
137.0589609999999823
21
-142.6617420000000038
0
LINE
8
BLACK
6
CONTINUOUS
10
137.0589609999999823
20
-142.6617420000000038
11
137.2494370000000004
21
-142.7569799999999987
0
LINE
8
BLACK
6
CONTINUOUS
10
137.2494370000000004
20
-142.7569799999999987
11
137.3446749999999952
21
-142.852218999999991
0
LINE
8
BLACK
6
CONTINUOUS
10
137.3446749999999952
20
-142.852218999999991
11
137.43991299999999
21
-143.0426949999999806
0
LINE
8
BLACK
6
CONTINUOUS
10
137.43991299999999
20
-143.0426949999999806
11
137.43991299999999
21
-143.5188849999999832
0
LINE
8
BLACK
6
CONTINUOUS
10
137.43991299999999
20
-143.5188849999999832
11
137.3446749999999952
21
-143.7093610000000012
0
LINE
8
BLACK
6
CONTINUOUS
10
137.3446749999999952
20
-143.7093610000000012
11
137.2494370000000004
21
-143.8045999999999935
0
LINE
8
BLACK
6
CONTINUOUS
10
137.2494370000000004
20
-143.8045999999999935
11
137.0589609999999823
21
-143.8998379999999884
0
LINE
8
BLACK
6
CONTINUOUS
10
137.0589609999999823
20
-143.8998379999999884
11
136.4875319999999874
21
-143.8998379999999884
0
LINE
8
BLACK
6
CONTINUOUS
10
136.4875319999999874
20
-143.8998379999999884
11
136.2970559999999978
21
-143.8045999999999935
0
LINE
8
BLACK
6
CONTINUOUS
10
136.2970559999999978
20
-143.8045999999999935
11
136.2018180000000029
21
-143.7093610000000012
0
LINE
8
BLACK
6
CONTINUOUS
10
138.3922939999999926
20
-143.8998379999999884
11
138.7732460000000003
21
-143.8998379999999884
0
LINE
8
BLACK
6
CONTINUOUS
10
138.7732460000000003
20
-143.8998379999999884
11
138.9637229999999875
21
-143.8045999999999935
0
LINE
8
BLACK
6
CONTINUOUS
10
138.9637229999999875
20
-143.8045999999999935
11
139.0589609999999823
21
-143.7093610000000012
0
LINE
8
BLACK
6
CONTINUOUS
10
139.0589609999999823
20
-143.7093610000000012
11
139.2494370000000004
21
-143.4236469999999883
0
LINE
8
BLACK
6
CONTINUOUS
10
139.2494370000000004
20
-143.4236469999999883
11
139.3446749999999952
21
-143.0426949999999806
0
LINE
8
BLACK
6
CONTINUOUS
10
139.3446749999999952
20
-143.0426949999999806
11
139.3446749999999952
21
-142.2807899999999961
0
LINE
8
BLACK
6
CONTINUOUS
10
139.3446749999999952
20
-142.2807899999999961
11
139.2494370000000004
21
-142.0903140000000064
0
LINE
8
BLACK
6
CONTINUOUS
10
139.2494370000000004
20
-142.0903140000000064
11
139.1541990000000055
21
-141.9950759999999832
0
LINE
8
BLACK
6
CONTINUOUS
10
139.1541990000000055
20
-141.9950759999999832
11
138.9637229999999875
21
-141.8998379999999884
0
LINE
8
BLACK
6
CONTINUOUS
10
138.9637229999999875
20
-141.8998379999999884
11
138.5827699999999822
21
-141.8998379999999884
0
LINE
8
BLACK
6
CONTINUOUS
10
138.5827699999999822
20
-141.8998379999999884
11
138.3922939999999926
21
-141.9950759999999832
0
LINE
8
BLACK
6
CONTINUOUS
10
138.3922939999999926
20
-141.9950759999999832
11
138.2970559999999978
21
-142.0903140000000064
0
LINE
8
BLACK
6
CONTINUOUS
10
138.2970559999999978
20
-142.0903140000000064
11
138.2018180000000029
21
-142.2807899999999961
0
LINE
8
BLACK
6
CONTINUOUS
10
138.2018180000000029
20
-142.2807899999999961
11
138.2018180000000029
21
-142.7569799999999987
0
LINE
8
BLACK
6
CONTINUOUS
10
138.2018180000000029
20
-142.7569799999999987
11
138.2970559999999978
21
-142.9474569999999858
0
LINE
8
BLACK
6
CONTINUOUS
10
138.2970559999999978
20
-142.9474569999999858
11
138.3922939999999926
21
-143.0426949999999806
0
LINE
8
BLACK
6
CONTINUOUS
10
138.3922939999999926
20
-143.0426949999999806
11
138.5827699999999822
21
-143.1379330000000039
0
LINE
8
BLACK
6
CONTINUOUS
10
138.5827699999999822
20
-143.1379330000000039
11
138.9637229999999875
21
-143.1379330000000039
0
LINE
8
BLACK
6
CONTINUOUS
10
138.9637229999999875
20
-143.1379330000000039
11
139.1541990000000055
21
-143.0426949999999806
0
LINE
8
BLACK
6
CONTINUOUS
10
139.1541990000000055
20
-143.0426949999999806
11
139.2494370000000004
21
-142.9474569999999858
0
LINE
8
BLACK
6
CONTINUOUS
10
139.2494370000000004
20
-142.9474569999999858
11
139.3446749999999952
21
-142.7569799999999987
0
LINE
8
BLACK
6
CONTINUOUS
10
141.0589609999999823
20
-142.5665039999999806
11
141.0589609999999823
21
-143.8998379999999884
0
LINE
8
BLACK
6
CONTINUOUS
10
140.5827699999999822
20
-141.8045999999999935
11
140.1065799999999797
21
-143.2331709999999987
0
LINE
8
BLACK
6
CONTINUOUS
10
140.1065799999999797
20
-143.2331709999999987
11
141.3446749999999952
21
-143.2331709999999987
0
LINE
8
BLACK
6
CONTINUOUS
10
142.0113419999999849
20
-141.8998379999999884
11
142.0113419999999849
21
-142.2807899999999961
0
LINE
8
BLACK
6
CONTINUOUS
10
142.7732469999999978
20
-141.8998379999999884
11
142.7732469999999978
21
-142.2807899999999961
0
LINE
8
BLACK
6
CONTINUOUS
10
145.7256289999999979
20
-144.6617420000000038
11
145.6303900000000056
21
-144.5665039999999806
0
LINE
8
BLACK
6
CONTINUOUS
10
145.6303900000000056
20
-144.5665039999999806
11
145.4399139999999875
21
-144.2807899999999961
0
LINE
8
BLACK
6
CONTINUOUS
10
145.4399139999999875
20
-144.2807899999999961
11
145.3446759999999927
21
-144.0903140000000064
0
LINE
8
BLACK
6
CONTINUOUS
10
145.3446759999999927
20
-144.0903140000000064
11
145.2494379999999978
21
-143.8045999999999935
0
LINE
8
BLACK
6
CONTINUOUS
10
145.2494379999999978
20
-143.8045999999999935
11
145.154200000000003
21
-143.3284089999999935
0
LINE
8
BLACK
6
CONTINUOUS
10
145.154200000000003
20
-143.3284089999999935
11
145.154200000000003
21
-142.9474569999999858
0
LINE
8
BLACK
6
CONTINUOUS
10
145.154200000000003
20
-142.9474569999999858
11
145.2494379999999978
21
-142.4712659999999858
0
LINE
8
BLACK
6
CONTINUOUS
10
145.2494379999999978
20
-142.4712659999999858
11
145.3446759999999927
21
-142.1855520000000013
0
LINE
8
BLACK
6
CONTINUOUS
10
145.3446759999999927
20
-142.1855520000000013
11
145.4399139999999875
21
-141.9950759999999832
0
LINE
8
BLACK
6
CONTINUOUS
10
145.4399139999999875
20
-141.9950759999999832
11
145.6303900000000056
21
-141.7093610000000012
0
LINE
8
BLACK
6
CONTINUOUS
10
145.6303900000000056
20
-141.7093610000000012
11
145.7256289999999979
21
-141.6141230000000064
0
LINE
8
BLACK
6
CONTINUOUS
10
147.5351519999999823
20
-143.8998379999999884
11
146.3922949999999901
21
-143.8998379999999884
0
LINE
8
BLACK
6
CONTINUOUS
10
146.9637229999999875
20
-143.8998379999999884
11
146.9637229999999875
21
-141.8998379999999884
0
LINE
8
BLACK
6
CONTINUOUS
10
146.9637229999999875
20
-141.8998379999999884
11
146.7732469999999978
21
-142.1855520000000013
0
LINE
8
BLACK
6
CONTINUOUS
10
146.7732469999999978
20
-142.1855520000000013
11
146.5827709999999797
21
-142.3760279999999909
0
LINE
8
BLACK
6
CONTINUOUS
10
146.5827709999999797
20
-142.3760279999999909
11
146.3922949999999901
21
-142.4712659999999858
0
LINE
8
BLACK
6
CONTINUOUS
10
148.2970569999999952
20
-142.0903140000000064
11
148.3922949999999901
21
-141.9950759999999832
0
LINE
8
BLACK
6
CONTINUOUS
10
148.3922949999999901
20
-141.9950759999999832
11
148.5827709999999797
21
-141.8998379999999884
0
LINE
8
BLACK
6
CONTINUOUS
10
148.5827709999999797
20
-141.8998379999999884
11
149.0589619999999798
21
-141.8998379999999884
0
LINE
8
BLACK
6
CONTINUOUS
10
149.0589619999999798
20
-141.8998379999999884
11
149.2494379999999978
21
-141.9950759999999832
0
LINE
8
BLACK
6
CONTINUOUS
10
149.2494379999999978
20
-141.9950759999999832
11
149.3446759999999927
21
-142.0903140000000064
0
LINE
8
BLACK
6
CONTINUOUS
10
149.3446759999999927
20
-142.0903140000000064
11
149.4399139999999875
21
-142.2807899999999961
0
LINE
8
BLACK
6
CONTINUOUS
10
149.4399139999999875
20
-142.2807899999999961
11
149.4399139999999875
21
-142.4712659999999858
0
LINE
8
BLACK
6
CONTINUOUS
10
149.4399139999999875
20
-142.4712659999999858
11
149.3446759999999927
21
-142.7569799999999987
0
LINE
8
BLACK
6
CONTINUOUS
10
149.3446759999999927
20
-142.7569799999999987
11
148.2018190000000004
21
-143.8998379999999884
0
LINE
8
BLACK
6
CONTINUOUS
10
148.2018190000000004
20
-143.8998379999999884
11
149.4399139999999875
21
-143.8998379999999884
0
LINE
8
BLACK
6
CONTINUOUS
10
151.8208669999999927
20
-143.8998379999999884
11
151.8208669999999927
21
-141.8998379999999884
0
LINE
8
BLACK
6
CONTINUOUS
10
152.6780100000000004
20
-143.8998379999999884
11
152.6780100000000004
21
-142.852218999999991
0
LINE
8
BLACK
6
CONTINUOUS
10
152.6780100000000004
20
-142.852218999999991
11
152.5827720000000056
21
-142.6617420000000038
0
LINE
8
BLACK
6
CONTINUOUS
10
152.5827720000000056
20
-142.6617420000000038
11
152.3922959999999875
21
-142.5665039999999806
0
LINE
8
BLACK
6
CONTINUOUS
10
152.3922959999999875
20
-142.5665039999999806
11
152.1065810000000056
21
-142.5665039999999806
0
LINE
8
BLACK
6
CONTINUOUS
10
152.1065810000000056
20
-142.5665039999999806
11
151.9161049999999875
21
-142.6617420000000038
0
LINE
8
BLACK
6
CONTINUOUS
10
151.9161049999999875
20
-142.6617420000000038
11
151.8208669999999927
21
-142.7569799999999987
0
LINE
8
BLACK
6
CONTINUOUS
10
153.9161049999999875
20
-143.8998379999999884
11
153.7256289999999979
21
-143.8045999999999935
0
LINE
8
BLACK
6
CONTINUOUS
10
153.7256289999999979
20
-143.8045999999999935
11
153.630391000000003
21
-143.7093610000000012
0
LINE
8
BLACK
6
CONTINUOUS
10
153.630391000000003
20
-143.7093610000000012
11
153.5351529999999798
21
-143.5188849999999832
0
LINE
8
BLACK
6
CONTINUOUS
10
153.5351529999999798
20
-143.5188849999999832
11
153.5351529999999798
21
-142.9474569999999858
0
LINE
8
BLACK
6
CONTINUOUS
10
153.5351529999999798
20
-142.9474569999999858
11
153.630391000000003
21
-142.7569799999999987
0
LINE
8
BLACK
6
CONTINUOUS
10
153.630391000000003
20
-142.7569799999999987
11
153.7256289999999979
21
-142.6617420000000038
0
LINE
8
BLACK
6
CONTINUOUS
10
153.7256289999999979
20
-142.6617420000000038
11
153.9161049999999875
21
-142.5665039999999806
0
LINE
8
BLACK
6
CONTINUOUS
10
153.9161049999999875
20
-142.5665039999999806
11
154.2018199999999979
21
-142.5665039999999806
0
LINE
8
BLACK
6
CONTINUOUS
10
154.2018199999999979
20
-142.5665039999999806
11
154.3922959999999875
21
-142.6617420000000038
0
LINE
8
BLACK
6
CONTINUOUS
10
154.3922959999999875
20
-142.6617420000000038
11
154.4875339999999824
21
-142.7569799999999987
0
LINE
8
BLACK
6
CONTINUOUS
10
154.4875339999999824
20
-142.7569799999999987
11
154.5827720000000056
21
-142.9474569999999858
0
LINE
8
BLACK
6
CONTINUOUS
10
154.5827720000000056
20
-142.9474569999999858
11
154.5827720000000056
21
-143.5188849999999832
0
LINE
8
BLACK
6
CONTINUOUS
10
154.5827720000000056
20
-143.5188849999999832
11
154.4875339999999824
21
-143.7093610000000012
0
LINE
8
BLACK
6
CONTINUOUS
10
154.4875339999999824
20
-143.7093610000000012
11
154.3922959999999875
21
-143.8045999999999935
0
LINE
8
BLACK
6
CONTINUOUS
10
154.3922959999999875
20
-143.8045999999999935
11
154.2018199999999979
21
-143.8998379999999884
0
LINE
8
BLACK
6
CONTINUOUS
10
154.2018199999999979
20
-143.8998379999999884
11
153.9161049999999875
21
-143.8998379999999884
0
LINE
8
BLACK
6
CONTINUOUS
10
155.7256289999999979
20
-143.8998379999999884
11
155.5351529999999798
21
-143.8045999999999935
0
LINE
8
BLACK
6
CONTINUOUS
10
155.5351529999999798
20
-143.8045999999999935
11
155.439914999999985
21
-143.6141230000000064
0
LINE
8
BLACK
6
CONTINUOUS
10
155.439914999999985
20
-143.6141230000000064
11
155.439914999999985
21
-141.8998379999999884
0
LINE
8
BLACK
6
CONTINUOUS
10
157.2494389999999953
20
-143.8045999999999935
11
157.0589630000000056
21
-143.8998379999999884
0
LINE
8
BLACK
6
CONTINUOUS
10
157.0589630000000056
20
-143.8998379999999884
11
156.6780100000000004
21
-143.8998379999999884
0
LINE
8
BLACK
6
CONTINUOUS
10
156.6780100000000004
20
-143.8998379999999884
11
156.4875339999999824
21
-143.8045999999999935
0
LINE
8
BLACK
6
CONTINUOUS
10
156.4875339999999824
20
-143.8045999999999935
11
156.3922959999999875
21
-143.6141230000000064
0
LINE
8
BLACK
6
CONTINUOUS
10
156.3922959999999875
20
-143.6141230000000064
11
156.3922959999999875
21
-142.852218999999991
0
LINE
8
BLACK
6
CONTINUOUS
10
156.3922959999999875
20
-142.852218999999991
11
156.4875339999999824
21
-142.6617420000000038
0
LINE
8
BLACK
6
CONTINUOUS
10
156.4875339999999824
20
-142.6617420000000038
11
156.6780100000000004
21
-142.5665039999999806
0
LINE
8
BLACK
6
CONTINUOUS
10
156.6780100000000004
20
-142.5665039999999806
11
157.0589630000000056
21
-142.5665039999999806
0
LINE
8
BLACK
6
CONTINUOUS
10
157.0589630000000056
20
-142.5665039999999806
11
157.2494389999999953
21
-142.6617420000000038
0
LINE
8
BLACK
6
CONTINUOUS
10
157.2494389999999953
20
-142.6617420000000038
11
157.3446769999999901
21
-142.852218999999991
0
LINE
8
BLACK
6
CONTINUOUS
10
157.3446769999999901
20
-142.852218999999991
11
157.3446769999999901
21
-143.0426949999999806
0
LINE
8
BLACK
6
CONTINUOUS
10
157.3446769999999901
20
-143.0426949999999806
11
156.3922959999999875
21
-143.2331709999999987
0
LINE
8
BLACK
6
CONTINUOUS
10
158.1065820000000031
20
-143.8045999999999935
11
158.2970579999999927
21
-143.8998379999999884
0
LINE
8
BLACK
6
CONTINUOUS
10
158.2970579999999927
20
-143.8998379999999884
11
158.6780100000000004
21
-143.8998379999999884
0
LINE
8
BLACK
6
CONTINUOUS
10
158.6780100000000004
20
-143.8998379999999884
11
158.8684869999999876
21
-143.8045999999999935
0
LINE
8
BLACK
6
CONTINUOUS
10
158.8684869999999876
20
-143.8045999999999935
11
158.9637249999999824
21
-143.6141230000000064
0
LINE
8
BLACK
6
CONTINUOUS
10
158.9637249999999824
20
-143.6141230000000064
11
158.9637249999999824
21
-143.5188849999999832
0
LINE
8
BLACK
6
CONTINUOUS
10
158.9637249999999824
20
-143.5188849999999832
11
158.8684869999999876
21
-143.3284089999999935
0
LINE
8
BLACK
6
CONTINUOUS
10
158.8684869999999876
20
-143.3284089999999935
11
158.6780100000000004
21
-143.2331709999999987
0
LINE
8
BLACK
6
CONTINUOUS
10
158.6780100000000004
20
-143.2331709999999987
11
158.3922959999999875
21
-143.2331709999999987
0
LINE
8
BLACK
6
CONTINUOUS
10
158.3922959999999875
20
-143.2331709999999987
11
158.2018199999999979
21
-143.1379330000000039
0
LINE
8
BLACK
6
CONTINUOUS
10
158.2018199999999979
20
-143.1379330000000039
11
158.1065820000000031
21
-142.9474569999999858
0
LINE
8
BLACK
6
CONTINUOUS
10
158.1065820000000031
20
-142.9474569999999858
11
158.1065820000000031
21
-142.852218999999991
0
LINE
8
BLACK
6
CONTINUOUS
10
158.1065820000000031
20
-142.852218999999991
11
158.2018199999999979
21
-142.6617420000000038
0
LINE
8
BLACK
6
CONTINUOUS
10
158.2018199999999979
20
-142.6617420000000038
11
158.3922959999999875
21
-142.5665039999999806
0
LINE
8
BLACK
6
CONTINUOUS
10
158.3922959999999875
20
-142.5665039999999806
11
158.6780100000000004
21
-142.5665039999999806
0
LINE
8
BLACK
6
CONTINUOUS
10
158.6780100000000004
20
-142.5665039999999806
11
158.8684869999999876
21
-142.6617420000000038
0
LINE
8
BLACK
6
CONTINUOUS
10
159.6303920000000005
20
-144.6617420000000038
11
159.7256299999999953
21
-144.5665039999999806
0
LINE
8
BLACK
6
CONTINUOUS
10
159.7256299999999953
20
-144.5665039999999806
11
159.916105999999985
21
-144.2807899999999961
0
LINE
8
BLACK
6
CONTINUOUS
10
159.916105999999985
20
-144.2807899999999961
11
160.0113439999999798
21
-144.0903140000000064
0
LINE
8
BLACK
6
CONTINUOUS
10
160.0113439999999798
20
-144.0903140000000064
11
160.1065820000000031
21
-143.8045999999999935
0
LINE
8
BLACK
6
CONTINUOUS
10
160.1065820000000031
20
-143.8045999999999935
11
160.2018199999999979
21
-143.3284089999999935
0
LINE
8
BLACK
6
CONTINUOUS
10
160.2018199999999979
20
-143.3284089999999935
11
160.2018199999999979
21
-142.9474569999999858
0
LINE
8
BLACK
6
CONTINUOUS
10
160.2018199999999979
20
-142.9474569999999858
11
160.1065820000000031
21
-142.4712659999999858
0
LINE
8
BLACK
6
CONTINUOUS
10
160.1065820000000031
20
-142.4712659999999858
11
160.0113439999999798
21
-142.1855520000000013
0
LINE
8
BLACK
6
CONTINUOUS
10
160.0113439999999798
20
-142.1855520000000013
11
159.916105999999985
21
-141.9950759999999832
0
LINE
8
BLACK
6
CONTINUOUS
10
159.916105999999985
20
-141.9950759999999832
11
159.7256299999999953
21
-141.7093610000000012
0
LINE
8
BLACK
6
CONTINUOUS
10
159.7256299999999953
20
-141.7093610000000012
11
159.6303920000000005
21
-141.6141230000000064
0
LINE
8
BLACK
6
CONTINUOUS
10
108.4749999999999943
20
-144.875
11
109.9749999999999943
21
-146.375
0
LINE
8
BLACK
6
CONTINUOUS
10
109.9749999999999943
20
-144.875
11
108.4749999999999943
21
-146.375
0
CIRCLE
8
BLACK
10
109.2249999999999943
20
-145.625
40
0.75
0
LINE
8
BLACK
6
CONTINUOUS
10
113.6303869999999989
20
-146.5398380000000031
11
112.4875299999999925
21
-146.5398380000000031
0
LINE
8
BLACK
6
CONTINUOUS
10
113.0589579999999899
20
-146.5398380000000031
11
113.0589579999999899
21
-144.5398380000000031
0
LINE
8
BLACK
6
CONTINUOUS
10
113.0589579999999899
20
-144.5398380000000031
11
112.8684820000000002
21
-144.8255519999999876
0
LINE
8
BLACK
6
CONTINUOUS
10
112.8684820000000002
20
-144.8255519999999876
11
112.6780059999999963
21
-145.0160280000000057
0
LINE
8
BLACK
6
CONTINUOUS
10
112.6780059999999963
20
-145.0160280000000057
11
112.4875299999999925
21
-145.1112660000000005
0
LINE
8
BLACK
6
CONTINUOUS
10
114.4875299999999925
20
-146.3493609999999876
11
114.5827680000000015
21
-146.4445999999999799
0
LINE
8
BLACK
6
CONTINUOUS
10
114.5827680000000015
20
-146.4445999999999799
11
114.4875299999999925
21
-146.5398380000000031
0
LINE
8
BLACK
6
CONTINUOUS
10
114.4875299999999925
20
-146.5398380000000031
11
114.3922919999999976
21
-146.4445999999999799
0
LINE
8
BLACK
6
CONTINUOUS
10
114.3922919999999976
20
-146.4445999999999799
11
114.4875299999999925
21
-146.3493609999999876
0
LINE
8
BLACK
6
CONTINUOUS
10
114.4875299999999925
20
-146.3493609999999876
11
114.4875299999999925
21
-146.5398380000000031
0
LINE
8
BLACK
6
CONTINUOUS
10
116.3922919999999976
20
-144.5398380000000031
11
115.4399109999999951
21
-144.5398380000000031
0
LINE
8
BLACK
6
CONTINUOUS
10
115.4399109999999951
20
-144.5398380000000031
11
115.3446730000000002
21
-145.4922190000000057
0
LINE
8
BLACK
6
CONTINUOUS
10
115.3446730000000002
20
-145.4922190000000057
11
115.4399109999999951
21
-145.396979999999985
0
LINE
8
BLACK
6
CONTINUOUS
10
115.4399109999999951
20
-145.396979999999985
11
115.6303869999999989
21
-145.3017419999999902
0
LINE
8
BLACK
6
CONTINUOUS
10
115.6303869999999989
20
-145.3017419999999902
11
116.106577999999999
21
-145.3017419999999902
0
LINE
8
BLACK
6
CONTINUOUS
10
116.106577999999999
20
-145.3017419999999902
11
116.2970539999999886
21
-145.396979999999985
0
LINE
8
BLACK
6
CONTINUOUS
10
116.2970539999999886
20
-145.396979999999985
11
116.3922919999999976
21
-145.4922190000000057
0
LINE
8
BLACK
6
CONTINUOUS
10
116.3922919999999976
20
-145.4922190000000057
11
116.4875299999999925
21
-145.6826949999999954
0
LINE
8
BLACK
6
CONTINUOUS
10
116.4875299999999925
20
-145.6826949999999954
11
116.4875299999999925
21
-146.1588849999999979
0
LINE
8
BLACK
6
CONTINUOUS
10
116.4875299999999925
20
-146.1588849999999979
11
116.3922919999999976
21
-146.3493609999999876
0
LINE
8
BLACK
6
CONTINUOUS
10
116.3922919999999976
20
-146.3493609999999876
11
116.2970539999999886
21
-146.4445999999999799
0
LINE
8
BLACK
6
CONTINUOUS
10
116.2970539999999886
20
-146.4445999999999799
11
116.106577999999999
21
-146.5398380000000031
0
LINE
8
BLACK
6
CONTINUOUS
10
116.106577999999999
20
-146.5398380000000031
11
115.6303869999999989
21
-146.5398380000000031
0
LINE
8
BLACK
6
CONTINUOUS
10
115.6303869999999989
20
-146.5398380000000031
11
115.4399109999999951
21
-146.4445999999999799
0
LINE
8
BLACK
6
CONTINUOUS
10
115.4399109999999951
20
-146.4445999999999799
11
115.3446730000000002
21
-146.3493609999999876
0
LINE
8
BLACK
6
CONTINUOUS
10
117.7256249999999937
20
-144.5398380000000031
11
117.9161019999999951
21
-144.5398380000000031
0
LINE
8
BLACK
6
CONTINUOUS
10
117.9161019999999951
20
-144.5398380000000031
11
118.106577999999999
21
-144.635075999999998
0
LINE
8
BLACK
6
CONTINUOUS
10
118.106577999999999
20
-144.635075999999998
11
118.2018159999999938
21
-144.7303139999999928
0
LINE
8
BLACK
6
CONTINUOUS
10
118.2018159999999938
20
-144.7303139999999928
11
118.2970539999999886
21
-144.9207899999999825
0
LINE
8
BLACK
6
CONTINUOUS
10
118.2970539999999886
20
-144.9207899999999825
11
118.3922919999999976
21
-145.3017419999999902
0
LINE
8
BLACK
6
CONTINUOUS
10
118.3922919999999976
20
-145.3017419999999902
11
118.3922919999999976
21
-145.7779329999999902
0
LINE
8
BLACK
6
CONTINUOUS
10
118.3922919999999976
20
-145.7779329999999902
11
118.2970539999999886
21
-146.1588849999999979
0
LINE
8
BLACK
6
CONTINUOUS
10
118.2970539999999886
20
-146.1588849999999979
11
118.2018159999999938
21
-146.3493609999999876
0
LINE
8
BLACK
6
CONTINUOUS
10
118.2018159999999938
20
-146.3493609999999876
11
118.106577999999999
21
-146.4445999999999799
0
LINE
8
BLACK
6
CONTINUOUS
10
118.106577999999999
20
-146.4445999999999799
11
117.9161019999999951
21
-146.5398380000000031
0
LINE
8
BLACK
6
CONTINUOUS
10
117.9161019999999951
20
-146.5398380000000031
11
117.7256249999999937
21
-146.5398380000000031
0
LINE
8
BLACK
6
CONTINUOUS
10
117.7256249999999937
20
-146.5398380000000031
11
117.5351489999999899
21
-146.4445999999999799
0
LINE
8
BLACK
6
CONTINUOUS
10
117.5351489999999899
20
-146.4445999999999799
11
117.4399109999999951
21
-146.3493609999999876
0
LINE
8
BLACK
6
CONTINUOUS
10
117.4399109999999951
20
-146.3493609999999876
11
117.3446730000000002
21
-146.1588849999999979
0
LINE
8
BLACK
6
CONTINUOUS
10
117.3446730000000002
20
-146.1588849999999979
11
117.2494349999999912
21
-145.7779329999999902
0
LINE
8
BLACK
6
CONTINUOUS
10
117.2494349999999912
20
-145.7779329999999902
11
117.2494349999999912
21
-145.3017419999999902
0
LINE
8
BLACK
6
CONTINUOUS
10
117.2494349999999912
20
-145.3017419999999902
11
117.3446730000000002
21
-144.9207899999999825
0
LINE
8
BLACK
6
CONTINUOUS
10
117.3446730000000002
20
-144.9207899999999825
11
117.4399109999999951
21
-144.7303139999999928
0
LINE
8
BLACK
6
CONTINUOUS
10
117.4399109999999951
20
-144.7303139999999928
11
117.5351489999999899
21
-144.635075999999998
0
LINE
8
BLACK
6
CONTINUOUS
10
117.5351489999999899
20
-144.635075999999998
11
117.7256249999999937
21
-144.5398380000000031
0
LINE
8
BLACK
6
CONTINUOUS
10
119.6303869999999989
20
-144.5398380000000031
11
119.8208640000000003
21
-144.5398380000000031
0
LINE
8
BLACK
6
CONTINUOUS
10
119.8208640000000003
20
-144.5398380000000031
11
120.0113399999999899
21
-144.635075999999998
0
LINE
8
BLACK
6
CONTINUOUS
10
120.0113399999999899
20
-144.635075999999998
11
120.106577999999999
21
-144.7303139999999928
0
LINE
8
BLACK
6
CONTINUOUS
10
120.106577999999999
20
-144.7303139999999928
11
120.2018159999999938
21
-144.9207899999999825
0
LINE
8
BLACK
6
CONTINUOUS
10
120.2018159999999938
20
-144.9207899999999825
11
120.2970539999999886
21
-145.3017419999999902
0
LINE
8
BLACK
6
CONTINUOUS
10
120.2970539999999886
20
-145.3017419999999902
11
120.2970539999999886
21
-145.7779329999999902
0
LINE
8
BLACK
6
CONTINUOUS
10
120.2970539999999886
20
-145.7779329999999902
11
120.2018159999999938
21
-146.1588849999999979
0
LINE
8
BLACK
6
CONTINUOUS
10
120.2018159999999938
20
-146.1588849999999979
11
120.106577999999999
21
-146.3493609999999876
0
LINE
8
BLACK
6
CONTINUOUS
10
120.106577999999999
20
-146.3493609999999876
11
120.0113399999999899
21
-146.4445999999999799
0
LINE
8
BLACK
6
CONTINUOUS
10
120.0113399999999899
20
-146.4445999999999799
11
119.8208640000000003
21
-146.5398380000000031
0
LINE
8
BLACK
6
CONTINUOUS
10
119.8208640000000003
20
-146.5398380000000031
11
119.6303869999999989
21
-146.5398380000000031
0
LINE
8
BLACK
6
CONTINUOUS
10
119.6303869999999989
20
-146.5398380000000031
11
119.4399109999999951
21
-146.4445999999999799
0
LINE
8
BLACK
6
CONTINUOUS
10
119.4399109999999951
20
-146.4445999999999799
11
119.3446730000000002
21
-146.3493609999999876
0
LINE
8
BLACK
6
CONTINUOUS
10
119.3446730000000002
20
-146.3493609999999876
11
119.2494349999999912
21
-146.1588849999999979
0
LINE
8
BLACK
6
CONTINUOUS
10
119.2494349999999912
20
-146.1588849999999979
11
119.1541969999999964
21
-145.7779329999999902
0
LINE
8
BLACK
6
CONTINUOUS
10
119.1541969999999964
20
-145.7779329999999902
11
119.1541969999999964
21
-145.3017419999999902
0
LINE
8
BLACK
6
CONTINUOUS
10
119.1541969999999964
20
-145.3017419999999902
11
119.2494349999999912
21
-144.9207899999999825
0
LINE
8
BLACK
6
CONTINUOUS
10
119.2494349999999912
20
-144.9207899999999825
11
119.3446730000000002
21
-144.7303139999999928
0
LINE
8
BLACK
6
CONTINUOUS
10
119.3446730000000002
20
-144.7303139999999928
11
119.4399109999999951
21
-144.635075999999998
0
LINE
8
BLACK
6
CONTINUOUS
10
119.4399109999999951
20
-144.635075999999998
11
119.6303869999999989
21
-144.5398380000000031
0
LINE
8
BLACK
6
CONTINUOUS
10
121.1541969999999964
20
-146.5398380000000031
11
121.1541969999999964
21
-145.2065039999999954
0
LINE
8
BLACK
6
CONTINUOUS
10
121.1541969999999964
20
-145.396979999999985
11
121.2494349999999912
21
-145.3017419999999902
0
LINE
8
BLACK
6
CONTINUOUS
10
121.2494349999999912
20
-145.3017419999999902
11
121.4399109999999951
21
-145.2065039999999954
0
LINE
8
BLACK
6
CONTINUOUS
10
121.4399109999999951
20
-145.2065039999999954
11
121.7256259999999912
21
-145.2065039999999954
0
LINE
8
BLACK
6
CONTINUOUS
10
121.7256259999999912
20
-145.2065039999999954
11
121.9161019999999951
21
-145.3017419999999902
0
LINE
8
BLACK
6
CONTINUOUS
10
121.9161019999999951
20
-145.3017419999999902
11
122.0113399999999899
21
-145.4922190000000057
0
LINE
8
BLACK
6
CONTINUOUS
10
122.0113399999999899
20
-145.4922190000000057
11
122.0113399999999899
21
-146.5398380000000031
0
LINE
8
BLACK
6
CONTINUOUS
10
122.0113399999999899
20
-145.4922190000000057
11
122.106577999999999
21
-145.3017419999999902
0
LINE
8
BLACK
6
CONTINUOUS
10
122.106577999999999
20
-145.3017419999999902
11
122.2970539999999886
21
-145.2065039999999954
0
LINE
8
BLACK
6
CONTINUOUS
10
122.2970539999999886
20
-145.2065039999999954
11
122.5827680000000015
21
-145.2065039999999954
0
LINE
8
BLACK
6
CONTINUOUS
10
122.5827680000000015
20
-145.2065039999999954
11
122.7732449999999886
21
-145.3017419999999902
0
LINE
8
BLACK
6
CONTINUOUS
10
122.7732449999999886
20
-145.3017419999999902
11
122.8684829999999977
21
-145.4922190000000057
0
LINE
8
BLACK
6
CONTINUOUS
10
122.8684829999999977
20
-145.4922190000000057
11
122.8684829999999977
21
-146.5398380000000031
0
LINE
8
BLACK
6
CONTINUOUS
10
123.8208640000000003
20
-146.5398380000000031
11
123.8208640000000003
21
-145.2065039999999954
0
LINE
8
BLACK
6
CONTINUOUS
10
123.8208640000000003
20
-145.396979999999985
11
123.9161019999999951
21
-145.3017419999999902
0
LINE
8
BLACK
6
CONTINUOUS
10
123.9161019999999951
20
-145.3017419999999902
11
124.106577999999999
21
-145.2065039999999954
0
LINE
8
BLACK
6
CONTINUOUS
10
124.106577999999999
20
-145.2065039999999954
11
124.3922929999999951
21
-145.2065039999999954
0
LINE
8
BLACK
6
CONTINUOUS
10
124.3922929999999951
20
-145.2065039999999954
11
124.582768999999999
21
-145.3017419999999902
0
LINE
8
BLACK
6
CONTINUOUS
10
124.582768999999999
20
-145.3017419999999902
11
124.6780069999999938
21
-145.4922190000000057
0
LINE
8
BLACK
6
CONTINUOUS
10
124.6780069999999938
20
-145.4922190000000057
11
124.6780069999999938
21
-146.5398380000000031
0
LINE
8
BLACK
6
CONTINUOUS
10
124.6780069999999938
20
-145.4922190000000057
11
124.7732449999999886
21
-145.3017419999999902
0
LINE
8
BLACK
6
CONTINUOUS
10
124.7732449999999886
20
-145.3017419999999902
11
124.9637209999999925
21
-145.2065039999999954
0
LINE
8
BLACK
6
CONTINUOUS
10
124.9637209999999925
20
-145.2065039999999954
11
125.2494349999999912
21
-145.2065039999999954
0
LINE
8
BLACK
6
CONTINUOUS
10
125.2494349999999912
20
-145.2065039999999954
11
125.4399119999999925
21
-145.3017419999999902
0
LINE
8
BLACK
6
CONTINUOUS
10
125.4399119999999925
20
-145.3017419999999902
11
125.5351499999999874
21
-145.4922190000000057
0
LINE
8
BLACK
6
CONTINUOUS
10
125.5351499999999874
20
-145.4922190000000057
11
125.5351499999999874
21
-146.5398380000000031
0
LINE
8
BLACK
6
CONTINUOUS
10
129.4399119999999925
20
-144.4445999999999799
11
127.7256269999999887
21
-147.0160280000000057
0
LINE
8
BLACK
6
CONTINUOUS
10
132.0113409999999874
20
-144.5398380000000031
11
132.2018180000000029
21
-144.5398380000000031
0
LINE
8
BLACK
6
CONTINUOUS
10
132.2018180000000029
20
-144.5398380000000031
11
132.3922939999999926
21
-144.635075999999998
0
LINE
8
BLACK
6
CONTINUOUS
10
132.3922939999999926
20
-144.635075999999998
11
132.4875319999999874
21
-144.7303139999999928
0
LINE
8
BLACK
6
CONTINUOUS
10
132.4875319999999874
20
-144.7303139999999928
11
132.5827699999999822
21
-144.9207899999999825
0
LINE
8
BLACK
6
CONTINUOUS
10
132.5827699999999822
20
-144.9207899999999825
11
132.6780080000000055
21
-145.3017419999999902
0
LINE
8
BLACK
6
CONTINUOUS
10
132.6780080000000055
20
-145.3017419999999902
11
132.6780080000000055
21
-145.7779329999999902
0
LINE
8
BLACK
6
CONTINUOUS
10
132.6780080000000055
20
-145.7779329999999902
11
132.5827699999999822
21
-146.1588849999999979
0
LINE
8
BLACK
6
CONTINUOUS
10
132.5827699999999822
20
-146.1588849999999979
11
132.4875319999999874
21
-146.3493609999999876
0
LINE
8
BLACK
6
CONTINUOUS
10
132.4875319999999874
20
-146.3493609999999876
11
132.3922939999999926
21
-146.4445999999999799
0
LINE
8
BLACK
6
CONTINUOUS
10
132.3922939999999926
20
-146.4445999999999799
11
132.2018180000000029
21
-146.5398380000000031
0
LINE
8
BLACK
6
CONTINUOUS
10
132.2018180000000029
20
-146.5398380000000031
11
132.0113409999999874
21
-146.5398380000000031
0
LINE
8
BLACK
6
CONTINUOUS
10
132.0113409999999874
20
-146.5398380000000031
11
131.8208649999999977
21
-146.4445999999999799
0
LINE
8
BLACK
6
CONTINUOUS
10
131.8208649999999977
20
-146.4445999999999799
11
131.7256270000000029
21
-146.3493609999999876
0
LINE
8
BLACK
6
CONTINUOUS
10
131.7256270000000029
20
-146.3493609999999876
11
131.6303890000000081
21
-146.1588849999999979
0
LINE
8
BLACK
6
CONTINUOUS
10
131.6303890000000081
20
-146.1588849999999979
11
131.5351509999999848
21
-145.7779329999999902
0
LINE
8
BLACK
6
CONTINUOUS
10
131.5351509999999848
20
-145.7779329999999902
11
131.5351509999999848
21
-145.3017419999999902
0
LINE
8
BLACK
6
CONTINUOUS
10
131.5351509999999848
20
-145.3017419999999902
11
131.6303890000000081
21
-144.9207899999999825
0
LINE
8
BLACK
6
CONTINUOUS
10
131.6303890000000081
20
-144.9207899999999825
11
131.7256270000000029
21
-144.7303139999999928
0
LINE
8
BLACK
6
CONTINUOUS
10
131.7256270000000029
20
-144.7303139999999928
11
131.8208649999999977
21
-144.635075999999998
0
LINE
8
BLACK
6
CONTINUOUS
10
131.8208649999999977
20
-144.635075999999998
11
132.0113409999999874
21
-144.5398380000000031
0
LINE
8
BLACK
6
CONTINUOUS
10
133.5351509999999848
20
-146.3493609999999876
11
133.6303890000000081
21
-146.4445999999999799
0
LINE
8
BLACK
6
CONTINUOUS
10
133.6303890000000081
20
-146.4445999999999799
11
133.5351509999999848
21
-146.5398380000000031
0
LINE
8
BLACK
6
CONTINUOUS
10
133.5351509999999848
20
-146.5398380000000031
11
133.43991299999999
21
-146.4445999999999799
0
LINE
8
BLACK
6
CONTINUOUS
10
133.43991299999999
20
-146.4445999999999799
11
133.5351509999999848
21
-146.3493609999999876
0
LINE
8
BLACK
6
CONTINUOUS
10
133.5351509999999848
20
-146.3493609999999876
11
133.5351509999999848
21
-146.5398380000000031
0
LINE
8
BLACK
6
CONTINUOUS
10
134.8684839999999951
20
-144.5398380000000031
11
135.0589609999999823
21
-144.5398380000000031
0
LINE
8
BLACK
6
CONTINUOUS
10
135.0589609999999823
20
-144.5398380000000031
11
135.2494370000000004
21
-144.635075999999998
0
LINE
8
BLACK
6
CONTINUOUS
10
135.2494370000000004
20
-144.635075999999998
11
135.3446749999999952
21
-144.7303139999999928
0
LINE
8
BLACK
6
CONTINUOUS
10
135.3446749999999952
20
-144.7303139999999928
11
135.43991299999999
21
-144.9207899999999825
0
LINE
8
BLACK
6
CONTINUOUS
10
135.43991299999999
20
-144.9207899999999825
11
135.5351509999999848
21
-145.3017419999999902
0
LINE
8
BLACK
6
CONTINUOUS
10
135.5351509999999848
20
-145.3017419999999902
11
135.5351509999999848
21
-145.7779329999999902
0
LINE
8
BLACK
6
CONTINUOUS
10
135.5351509999999848
20
-145.7779329999999902
11
135.43991299999999
21
-146.1588849999999979
0
LINE
8
BLACK
6
CONTINUOUS
10
135.43991299999999
20
-146.1588849999999979
11
135.3446749999999952
21
-146.3493609999999876
0
LINE
8
BLACK
6
CONTINUOUS
10
135.3446749999999952
20
-146.3493609999999876
11
135.2494370000000004
21
-146.4445999999999799
0
LINE
8
BLACK
6
CONTINUOUS
10
135.2494370000000004
20
-146.4445999999999799
11
135.0589609999999823
21
-146.5398380000000031
0
LINE
8
BLACK
6
CONTINUOUS
10
135.0589609999999823
20
-146.5398380000000031
11
134.8684839999999951
21
-146.5398380000000031
0
LINE
8
BLACK
6
CONTINUOUS
10
134.8684839999999951
20
-146.5398380000000031
11
134.6780080000000055
21
-146.4445999999999799
0
LINE
8
BLACK
6
CONTINUOUS
10
134.6780080000000055
20
-146.4445999999999799
11
134.5827699999999822
21
-146.3493609999999876
0
LINE
8
BLACK
6
CONTINUOUS
10
134.5827699999999822
20
-146.3493609999999876
11
134.4875319999999874
21
-146.1588849999999979
0
LINE
8
BLACK
6
CONTINUOUS
10
134.4875319999999874
20
-146.1588849999999979
11
134.3922939999999926
21
-145.7779329999999902
0
LINE
8
BLACK
6
CONTINUOUS
10
134.3922939999999926
20
-145.7779329999999902
11
134.3922939999999926
21
-145.3017419999999902
0
LINE
8
BLACK
6
CONTINUOUS
10
134.3922939999999926
20
-145.3017419999999902
11
134.4875319999999874
21
-144.9207899999999825
0
LINE
8
BLACK
6
CONTINUOUS
10
134.4875319999999874
20
-144.9207899999999825
11
134.5827699999999822
21
-144.7303139999999928
0
LINE
8
BLACK
6
CONTINUOUS
10
134.5827699999999822
20
-144.7303139999999928
11
134.6780080000000055
21
-144.635075999999998
0
LINE
8
BLACK
6
CONTINUOUS
10
134.6780080000000055
20
-144.635075999999998
11
134.8684839999999951
21
-144.5398380000000031
0
LINE
8
BLACK
6
CONTINUOUS
10
137.3446749999999952
20
-144.5398380000000031
11
136.3922939999999926
21
-144.5398380000000031
0
LINE
8
BLACK
6
CONTINUOUS
10
136.3922939999999926
20
-144.5398380000000031
11
136.2970559999999978
21
-145.4922190000000057
0
LINE
8
BLACK
6
CONTINUOUS
10
136.2970559999999978
20
-145.4922190000000057
11
136.3922939999999926
21
-145.396979999999985
0
LINE
8
BLACK
6
CONTINUOUS
10
136.3922939999999926
20
-145.396979999999985
11
136.5827699999999822
21
-145.3017419999999902
0
LINE
8
BLACK
6
CONTINUOUS
10
136.5827699999999822
20
-145.3017419999999902
11
137.0589609999999823
21
-145.3017419999999902
0
LINE
8
BLACK
6
CONTINUOUS
10
137.0589609999999823
20
-145.3017419999999902
11
137.2494370000000004
21
-145.396979999999985
0
LINE
8
BLACK
6
CONTINUOUS
10
137.2494370000000004
20
-145.396979999999985
11
137.3446749999999952
21
-145.4922190000000057
0
LINE
8
BLACK
6
CONTINUOUS
10
137.3446749999999952
20
-145.4922190000000057
11
137.43991299999999
21
-145.6826949999999954
0
LINE
8
BLACK
6
CONTINUOUS
10
137.43991299999999
20
-145.6826949999999954
11
137.43991299999999
21
-146.1588849999999979
0
LINE
8
BLACK
6
CONTINUOUS
10
137.43991299999999
20
-146.1588849999999979
11
137.3446749999999952
21
-146.3493609999999876
0
LINE
8
BLACK
6
CONTINUOUS
10
137.3446749999999952
20
-146.3493609999999876
11
137.2494370000000004
21
-146.4445999999999799
0
LINE
8
BLACK
6
CONTINUOUS
10
137.2494370000000004
20
-146.4445999999999799
11
137.0589609999999823
21
-146.5398380000000031
0
LINE
8
BLACK
6
CONTINUOUS
10
137.0589609999999823
20
-146.5398380000000031
11
136.5827699999999822
21
-146.5398380000000031
0
LINE
8
BLACK
6
CONTINUOUS
10
136.5827699999999822
20
-146.5398380000000031
11
136.3922939999999926
21
-146.4445999999999799
0
LINE
8
BLACK
6
CONTINUOUS
10
136.3922939999999926
20
-146.4445999999999799
11
136.2970559999999978
21
-146.3493609999999876
0
LINE
8
BLACK
6
CONTINUOUS
10
138.3922939999999926
20
-146.5398380000000031
11
138.7732460000000003
21
-146.5398380000000031
0
LINE
8
BLACK
6
CONTINUOUS
10
138.7732460000000003
20
-146.5398380000000031
11
138.9637229999999875
21
-146.4445999999999799
0
LINE
8
BLACK
6
CONTINUOUS
10
138.9637229999999875
20
-146.4445999999999799
11
139.0589609999999823
21
-146.3493609999999876
0
LINE
8
BLACK
6
CONTINUOUS
10
139.0589609999999823
20
-146.3493609999999876
11
139.2494370000000004
21
-146.0636470000000031
0
LINE
8
BLACK
6
CONTINUOUS
10
139.2494370000000004
20
-146.0636470000000031
11
139.3446749999999952
21
-145.6826949999999954
0
LINE
8
BLACK
6
CONTINUOUS
10
139.3446749999999952
20
-145.6826949999999954
11
139.3446749999999952
21
-144.9207899999999825
0
LINE
8
BLACK
6
CONTINUOUS
10
139.3446749999999952
20
-144.9207899999999825
11
139.2494370000000004
21
-144.7303139999999928
0
LINE
8
BLACK
6
CONTINUOUS
10
139.2494370000000004
20
-144.7303139999999928
11
139.1541990000000055
21
-144.635075999999998
0
LINE
8
BLACK
6
CONTINUOUS
10
139.1541990000000055
20
-144.635075999999998
11
138.9637229999999875
21
-144.5398380000000031
0
LINE
8
BLACK
6
CONTINUOUS
10
138.9637229999999875
20
-144.5398380000000031
11
138.5827699999999822
21
-144.5398380000000031
0
LINE
8
BLACK
6
CONTINUOUS
10
138.5827699999999822
20
-144.5398380000000031
11
138.3922939999999926
21
-144.635075999999998
0
LINE
8
BLACK
6
CONTINUOUS
10
138.3922939999999926
20
-144.635075999999998
11
138.2970559999999978
21
-144.7303139999999928
0
LINE
8
BLACK
6
CONTINUOUS
10
138.2970559999999978
20
-144.7303139999999928
11
138.2018180000000029
21
-144.9207899999999825
0
LINE
8
BLACK
6
CONTINUOUS
10
138.2018180000000029
20
-144.9207899999999825
11
138.2018180000000029
21
-145.396979999999985
0
LINE
8
BLACK
6
CONTINUOUS
10
138.2018180000000029
20
-145.396979999999985
11
138.2970559999999978
21
-145.5874570000000006
0
LINE
8
BLACK
6
CONTINUOUS
10
138.2970559999999978
20
-145.5874570000000006
11
138.3922939999999926
21
-145.6826949999999954
0
LINE
8
BLACK
6
CONTINUOUS
10
138.3922939999999926
20
-145.6826949999999954
11
138.5827699999999822
21
-145.7779329999999902
0
LINE
8
BLACK
6
CONTINUOUS
10
138.5827699999999822
20
-145.7779329999999902
11
138.9637229999999875
21
-145.7779329999999902
0
LINE
8
BLACK
6
CONTINUOUS
10
138.9637229999999875
20
-145.7779329999999902
11
139.1541990000000055
21
-145.6826949999999954
0
LINE
8
BLACK
6
CONTINUOUS
10
139.1541990000000055
20
-145.6826949999999954
11
139.2494370000000004
21
-145.5874570000000006
0
LINE
8
BLACK
6
CONTINUOUS
10
139.2494370000000004
20
-145.5874570000000006
11
139.3446749999999952
21
-145.396979999999985
0
LINE
8
BLACK
6
CONTINUOUS
10
141.2494370000000004
20
-146.5398380000000031
11
140.1065799999999797
21
-146.5398380000000031
0
LINE
8
BLACK
6
CONTINUOUS
10
140.6780080000000055
20
-146.5398380000000031
11
140.6780080000000055
21
-144.5398380000000031
0
LINE
8
BLACK
6
CONTINUOUS
10
140.6780080000000055
20
-144.5398380000000031
11
140.4875319999999874
21
-144.8255519999999876
0
LINE
8
BLACK
6
CONTINUOUS
10
140.4875319999999874
20
-144.8255519999999876
11
140.2970559999999978
21
-145.0160280000000057
0
LINE
8
BLACK
6
CONTINUOUS
10
140.2970559999999978
20
-145.0160280000000057
11
140.1065799999999797
21
-145.1112660000000005
0
LINE
8
BLACK
6
CONTINUOUS
10
142.0113419999999849
20
-144.5398380000000031
11
142.0113419999999849
21
-144.9207899999999825
0
LINE
8
BLACK
6
CONTINUOUS
10
142.7732469999999978
20
-144.5398380000000031
11
142.7732469999999978
21
-144.9207899999999825
0
LINE
8
BLACK
6
CONTINUOUS
10
145.7256289999999979
20
-147.3017419999999902
11
145.6303900000000056
21
-147.2065039999999954
0
LINE
8
BLACK
6
CONTINUOUS
10
145.6303900000000056
20
-147.2065039999999954
11
145.4399139999999875
21
-146.9207899999999825
0
LINE
8
BLACK
6
CONTINUOUS
10
145.4399139999999875
20
-146.9207899999999825
11
145.3446759999999927
21
-146.7303139999999928
0
LINE
8
BLACK
6
CONTINUOUS
10
145.3446759999999927
20
-146.7303139999999928
11
145.2494379999999978
21
-146.4445999999999799
0
LINE
8
BLACK
6
CONTINUOUS
10
145.2494379999999978
20
-146.4445999999999799
11
145.154200000000003
21
-145.9684089999999799
0
LINE
8
BLACK
6
CONTINUOUS
10
145.154200000000003
20
-145.9684089999999799
11
145.154200000000003
21
-145.5874570000000006
0
LINE
8
BLACK
6
CONTINUOUS
10
145.154200000000003
20
-145.5874570000000006
11
145.2494379999999978
21
-145.1112660000000005
0
LINE
8
BLACK
6
CONTINUOUS
10
145.2494379999999978
20
-145.1112660000000005
11
145.3446759999999927
21
-144.8255519999999876
0
LINE
8
BLACK
6
CONTINUOUS
10
145.3446759999999927
20
-144.8255519999999876
11
145.4399139999999875
21
-144.635075999999998
0
LINE
8
BLACK
6
CONTINUOUS
10
145.4399139999999875
20
-144.635075999999998
11
145.6303900000000056
21
-144.3493609999999876
0
LINE
8
BLACK
6
CONTINUOUS
10
145.6303900000000056
20
-144.3493609999999876
11
145.7256289999999979
21
-144.2541229999999928
0
LINE
8
BLACK
6
CONTINUOUS
10
147.3446759999999927
20
-145.2065039999999954
11
147.3446759999999927
21
-146.5398380000000031
0
LINE
8
BLACK
6
CONTINUOUS
10
146.8684849999999926
20
-144.4445999999999799
11
146.3922949999999901
21
-145.873170999999985
0
LINE
8
BLACK
6
CONTINUOUS
10
146.3922949999999901
20
-145.873170999999985
11
147.6303900000000056
21
-145.873170999999985
0
LINE
8
BLACK
6
CONTINUOUS
10
149.9161049999999875
20
-146.5398380000000031
11
149.9161049999999875
21
-144.5398380000000031
0
LINE
8
BLACK
6
CONTINUOUS
10
150.7732479999999953
20
-146.5398380000000031
11
150.7732479999999953
21
-145.4922190000000057
0
LINE
8
BLACK
6
CONTINUOUS
10
150.7732479999999953
20
-145.4922190000000057
11
150.6780100000000004
21
-145.3017419999999902
0
LINE
8
BLACK
6
CONTINUOUS
10
150.6780100000000004
20
-145.3017419999999902
11
150.4875339999999824
21
-145.2065039999999954
0
LINE
8
BLACK
6
CONTINUOUS
10
150.4875339999999824
20
-145.2065039999999954
11
150.2018190000000004
21
-145.2065039999999954
0
LINE
8
BLACK
6
CONTINUOUS
10
150.2018190000000004
20
-145.2065039999999954
11
150.0113429999999823
21
-145.3017419999999902
0
LINE
8
BLACK
6
CONTINUOUS
10
150.0113429999999823
20
-145.3017419999999902
11
149.9161049999999875
21
-145.396979999999985
0
LINE
8
BLACK
6
CONTINUOUS
10
152.0113429999999823
20
-146.5398380000000031
11
151.8208669999999927
21
-146.4445999999999799
0
LINE
8
BLACK
6
CONTINUOUS
10
151.8208669999999927
20
-146.4445999999999799
11
151.7256289999999979
21
-146.3493609999999876
0
LINE
8
BLACK
6
CONTINUOUS
10
151.7256289999999979
20
-146.3493609999999876
11
151.630391000000003
21
-146.1588849999999979
0
LINE
8
BLACK
6
CONTINUOUS
10
151.630391000000003
20
-146.1588849999999979
11
151.630391000000003
21
-145.5874570000000006
0
LINE
8
BLACK
6
CONTINUOUS
10
151.630391000000003
20
-145.5874570000000006
11
151.7256289999999979
21
-145.396979999999985
0
LINE
8
BLACK
6
CONTINUOUS
10
151.7256289999999979
20
-145.396979999999985
11
151.8208669999999927
21
-145.3017419999999902
0
LINE
8
BLACK
6
CONTINUOUS
10
151.8208669999999927
20
-145.3017419999999902
11
152.0113429999999823
21
-145.2065039999999954
0
LINE
8
BLACK
6
CONTINUOUS
10
152.0113429999999823
20
-145.2065039999999954
11
152.2970579999999927
21
-145.2065039999999954
0
LINE
8
BLACK
6
CONTINUOUS
10
152.2970579999999927
20
-145.2065039999999954
11
152.4875339999999824
21
-145.3017419999999902
0
LINE
8
BLACK
6
CONTINUOUS
10
152.4875339999999824
20
-145.3017419999999902
11
152.5827720000000056
21
-145.396979999999985
0
LINE
8
BLACK
6
CONTINUOUS
10
152.5827720000000056
20
-145.396979999999985
11
152.6780100000000004
21
-145.5874570000000006
0
LINE
8
BLACK
6
CONTINUOUS
10
152.6780100000000004
20
-145.5874570000000006
11
152.6780100000000004
21
-146.1588849999999979
0
LINE
8
BLACK
6
CONTINUOUS
10
152.6780100000000004
20
-146.1588849999999979
11
152.5827720000000056
21
-146.3493609999999876
0
LINE
8
BLACK
6
CONTINUOUS
10
152.5827720000000056
20
-146.3493609999999876
11
152.4875339999999824
21
-146.4445999999999799
0
LINE
8
BLACK
6
CONTINUOUS
10
152.4875339999999824
20
-146.4445999999999799
11
152.2970579999999927
21
-146.5398380000000031
0
LINE
8
BLACK
6
CONTINUOUS
10
152.2970579999999927
20
-146.5398380000000031
11
152.0113429999999823
21
-146.5398380000000031
0
LINE
8
BLACK
6
CONTINUOUS
10
153.8208669999999927
20
-146.5398380000000031
11
153.630391000000003
21
-146.4445999999999799
0
LINE
8
BLACK
6
CONTINUOUS
10
153.630391000000003
20
-146.4445999999999799
11
153.5351529999999798
21
-146.2541229999999928
0
LINE
8
BLACK
6
CONTINUOUS
10
153.5351529999999798
20
-146.2541229999999928
11
153.5351529999999798
21
-144.5398380000000031
0
LINE
8
BLACK
6
CONTINUOUS
10
155.3446769999999901
20
-146.4445999999999799
11
155.1542010000000005
21
-146.5398380000000031
0
LINE
8
BLACK
6
CONTINUOUS
10
155.1542010000000005
20
-146.5398380000000031
11
154.7732479999999953
21
-146.5398380000000031
0
LINE
8
BLACK
6
CONTINUOUS
10
154.7732479999999953
20
-146.5398380000000031
11
154.5827720000000056
21
-146.4445999999999799
0
LINE
8
BLACK
6
CONTINUOUS
10
154.5827720000000056
20
-146.4445999999999799
11
154.4875339999999824
21
-146.2541229999999928
0
LINE
8
BLACK
6
CONTINUOUS
10
154.4875339999999824
20
-146.2541229999999928
11
154.4875339999999824
21
-145.4922190000000057
0
LINE
8
BLACK
6
CONTINUOUS
10
154.4875339999999824
20
-145.4922190000000057
11
154.5827720000000056
21
-145.3017419999999902
0
LINE
8
BLACK
6
CONTINUOUS
10
154.5827720000000056
20
-145.3017419999999902
11
154.7732479999999953
21
-145.2065039999999954
0
LINE
8
BLACK
6
CONTINUOUS
10
154.7732479999999953
20
-145.2065039999999954
11
155.1542010000000005
21
-145.2065039999999954
0
LINE
8
BLACK
6
CONTINUOUS
10
155.1542010000000005
20
-145.2065039999999954
11
155.3446769999999901
21
-145.3017419999999902
0
LINE
8
BLACK
6
CONTINUOUS
10
155.3446769999999901
20
-145.3017419999999902
11
155.439914999999985
21
-145.4922190000000057
0
LINE
8
BLACK
6
CONTINUOUS
10
155.439914999999985
20
-145.4922190000000057
11
155.439914999999985
21
-145.6826949999999954
0
LINE
8
BLACK
6
CONTINUOUS
10
155.439914999999985
20
-145.6826949999999954
11
154.4875339999999824
21
-145.873170999999985
0
LINE
8
BLACK
6
CONTINUOUS
10
156.2018199999999979
20
-146.4445999999999799
11
156.3922959999999875
21
-146.5398380000000031
0
LINE
8
BLACK
6
CONTINUOUS
10
156.3922959999999875
20
-146.5398380000000031
11
156.7732479999999953
21
-146.5398380000000031
0
LINE
8
BLACK
6
CONTINUOUS
10
156.7732479999999953
20
-146.5398380000000031
11
156.9637249999999824
21
-146.4445999999999799
0
LINE
8
BLACK
6
CONTINUOUS
10
156.9637249999999824
20
-146.4445999999999799
11
157.0589630000000056
21
-146.2541229999999928
0
LINE
8
BLACK
6
CONTINUOUS
10
157.0589630000000056
20
-146.2541229999999928
11
157.0589630000000056
21
-146.1588849999999979
0
LINE
8
BLACK
6
CONTINUOUS
10
157.0589630000000056
20
-146.1588849999999979
11
156.9637249999999824
21
-145.9684089999999799
0
LINE
8
BLACK
6
CONTINUOUS
10
156.9637249999999824
20
-145.9684089999999799
11
156.7732479999999953
21
-145.873170999999985
0
LINE
8
BLACK
6
CONTINUOUS
10
156.7732479999999953
20
-145.873170999999985
11
156.4875339999999824
21
-145.873170999999985
0
LINE
8
BLACK
6
CONTINUOUS
10
156.4875339999999824
20
-145.873170999999985
11
156.2970579999999927
21
-145.7779329999999902
0
LINE
8
BLACK
6
CONTINUOUS
10
156.2970579999999927
20
-145.7779329999999902
11
156.2018199999999979
21
-145.5874570000000006
0
LINE
8
BLACK
6
CONTINUOUS
10
156.2018199999999979
20
-145.5874570000000006
11
156.2018199999999979
21
-145.4922190000000057
0
LINE
8
BLACK
6
CONTINUOUS
10
156.2018199999999979
20
-145.4922190000000057
11
156.2970579999999927
21
-145.3017419999999902
0
LINE
8
BLACK
6
CONTINUOUS
10
156.2970579999999927
20
-145.3017419999999902
11
156.4875339999999824
21
-145.2065039999999954
0
LINE
8
BLACK
6
CONTINUOUS
10
156.4875339999999824
20
-145.2065039999999954
11
156.7732479999999953
21
-145.2065039999999954
0
LINE
8
BLACK
6
CONTINUOUS
10
156.7732479999999953
20
-145.2065039999999954
11
156.9637249999999824
21
-145.3017419999999902
0
LINE
8
BLACK
6
CONTINUOUS
10
157.7256299999999953
20
-147.3017419999999902
11
157.8208679999999902
21
-147.2065039999999954
0
LINE
8
BLACK
6
CONTINUOUS
10
157.8208679999999902
20
-147.2065039999999954
11
158.0113439999999798
21
-146.9207899999999825
0
LINE
8
BLACK
6
CONTINUOUS
10
158.0113439999999798
20
-146.9207899999999825
11
158.1065820000000031
21
-146.7303139999999928
0
LINE
8
BLACK
6
CONTINUOUS
10
158.1065820000000031
20
-146.7303139999999928
11
158.2018199999999979
21
-146.4445999999999799
0
LINE
8
BLACK
6
CONTINUOUS
10
158.2018199999999979
20
-146.4445999999999799
11
158.2970579999999927
21
-145.9684089999999799
0
LINE
8
BLACK
6
CONTINUOUS
10
158.2970579999999927
20
-145.9684089999999799
11
158.2970579999999927
21
-145.5874570000000006
0
LINE
8
BLACK
6
CONTINUOUS
10
158.2970579999999927
20
-145.5874570000000006
11
158.2018199999999979
21
-145.1112660000000005
0
LINE
8
BLACK
6
CONTINUOUS
10
158.2018199999999979
20
-145.1112660000000005
11
158.1065820000000031
21
-144.8255519999999876
0
LINE
8
BLACK
6
CONTINUOUS
10
158.1065820000000031
20
-144.8255519999999876
11
158.0113439999999798
21
-144.635075999999998
0
LINE
8
BLACK
6
CONTINUOUS
10
158.0113439999999798
20
-144.635075999999998
11
157.8208679999999902
21
-144.3493609999999876
0
LINE
8
BLACK
6
CONTINUOUS
10
157.8208679999999902
20
-144.3493609999999876
11
157.7256299999999953
21
-144.2541229999999928
0
LINE
8
BLACK
6
CONTINUOUS
10
161.3446779999999876
20
-147.3017419999999902
11
161.2494389999999953
21
-147.2065039999999954
0
LINE
8
BLACK
6
CONTINUOUS
10
161.2494389999999953
20
-147.2065039999999954
11
161.0589630000000056
21
-146.9207899999999825
0
LINE
8
BLACK
6
CONTINUOUS
10
161.0589630000000056
20
-146.9207899999999825
11
160.9637249999999824
21
-146.7303139999999928
0
LINE
8
BLACK
6
CONTINUOUS
10
160.9637249999999824
20
-146.7303139999999928
11
160.8684869999999876
21
-146.4445999999999799
0
LINE
8
BLACK
6
CONTINUOUS
10
160.8684869999999876
20
-146.4445999999999799
11
160.7732489999999927
21
-145.9684089999999799
0
LINE
8
BLACK
6
CONTINUOUS
10
160.7732489999999927
20
-145.9684089999999799
11
160.7732489999999927
21
-145.5874570000000006
0
LINE
8
BLACK
6
CONTINUOUS
10
160.7732489999999927
20
-145.5874570000000006
11
160.8684869999999876
21
-145.1112660000000005
0
LINE
8
BLACK
6
CONTINUOUS
10
160.8684869999999876
20
-145.1112660000000005
11
160.9637249999999824
21
-144.8255519999999876
0
LINE
8
BLACK
6
CONTINUOUS
10
160.9637249999999824
20
-144.8255519999999876
11
161.0589630000000056
21
-144.635075999999998
0
LINE
8
BLACK
6
CONTINUOUS
10
161.0589630000000056
20
-144.635075999999998
11
161.2494389999999953
21
-144.3493609999999876
0
LINE
8
BLACK
6
CONTINUOUS
10
161.2494389999999953
20
-144.3493609999999876
11
161.3446779999999876
21
-144.2541229999999928
0
LINE
8
BLACK
6
CONTINUOUS
10
162.1065820000000031
20
-145.2065039999999954
11
162.1065820000000031
21
-146.5398380000000031
0
LINE
8
BLACK
6
CONTINUOUS
10
162.1065820000000031
20
-145.396979999999985
11
162.2018199999999979
21
-145.3017419999999902
0
LINE
8
BLACK
6
CONTINUOUS
10
162.2018199999999979
20
-145.3017419999999902
11
162.3922959999999875
21
-145.2065039999999954
0
LINE
8
BLACK
6
CONTINUOUS
10
162.3922959999999875
20
-145.2065039999999954
11
162.6780109999999979
21
-145.2065039999999954
0
LINE
8
BLACK
6
CONTINUOUS
10
162.6780109999999979
20
-145.2065039999999954
11
162.8684869999999876
21
-145.3017419999999902
0
LINE
8
BLACK
6
CONTINUOUS
10
162.8684869999999876
20
-145.3017419999999902
11
162.9637249999999824
21
-145.4922190000000057
0
LINE
8
BLACK
6
CONTINUOUS
10
162.9637249999999824
20
-145.4922190000000057
11
162.9637249999999824
21
-146.5398380000000031
0
LINE
8
BLACK
6
CONTINUOUS
10
164.2018199999999979
20
-146.5398380000000031
11
164.0113439999999798
21
-146.4445999999999799
0
LINE
8
BLACK
6
CONTINUOUS
10
164.0113439999999798
20
-146.4445999999999799
11
163.916105999999985
21
-146.3493609999999876
0
LINE
8
BLACK
6
CONTINUOUS
10
163.916105999999985
20
-146.3493609999999876
11
163.8208679999999902
21
-146.1588849999999979
0
LINE
8
BLACK
6
CONTINUOUS
10
163.8208679999999902
20
-146.1588849999999979
11
163.8208679999999902
21
-145.5874570000000006
0
LINE
8
BLACK
6
CONTINUOUS
10
163.8208679999999902
20
-145.5874570000000006
11
163.916105999999985
21
-145.396979999999985
0
LINE
8
BLACK
6
CONTINUOUS
10
163.916105999999985
20
-145.396979999999985
11
164.0113439999999798
21
-145.3017419999999902
0
LINE
8
BLACK
6
CONTINUOUS
10
164.0113439999999798
20
-145.3017419999999902
11
164.2018199999999979
21
-145.2065039999999954
0
LINE
8
BLACK
6
CONTINUOUS
10
164.2018199999999979
20
-145.2065039999999954
11
164.4875349999999798
21
-145.2065039999999954
0
LINE
8
BLACK
6
CONTINUOUS
10
164.4875349999999798
20
-145.2065039999999954
11
164.6780109999999979
21
-145.3017419999999902
0
LINE
8
BLACK
6
CONTINUOUS
10
164.6780109999999979
20
-145.3017419999999902
11
164.7732489999999927
21
-145.396979999999985
0
LINE
8
BLACK
6
CONTINUOUS
10
164.7732489999999927
20
-145.396979999999985
11
164.8684869999999876
21
-145.5874570000000006
0
LINE
8
BLACK
6
CONTINUOUS
10
164.8684869999999876
20
-145.5874570000000006
11
164.8684869999999876
21
-146.1588849999999979
0
LINE
8
BLACK
6
CONTINUOUS
10
164.8684869999999876
20
-146.1588849999999979
11
164.7732489999999927
21
-146.3493609999999876
0
LINE
8
BLACK
6
CONTINUOUS
10
164.7732489999999927
20
-146.3493609999999876
11
164.6780109999999979
21
-146.4445999999999799
0
LINE
8
BLACK
6
CONTINUOUS
10
164.6780109999999979
20
-146.4445999999999799
11
164.4875349999999798
21
-146.5398380000000031
0
LINE
8
BLACK
6
CONTINUOUS
10
164.4875349999999798
20
-146.5398380000000031
11
164.2018199999999979
21
-146.5398380000000031
0
LINE
8
BLACK
6
CONTINUOUS
10
165.4399159999999824
20
-145.2065039999999954
11
166.2018199999999979
21
-145.2065039999999954
0
LINE
8
BLACK
6
CONTINUOUS
10
165.7256299999999953
20
-144.5398380000000031
11
165.7256299999999953
21
-146.2541229999999928
0
LINE
8
BLACK
6
CONTINUOUS
10
165.7256299999999953
20
-146.2541229999999928
11
165.8208679999999902
21
-146.4445999999999799
0
LINE
8
BLACK
6
CONTINUOUS
10
165.8208679999999902
20
-146.4445999999999799
11
166.0113439999999798
21
-146.5398380000000031
0
LINE
8
BLACK
6
CONTINUOUS
10
166.0113439999999798
20
-146.5398380000000031
11
166.2018199999999979
21
-146.5398380000000031
0
LINE
8
BLACK
6
CONTINUOUS
10
168.392296999999985
20
-145.2065039999999954
11
168.392296999999985
21
-147.2065039999999954
0
LINE
8
BLACK
6
CONTINUOUS
10
168.392296999999985
20
-145.3017419999999902
11
168.5827730000000031
21
-145.2065039999999954
0
LINE
8
BLACK
6
CONTINUOUS
10
168.5827730000000031
20
-145.2065039999999954
11
168.9637259999999799
21
-145.2065039999999954
0
LINE
8
BLACK
6
CONTINUOUS
10
168.9637259999999799
20
-145.2065039999999954
11
169.154201999999998
21
-145.3017419999999902
0
LINE
8
BLACK
6
CONTINUOUS
10
169.154201999999998
20
-145.3017419999999902
11
169.2494399999999928
21
-145.396979999999985
0
LINE
8
BLACK
6
CONTINUOUS
10
169.2494399999999928
20
-145.396979999999985
11
169.3446779999999876
21
-145.5874570000000006
0
LINE
8
BLACK
6
CONTINUOUS
10
169.3446779999999876
20
-145.5874570000000006
11
169.3446779999999876
21
-146.1588849999999979
0
LINE
8
BLACK
6
CONTINUOUS
10
169.3446779999999876
20
-146.1588849999999979
11
169.2494399999999928
21
-146.3493609999999876
0
LINE
8
BLACK
6
CONTINUOUS
10
169.2494399999999928
20
-146.3493609999999876
11
169.154201999999998
21
-146.4445999999999799
0
LINE
8
BLACK
6
CONTINUOUS
10
169.154201999999998
20
-146.4445999999999799
11
168.9637259999999799
21
-146.5398380000000031
0
LINE
8
BLACK
6
CONTINUOUS
10
168.9637259999999799
20
-146.5398380000000031
11
168.5827730000000031
21
-146.5398380000000031
0
LINE
8
BLACK
6
CONTINUOUS
10
168.5827730000000031
20
-146.5398380000000031
11
168.392296999999985
21
-146.4445999999999799
0
LINE
8
BLACK
6
CONTINUOUS
10
170.4875349999999798
20
-146.5398380000000031
11
170.2970589999999902
21
-146.4445999999999799
0
LINE
8
BLACK
6
CONTINUOUS
10
170.2970589999999902
20
-146.4445999999999799
11
170.2018209999999954
21
-146.2541229999999928
0
LINE
8
BLACK
6
CONTINUOUS
10
170.2018209999999954
20
-146.2541229999999928
11
170.2018209999999954
21
-144.5398380000000031
0
LINE
8
BLACK
6
CONTINUOUS
10
172.1065830000000005
20
-146.5398380000000031
11
172.1065830000000005
21
-145.4922190000000057
0
LINE
8
BLACK
6
CONTINUOUS
10
172.1065830000000005
20
-145.4922190000000057
11
172.0113450000000057
21
-145.3017419999999902
0
LINE
8
BLACK
6
CONTINUOUS
10
172.0113450000000057
20
-145.3017419999999902
11
171.8208689999999876
21
-145.2065039999999954
0
LINE
8
BLACK
6
CONTINUOUS
10
171.8208689999999876
20
-145.2065039999999954
11
171.4399159999999824
21
-145.2065039999999954
0
LINE
8
BLACK
6
CONTINUOUS
10
171.4399159999999824
20
-145.2065039999999954
11
171.2494399999999928
21
-145.3017419999999902
0
LINE
8
BLACK
6
CONTINUOUS
10
172.1065830000000005
20
-146.4445999999999799
11
171.9161069999999825
21
-146.5398380000000031
0
LINE
8
BLACK
6
CONTINUOUS
10
171.9161069999999825
20
-146.5398380000000031
11
171.4399159999999824
21
-146.5398380000000031
0
LINE
8
BLACK
6
CONTINUOUS
10
171.4399159999999824
20
-146.5398380000000031
11
171.2494399999999928
21
-146.4445999999999799
0
LINE
8
BLACK
6
CONTINUOUS
10
171.2494399999999928
20
-146.4445999999999799
11
171.154201999999998
21
-146.2541229999999928
0
LINE
8
BLACK
6
CONTINUOUS
10
171.154201999999998
20
-146.2541229999999928
11
171.154201999999998
21
-146.0636470000000031
0
LINE
8
BLACK
6
CONTINUOUS
10
171.154201999999998
20
-146.0636470000000031
11
171.2494399999999928
21
-145.873170999999985
0
LINE
8
BLACK
6
CONTINUOUS
10
171.2494399999999928
20
-145.873170999999985
11
171.4399159999999824
21
-145.7779329999999902
0
LINE
8
BLACK
6
CONTINUOUS
10
171.4399159999999824
20
-145.7779329999999902
11
171.9161069999999825
21
-145.7779329999999902
0
LINE
8
BLACK
6
CONTINUOUS
10
171.9161069999999825
20
-145.7779329999999902
11
172.1065830000000005
21
-145.6826949999999954
0
LINE
8
BLACK
6
CONTINUOUS
10
172.7732499999999902
20
-145.2065039999999954
11
173.5351540000000057
21
-145.2065039999999954
0
LINE
8
BLACK
6
CONTINUOUS
10
173.0589640000000031
20
-144.5398380000000031
11
173.0589640000000031
21
-146.2541229999999928
0
LINE
8
BLACK
6
CONTINUOUS
10
173.0589640000000031
20
-146.2541229999999928
11
173.154201999999998
21
-146.4445999999999799
0
LINE
8
BLACK
6
CONTINUOUS
10
173.154201999999998
20
-146.4445999999999799
11
173.3446779999999876
21
-146.5398380000000031
0
LINE
8
BLACK
6
CONTINUOUS
10
173.3446779999999876
20
-146.5398380000000031
11
173.5351540000000057
21
-146.5398380000000031
0
LINE
8
BLACK
6
CONTINUOUS
10
174.9637259999999799
20
-146.4445999999999799
11
174.7732499999999902
21
-146.5398380000000031
0
LINE
8
BLACK
6
CONTINUOUS
10
174.7732499999999902
20
-146.5398380000000031
11
174.392296999999985
21
-146.5398380000000031
0
LINE
8
BLACK
6
CONTINUOUS
10
174.392296999999985
20
-146.5398380000000031
11
174.2018209999999954
21
-146.4445999999999799
0
LINE
8
BLACK
6
CONTINUOUS
10
174.2018209999999954
20
-146.4445999999999799
11
174.1065830000000005
21
-146.2541229999999928
0
LINE
8
BLACK
6
CONTINUOUS
10
174.1065830000000005
20
-146.2541229999999928
11
174.1065830000000005
21
-145.4922190000000057
0
LINE
8
BLACK
6
CONTINUOUS
10
174.1065830000000005
20
-145.4922190000000057
11
174.2018209999999954
21
-145.3017419999999902
0
LINE
8
BLACK
6
CONTINUOUS
10
174.2018209999999954
20
-145.3017419999999902
11
174.392296999999985
21
-145.2065039999999954
0
LINE
8
BLACK
6
CONTINUOUS
10
174.392296999999985
20
-145.2065039999999954
11
174.7732499999999902
21
-145.2065039999999954
0
LINE
8
BLACK
6
CONTINUOUS
10
174.7732499999999902
20
-145.2065039999999954
11
174.9637259999999799
21
-145.3017419999999902
0
LINE
8
BLACK
6
CONTINUOUS
10
174.9637259999999799
20
-145.3017419999999902
11
175.0589640000000031
21
-145.4922190000000057
0
LINE
8
BLACK
6
CONTINUOUS
10
175.0589640000000031
20
-145.4922190000000057
11
175.0589640000000031
21
-145.6826949999999954
0
LINE
8
BLACK
6
CONTINUOUS
10
175.0589640000000031
20
-145.6826949999999954
11
174.1065830000000005
21
-145.873170999999985
0
LINE
8
BLACK
6
CONTINUOUS
10
176.7732499999999902
20
-146.5398380000000031
11
176.7732499999999902
21
-144.5398380000000031
0
LINE
8
BLACK
6
CONTINUOUS
10
176.7732499999999902
20
-146.4445999999999799
11
176.5827740000000006
21
-146.5398380000000031
0
LINE
8
BLACK
6
CONTINUOUS
10
176.5827740000000006
20
-146.5398380000000031
11
176.2018209999999954
21
-146.5398380000000031
0
LINE
8
BLACK
6
CONTINUOUS
10
176.2018209999999954
20
-146.5398380000000031
11
176.0113450000000057
21
-146.4445999999999799
0
LINE
8
BLACK
6
CONTINUOUS
10
176.0113450000000057
20
-146.4445999999999799
11
175.9161069999999825
21
-146.3493609999999876
0
LINE
8
BLACK
6
CONTINUOUS
10
175.9161069999999825
20
-146.3493609999999876
11
175.8208689999999876
21
-146.1588849999999979
0
LINE
8
BLACK
6
CONTINUOUS
10
175.8208689999999876
20
-146.1588849999999979
11
175.8208689999999876
21
-145.5874570000000006
0
LINE
8
BLACK
6
CONTINUOUS
10
175.8208689999999876
20
-145.5874570000000006
11
175.9161069999999825
21
-145.396979999999985
0
LINE
8
BLACK
6
CONTINUOUS
10
175.9161069999999825
20
-145.396979999999985
11
176.0113450000000057
21
-145.3017419999999902
0
LINE
8
BLACK
6
CONTINUOUS
10
176.0113450000000057
20
-145.3017419999999902
11
176.2018209999999954
21
-145.2065039999999954
0
LINE
8
BLACK
6
CONTINUOUS
10
176.2018209999999954
20
-145.2065039999999954
11
176.5827740000000006
21
-145.2065039999999954
0
LINE
8
BLACK
6
CONTINUOUS
10
176.5827740000000006
20
-145.2065039999999954
11
176.7732499999999902
21
-145.3017419999999902
0
LINE
8
BLACK
6
CONTINUOUS
10
177.5351550000000032
20
-147.3017419999999902
11
177.630392999999998
21
-147.2065039999999954
0
LINE
8
BLACK
6
CONTINUOUS
10
177.630392999999998
20
-147.2065039999999954
11
177.8208689999999876
21
-146.9207899999999825
0
LINE
8
BLACK
6
CONTINUOUS
10
177.8208689999999876
20
-146.9207899999999825
11
177.9161069999999825
21
-146.7303139999999928
0
LINE
8
BLACK
6
CONTINUOUS
10
177.9161069999999825
20
-146.7303139999999928
11
178.0113450000000057
21
-146.4445999999999799
0
LINE
8
BLACK
6
CONTINUOUS
10
178.0113450000000057
20
-146.4445999999999799
11
178.1065830000000005
21
-145.9684089999999799
0
LINE
8
BLACK
6
CONTINUOUS
10
178.1065830000000005
20
-145.9684089999999799
11
178.1065830000000005
21
-145.5874570000000006
0
LINE
8
BLACK
6
CONTINUOUS
10
178.1065830000000005
20
-145.5874570000000006
11
178.0113450000000057
21
-145.1112660000000005
0
LINE
8
BLACK
6
CONTINUOUS
10
178.0113450000000057
20
-145.1112660000000005
11
177.9161069999999825
21
-144.8255519999999876
0
LINE
8
BLACK
6
CONTINUOUS
10
177.9161069999999825
20
-144.8255519999999876
11
177.8208689999999876
21
-144.635075999999998
0
LINE
8
BLACK
6
CONTINUOUS
10
177.8208689999999876
20
-144.635075999999998
11
177.630392999999998
21
-144.3493609999999876
0
LINE
8
BLACK
6
CONTINUOUS
10
177.630392999999998
20
-144.3493609999999876
11
177.5351550000000032
21
-144.2541229999999928
0
LINE
8
BLACK
6
CONTINUOUS
10
107.9749999999999943
20
-147.3249999999999886
11
109.9749999999999943
21
-149.3249999999999886
0
LINE
8
BLACK
6
CONTINUOUS
10
109.9749999999999943
20
-147.3249999999999886
11
107.9749999999999943
21
-149.3249999999999886
0
LINE
8
BLACK
6
CONTINUOUS
10
108.9749999999999943
20
-147.3249999999999886
11
108.9749999999999943
21
-149.3249999999999886
0
LINE
8
BLACK
6
CONTINUOUS
10
107.9749999999999943
20
-148.3249999999999886
11
109.9749999999999943
21
-148.3249999999999886
0
LINE
8
BLACK
6
CONTINUOUS
10
112.4875299999999925
20
-147.4303139999999814
11
112.5827680000000015
21
-147.3350759999999866
0
LINE
8
BLACK
6
CONTINUOUS
10
112.5827680000000015
20
-147.3350759999999866
11
112.7732439999999912
21
-147.2398379999999918
0
LINE
8
BLACK
6
CONTINUOUS
10
112.7732439999999912
20
-147.2398379999999918
11
113.2494349999999912
21
-147.2398379999999918
0
LINE
8
BLACK
6
CONTINUOUS
10
113.2494349999999912
20
-147.2398379999999918
11
113.4399109999999951
21
-147.3350759999999866
0
LINE
8
BLACK
6
CONTINUOUS
10
113.4399109999999951
20
-147.3350759999999866
11
113.5351489999999899
21
-147.4303139999999814
0
LINE
8
BLACK
6
CONTINUOUS
10
113.5351489999999899
20
-147.4303139999999814
11
113.6303869999999989
21
-147.6207899999999995
0
LINE
8
BLACK
6
CONTINUOUS
10
113.6303869999999989
20
-147.6207899999999995
11
113.6303869999999989
21
-147.8112659999999892
0
LINE
8
BLACK
6
CONTINUOUS
10
113.6303869999999989
20
-147.8112659999999892
11
113.5351489999999899
21
-148.0969800000000021
0
LINE
8
BLACK
6
CONTINUOUS
10
113.5351489999999899
20
-148.0969800000000021
11
112.3922919999999976
21
-149.2398379999999918
0
LINE
8
BLACK
6
CONTINUOUS
10
112.3922919999999976
20
-149.2398379999999918
11
113.6303869999999989
21
-149.2398379999999918
0
LINE
8
BLACK
6
CONTINUOUS
10
114.4875299999999925
20
-149.0493610000000047
11
114.5827680000000015
21
-149.144599999999997
0
LINE
8
BLACK
6
CONTINUOUS
10
114.5827680000000015
20
-149.144599999999997
11
114.4875299999999925
21
-149.2398379999999918
0
LINE
8
BLACK
6
CONTINUOUS
10
114.4875299999999925
20
-149.2398379999999918
11
114.3922919999999976
21
-149.144599999999997
0
LINE
8
BLACK
6
CONTINUOUS
10
114.3922919999999976
20
-149.144599999999997
11
114.4875299999999925
21
-149.0493610000000047
0
LINE
8
BLACK
6
CONTINUOUS
10
114.4875299999999925
20
-149.0493610000000047
11
114.4875299999999925
21
-149.2398379999999918
0
LINE
8
BLACK
6
CONTINUOUS
10
116.3922919999999976
20
-147.2398379999999918
11
115.4399109999999951
21
-147.2398379999999918
0
LINE
8
BLACK
6
CONTINUOUS
10
115.4399109999999951
20
-147.2398379999999918
11
115.3446730000000002
21
-148.1922189999999944
0
LINE
8
BLACK
6
CONTINUOUS
10
115.3446730000000002
20
-148.1922189999999944
11
115.4399109999999951
21
-148.0969800000000021
0
LINE
8
BLACK
6
CONTINUOUS
10
115.4399109999999951
20
-148.0969800000000021
11
115.6303869999999989
21
-148.0017420000000072
0
LINE
8
BLACK
6
CONTINUOUS
10
115.6303869999999989
20
-148.0017420000000072
11
116.106577999999999
21
-148.0017420000000072
0
LINE
8
BLACK
6
CONTINUOUS
10
116.106577999999999
20
-148.0017420000000072
11
116.2970539999999886
21
-148.0969800000000021
0
LINE
8
BLACK
6
CONTINUOUS
10
116.2970539999999886
20
-148.0969800000000021
11
116.3922919999999976
21
-148.1922189999999944
0
LINE
8
BLACK
6
CONTINUOUS
10
116.3922919999999976
20
-148.1922189999999944
11
116.4875299999999925
21
-148.382694999999984
0
LINE
8
BLACK
6
CONTINUOUS
10
116.4875299999999925
20
-148.382694999999984
11
116.4875299999999925
21
-148.8588849999999866
0
LINE
8
BLACK
6
CONTINUOUS
10
116.4875299999999925
20
-148.8588849999999866
11
116.3922919999999976
21
-149.0493610000000047
0
LINE
8
BLACK
6
CONTINUOUS
10
116.3922919999999976
20
-149.0493610000000047
11
116.2970539999999886
21
-149.144599999999997
0
LINE
8
BLACK
6
CONTINUOUS
10
116.2970539999999886
20
-149.144599999999997
11
116.106577999999999
21
-149.2398379999999918
0
LINE
8
BLACK
6
CONTINUOUS
10
116.106577999999999
20
-149.2398379999999918
11
115.6303869999999989
21
-149.2398379999999918
0
LINE
8
BLACK
6
CONTINUOUS
10
115.6303869999999989
20
-149.2398379999999918
11
115.4399109999999951
21
-149.144599999999997
0
LINE
8
BLACK
6
CONTINUOUS
10
115.4399109999999951
20
-149.144599999999997
11
115.3446730000000002
21
-149.0493610000000047
0
LINE
8
BLACK
6
CONTINUOUS
10
117.7256249999999937
20
-147.2398379999999918
11
117.9161019999999951
21
-147.2398379999999918
0
LINE
8
BLACK
6
CONTINUOUS
10
117.9161019999999951
20
-147.2398379999999918
11
118.106577999999999
21
-147.3350759999999866
0
LINE
8
BLACK
6
CONTINUOUS
10
118.106577999999999
20
-147.3350759999999866
11
118.2018159999999938
21
-147.4303139999999814
0
LINE
8
BLACK
6
CONTINUOUS
10
118.2018159999999938
20
-147.4303139999999814
11
118.2970539999999886
21
-147.6207899999999995
0
LINE
8
BLACK
6
CONTINUOUS
10
118.2970539999999886
20
-147.6207899999999995
11
118.3922919999999976
21
-148.0017420000000072
0
LINE
8
BLACK
6
CONTINUOUS
10
118.3922919999999976
20
-148.0017420000000072
11
118.3922919999999976
21
-148.4779330000000073
0
LINE
8
BLACK
6
CONTINUOUS
10
118.3922919999999976
20
-148.4779330000000073
11
118.2970539999999886
21
-148.8588849999999866
0
LINE
8
BLACK
6
CONTINUOUS
10
118.2970539999999886
20
-148.8588849999999866
11
118.2018159999999938
21
-149.0493610000000047
0
LINE
8
BLACK
6
CONTINUOUS
10
118.2018159999999938
20
-149.0493610000000047
11
118.106577999999999
21
-149.144599999999997
0
LINE
8
BLACK
6
CONTINUOUS
10
118.106577999999999
20
-149.144599999999997
11
117.9161019999999951
21
-149.2398379999999918
0
LINE
8
BLACK
6
CONTINUOUS
10
117.9161019999999951
20
-149.2398379999999918
11
117.7256249999999937
21
-149.2398379999999918
0
LINE
8
BLACK
6
CONTINUOUS
10
117.7256249999999937
20
-149.2398379999999918
11
117.5351489999999899
21
-149.144599999999997
0
LINE
8
BLACK
6
CONTINUOUS
10
117.5351489999999899
20
-149.144599999999997
11
117.4399109999999951
21
-149.0493610000000047
0
LINE
8
BLACK
6
CONTINUOUS
10
117.4399109999999951
20
-149.0493610000000047
11
117.3446730000000002
21
-148.8588849999999866
0
LINE
8
BLACK
6
CONTINUOUS
10
117.3446730000000002
20
-148.8588849999999866
11
117.2494349999999912
21
-148.4779330000000073
0
LINE
8
BLACK
6
CONTINUOUS
10
117.2494349999999912
20
-148.4779330000000073
11
117.2494349999999912
21
-148.0017420000000072
0
LINE
8
BLACK
6
CONTINUOUS
10
117.2494349999999912
20
-148.0017420000000072
11
117.3446730000000002
21
-147.6207899999999995
0
LINE
8
BLACK
6
CONTINUOUS
10
117.3446730000000002
20
-147.6207899999999995
11
117.4399109999999951
21
-147.4303139999999814
0
LINE
8
BLACK
6
CONTINUOUS
10
117.4399109999999951
20
-147.4303139999999814
11
117.5351489999999899
21
-147.3350759999999866
0
LINE
8
BLACK
6
CONTINUOUS
10
117.5351489999999899
20
-147.3350759999999866
11
117.7256249999999937
21
-147.2398379999999918
0
LINE
8
BLACK
6
CONTINUOUS
10
119.6303869999999989
20
-147.2398379999999918
11
119.8208640000000003
21
-147.2398379999999918
0
LINE
8
BLACK
6
CONTINUOUS
10
119.8208640000000003
20
-147.2398379999999918
11
120.0113399999999899
21
-147.3350759999999866
0
LINE
8
BLACK
6
CONTINUOUS
10
120.0113399999999899
20
-147.3350759999999866
11
120.106577999999999
21
-147.4303139999999814
0
LINE
8
BLACK
6
CONTINUOUS
10
120.106577999999999
20
-147.4303139999999814
11
120.2018159999999938
21
-147.6207899999999995
0
LINE
8
BLACK
6
CONTINUOUS
10
120.2018159999999938
20
-147.6207899999999995
11
120.2970539999999886
21
-148.0017420000000072
0
LINE
8
BLACK
6
CONTINUOUS
10
120.2970539999999886
20
-148.0017420000000072
11
120.2970539999999886
21
-148.4779330000000073
0
LINE
8
BLACK
6
CONTINUOUS
10
120.2970539999999886
20
-148.4779330000000073
11
120.2018159999999938
21
-148.8588849999999866
0
LINE
8
BLACK
6
CONTINUOUS
10
120.2018159999999938
20
-148.8588849999999866
11
120.106577999999999
21
-149.0493610000000047
0
LINE
8
BLACK
6
CONTINUOUS
10
120.106577999999999
20
-149.0493610000000047
11
120.0113399999999899
21
-149.144599999999997
0
LINE
8
BLACK
6
CONTINUOUS
10
120.0113399999999899
20
-149.144599999999997
11
119.8208640000000003
21
-149.2398379999999918
0
LINE
8
BLACK
6
CONTINUOUS
10
119.8208640000000003
20
-149.2398379999999918
11
119.6303869999999989
21
-149.2398379999999918
0
LINE
8
BLACK
6
CONTINUOUS
10
119.6303869999999989
20
-149.2398379999999918
11
119.4399109999999951
21
-149.144599999999997
0
LINE
8
BLACK
6
CONTINUOUS
10
119.4399109999999951
20
-149.144599999999997
11
119.3446730000000002
21
-149.0493610000000047
0
LINE
8
BLACK
6
CONTINUOUS
10
119.3446730000000002
20
-149.0493610000000047
11
119.2494349999999912
21
-148.8588849999999866
0
LINE
8
BLACK
6
CONTINUOUS
10
119.2494349999999912
20
-148.8588849999999866
11
119.1541969999999964
21
-148.4779330000000073
0
LINE
8
BLACK
6
CONTINUOUS
10
119.1541969999999964
20
-148.4779330000000073
11
119.1541969999999964
21
-148.0017420000000072
0
LINE
8
BLACK
6
CONTINUOUS
10
119.1541969999999964
20
-148.0017420000000072
11
119.2494349999999912
21
-147.6207899999999995
0
LINE
8
BLACK
6
CONTINUOUS
10
119.2494349999999912
20
-147.6207899999999995
11
119.3446730000000002
21
-147.4303139999999814
0
LINE
8
BLACK
6
CONTINUOUS
10
119.3446730000000002
20
-147.4303139999999814
11
119.4399109999999951
21
-147.3350759999999866
0
LINE
8
BLACK
6
CONTINUOUS
10
119.4399109999999951
20
-147.3350759999999866
11
119.6303869999999989
21
-147.2398379999999918
0
LINE
8
BLACK
6
CONTINUOUS
10
121.1541969999999964
20
-149.2398379999999918
11
121.1541969999999964
21
-147.906503999999984
0
LINE
8
BLACK
6
CONTINUOUS
10
121.1541969999999964
20
-148.0969800000000021
11
121.2494349999999912
21
-148.0017420000000072
0
LINE
8
BLACK
6
CONTINUOUS
10
121.2494349999999912
20
-148.0017420000000072
11
121.4399109999999951
21
-147.906503999999984
0
LINE
8
BLACK
6
CONTINUOUS
10
121.4399109999999951
20
-147.906503999999984
11
121.7256259999999912
21
-147.906503999999984
0
LINE
8
BLACK
6
CONTINUOUS
10
121.7256259999999912
20
-147.906503999999984
11
121.9161019999999951
21
-148.0017420000000072
0
LINE
8
BLACK
6
CONTINUOUS
10
121.9161019999999951
20
-148.0017420000000072
11
122.0113399999999899
21
-148.1922189999999944
0
LINE
8
BLACK
6
CONTINUOUS
10
122.0113399999999899
20
-148.1922189999999944
11
122.0113399999999899
21
-149.2398379999999918
0
LINE
8
BLACK
6
CONTINUOUS
10
122.0113399999999899
20
-148.1922189999999944
11
122.106577999999999
21
-148.0017420000000072
0
LINE
8
BLACK
6
CONTINUOUS
10
122.106577999999999
20
-148.0017420000000072
11
122.2970539999999886
21
-147.906503999999984
0
LINE
8
BLACK
6
CONTINUOUS
10
122.2970539999999886
20
-147.906503999999984
11
122.5827680000000015
21
-147.906503999999984
0
LINE
8
BLACK
6
CONTINUOUS
10
122.5827680000000015
20
-147.906503999999984
11
122.7732449999999886
21
-148.0017420000000072
0
LINE
8
BLACK
6
CONTINUOUS
10
122.7732449999999886
20
-148.0017420000000072
11
122.8684829999999977
21
-148.1922189999999944
0
LINE
8
BLACK
6
CONTINUOUS
10
122.8684829999999977
20
-148.1922189999999944
11
122.8684829999999977
21
-149.2398379999999918
0
LINE
8
BLACK
6
CONTINUOUS
10
123.8208640000000003
20
-149.2398379999999918
11
123.8208640000000003
21
-147.906503999999984
0
LINE
8
BLACK
6
CONTINUOUS
10
123.8208640000000003
20
-148.0969800000000021
11
123.9161019999999951
21
-148.0017420000000072
0
LINE
8
BLACK
6
CONTINUOUS
10
123.9161019999999951
20
-148.0017420000000072
11
124.106577999999999
21
-147.906503999999984
0
LINE
8
BLACK
6
CONTINUOUS
10
124.106577999999999
20
-147.906503999999984
11
124.3922929999999951
21
-147.906503999999984
0
LINE
8
BLACK
6
CONTINUOUS
10
124.3922929999999951
20
-147.906503999999984
11
124.582768999999999
21
-148.0017420000000072
0
LINE
8
BLACK
6
CONTINUOUS
10
124.582768999999999
20
-148.0017420000000072
11
124.6780069999999938
21
-148.1922189999999944
0
LINE
8
BLACK
6
CONTINUOUS
10
124.6780069999999938
20
-148.1922189999999944
11
124.6780069999999938
21
-149.2398379999999918
0
LINE
8
BLACK
6
CONTINUOUS
10
124.6780069999999938
20
-148.1922189999999944
11
124.7732449999999886
21
-148.0017420000000072
0
LINE
8
BLACK
6
CONTINUOUS
10
124.7732449999999886
20
-148.0017420000000072
11
124.9637209999999925
21
-147.906503999999984
0
LINE
8
BLACK
6
CONTINUOUS
10
124.9637209999999925
20
-147.906503999999984
11
125.2494349999999912
21
-147.906503999999984
0
LINE
8
BLACK
6
CONTINUOUS
10
125.2494349999999912
20
-147.906503999999984
11
125.4399119999999925
21
-148.0017420000000072
0
LINE
8
BLACK
6
CONTINUOUS
10
125.4399119999999925
20
-148.0017420000000072
11
125.5351499999999874
21
-148.1922189999999944
0
LINE
8
BLACK
6
CONTINUOUS
10
125.5351499999999874
20
-148.1922189999999944
11
125.5351499999999874
21
-149.2398379999999918
0
LINE
8
BLACK
6
CONTINUOUS
10
129.4399119999999925
20
-147.144599999999997
11
127.7256269999999887
21
-149.7160279999999943
0
LINE
8
BLACK
6
CONTINUOUS
10
132.0113409999999874
20
-147.2398379999999918
11
132.2018180000000029
21
-147.2398379999999918
0
LINE
8
BLACK
6
CONTINUOUS
10
132.2018180000000029
20
-147.2398379999999918
11
132.3922939999999926
21
-147.3350759999999866
0
LINE
8
BLACK
6
CONTINUOUS
10
132.3922939999999926
20
-147.3350759999999866
11
132.4875319999999874
21
-147.4303139999999814
0
LINE
8
BLACK
6
CONTINUOUS
10
132.4875319999999874
20
-147.4303139999999814
11
132.5827699999999822
21
-147.6207899999999995
0
LINE
8
BLACK
6
CONTINUOUS
10
132.5827699999999822
20
-147.6207899999999995
11
132.6780080000000055
21
-148.0017420000000072
0
LINE
8
BLACK
6
CONTINUOUS
10
132.6780080000000055
20
-148.0017420000000072
11
132.6780080000000055
21
-148.4779330000000073
0
LINE
8
BLACK
6
CONTINUOUS
10
132.6780080000000055
20
-148.4779330000000073
11
132.5827699999999822
21
-148.8588849999999866
0
LINE
8
BLACK
6
CONTINUOUS
10
132.5827699999999822
20
-148.8588849999999866
11
132.4875319999999874
21
-149.0493610000000047
0
LINE
8
BLACK
6
CONTINUOUS
10
132.4875319999999874
20
-149.0493610000000047
11
132.3922939999999926
21
-149.144599999999997
0
LINE
8
BLACK
6
CONTINUOUS
10
132.3922939999999926
20
-149.144599999999997
11
132.2018180000000029
21
-149.2398379999999918
0
LINE
8
BLACK
6
CONTINUOUS
10
132.2018180000000029
20
-149.2398379999999918
11
132.0113409999999874
21
-149.2398379999999918
0
LINE
8
BLACK
6
CONTINUOUS
10
132.0113409999999874
20
-149.2398379999999918
11
131.8208649999999977
21
-149.144599999999997
0
LINE
8
BLACK
6
CONTINUOUS
10
131.8208649999999977
20
-149.144599999999997
11
131.7256270000000029
21
-149.0493610000000047
0
LINE
8
BLACK
6
CONTINUOUS
10
131.7256270000000029
20
-149.0493610000000047
11
131.6303890000000081
21
-148.8588849999999866
0
LINE
8
BLACK
6
CONTINUOUS
10
131.6303890000000081
20
-148.8588849999999866
11
131.5351509999999848
21
-148.4779330000000073
0
LINE
8
BLACK
6
CONTINUOUS
10
131.5351509999999848
20
-148.4779330000000073
11
131.5351509999999848
21
-148.0017420000000072
0
LINE
8
BLACK
6
CONTINUOUS
10
131.5351509999999848
20
-148.0017420000000072
11
131.6303890000000081
21
-147.6207899999999995
0
LINE
8
BLACK
6
CONTINUOUS
10
131.6303890000000081
20
-147.6207899999999995
11
131.7256270000000029
21
-147.4303139999999814
0
LINE
8
BLACK
6
CONTINUOUS
10
131.7256270000000029
20
-147.4303139999999814
11
131.8208649999999977
21
-147.3350759999999866
0
LINE
8
BLACK
6
CONTINUOUS
10
131.8208649999999977
20
-147.3350759999999866
11
132.0113409999999874
21
-147.2398379999999918
0
LINE
8
BLACK
6
CONTINUOUS
10
133.5351509999999848
20
-149.0493610000000047
11
133.6303890000000081
21
-149.144599999999997
0
LINE
8
BLACK
6
CONTINUOUS
10
133.6303890000000081
20
-149.144599999999997
11
133.5351509999999848
21
-149.2398379999999918
0
LINE
8
BLACK
6
CONTINUOUS
10
133.5351509999999848
20
-149.2398379999999918
11
133.43991299999999
21
-149.144599999999997
0
LINE
8
BLACK
6
CONTINUOUS
10
133.43991299999999
20
-149.144599999999997
11
133.5351509999999848
21
-149.0493610000000047
0
LINE
8
BLACK
6
CONTINUOUS
10
133.5351509999999848
20
-149.0493610000000047
11
133.5351509999999848
21
-149.2398379999999918
0
LINE
8
BLACK
6
CONTINUOUS
10
134.8684839999999951
20
-147.2398379999999918
11
135.0589609999999823
21
-147.2398379999999918
0
LINE
8
BLACK
6
CONTINUOUS
10
135.0589609999999823
20
-147.2398379999999918
11
135.2494370000000004
21
-147.3350759999999866
0
LINE
8
BLACK
6
CONTINUOUS
10
135.2494370000000004
20
-147.3350759999999866
11
135.3446749999999952
21
-147.4303139999999814
0
LINE
8
BLACK
6
CONTINUOUS
10
135.3446749999999952
20
-147.4303139999999814
11
135.43991299999999
21
-147.6207899999999995
0
LINE
8
BLACK
6
CONTINUOUS
10
135.43991299999999
20
-147.6207899999999995
11
135.5351509999999848
21
-148.0017420000000072
0
LINE
8
BLACK
6
CONTINUOUS
10
135.5351509999999848
20
-148.0017420000000072
11
135.5351509999999848
21
-148.4779330000000073
0
LINE
8
BLACK
6
CONTINUOUS
10
135.5351509999999848
20
-148.4779330000000073
11
135.43991299999999
21
-148.8588849999999866
0
LINE
8
BLACK
6
CONTINUOUS
10
135.43991299999999
20
-148.8588849999999866
11
135.3446749999999952
21
-149.0493610000000047
0
LINE
8
BLACK
6
CONTINUOUS
10
135.3446749999999952
20
-149.0493610000000047
11
135.2494370000000004
21
-149.144599999999997
0
LINE
8
BLACK
6
CONTINUOUS
10
135.2494370000000004
20
-149.144599999999997
11
135.0589609999999823
21
-149.2398379999999918
0
LINE
8
BLACK
6
CONTINUOUS
10
135.0589609999999823
20
-149.2398379999999918
11
134.8684839999999951
21
-149.2398379999999918
0
LINE
8
BLACK
6
CONTINUOUS
10
134.8684839999999951
20
-149.2398379999999918
11
134.6780080000000055
21
-149.144599999999997
0
LINE
8
BLACK
6
CONTINUOUS
10
134.6780080000000055
20
-149.144599999999997
11
134.5827699999999822
21
-149.0493610000000047
0
LINE
8
BLACK
6
CONTINUOUS
10
134.5827699999999822
20
-149.0493610000000047
11
134.4875319999999874
21
-148.8588849999999866
0
LINE
8
BLACK
6
CONTINUOUS
10
134.4875319999999874
20
-148.8588849999999866
11
134.3922939999999926
21
-148.4779330000000073
0
LINE
8
BLACK
6
CONTINUOUS
10
134.3922939999999926
20
-148.4779330000000073
11
134.3922939999999926
21
-148.0017420000000072
0
LINE
8
BLACK
6
CONTINUOUS
10
134.3922939999999926
20
-148.0017420000000072
11
134.4875319999999874
21
-147.6207899999999995
0
LINE
8
BLACK
6
CONTINUOUS
10
134.4875319999999874
20
-147.6207899999999995
11
134.5827699999999822
21
-147.4303139999999814
0
LINE
8
BLACK
6
CONTINUOUS
10
134.5827699999999822
20
-147.4303139999999814
11
134.6780080000000055
21
-147.3350759999999866
0
LINE
8
BLACK
6
CONTINUOUS
10
134.6780080000000055
20
-147.3350759999999866
11
134.8684839999999951
21
-147.2398379999999918
0
LINE
8
BLACK
6
CONTINUOUS
10
136.4875319999999874
20
-149.2398379999999918
11
136.8684839999999951
21
-149.2398379999999918
0
LINE
8
BLACK
6
CONTINUOUS
10
136.8684839999999951
20
-149.2398379999999918
11
137.0589609999999823
21
-149.144599999999997
0
LINE
8
BLACK
6
CONTINUOUS
10
137.0589609999999823
20
-149.144599999999997
11
137.1541990000000055
21
-149.0493610000000047
0
LINE
8
BLACK
6
CONTINUOUS
10
137.1541990000000055
20
-149.0493610000000047
11
137.3446749999999952
21
-148.7636469999999917
0
LINE
8
BLACK
6
CONTINUOUS
10
137.3446749999999952
20
-148.7636469999999917
11
137.43991299999999
21
-148.382694999999984
0
LINE
8
BLACK
6
CONTINUOUS
10
137.43991299999999
20
-148.382694999999984
11
137.43991299999999
21
-147.6207899999999995
0
LINE
8
BLACK
6
CONTINUOUS
10
137.43991299999999
20
-147.6207899999999995
11
137.3446749999999952
21
-147.4303139999999814
0
LINE
8
BLACK
6
CONTINUOUS
10
137.3446749999999952
20
-147.4303139999999814
11
137.2494370000000004
21
-147.3350759999999866
0
LINE
8
BLACK
6
CONTINUOUS
10
137.2494370000000004
20
-147.3350759999999866
11
137.0589609999999823
21
-147.2398379999999918
0
LINE
8
BLACK
6
CONTINUOUS
10
137.0589609999999823
20
-147.2398379999999918
11
136.6780080000000055
21
-147.2398379999999918
0
LINE
8
BLACK
6
CONTINUOUS
10
136.6780080000000055
20
-147.2398379999999918
11
136.4875319999999874
21
-147.3350759999999866
0
LINE
8
BLACK
6
CONTINUOUS
10
136.4875319999999874
20
-147.3350759999999866
11
136.3922939999999926
21
-147.4303139999999814
0
LINE
8
BLACK
6
CONTINUOUS
10
136.3922939999999926
20
-147.4303139999999814
11
136.2970559999999978
21
-147.6207899999999995
0
LINE
8
BLACK
6
CONTINUOUS
10
136.2970559999999978
20
-147.6207899999999995
11
136.2970559999999978
21
-148.0969800000000021
0
LINE
8
BLACK
6
CONTINUOUS
10
136.2970559999999978
20
-148.0969800000000021
11
136.3922939999999926
21
-148.2874569999999892
0
LINE
8
BLACK
6
CONTINUOUS
10
136.3922939999999926
20
-148.2874569999999892
11
136.4875319999999874
21
-148.382694999999984
0
LINE
8
BLACK
6
CONTINUOUS
10
136.4875319999999874
20
-148.382694999999984
11
136.6780080000000055
21
-148.4779330000000073
0
LINE
8
BLACK
6
CONTINUOUS
10
136.6780080000000055
20
-148.4779330000000073
11
137.0589609999999823
21
-148.4779330000000073
0
LINE
8
BLACK
6
CONTINUOUS
10
137.0589609999999823
20
-148.4779330000000073
11
137.2494370000000004
21
-148.382694999999984
0
LINE
8
BLACK
6
CONTINUOUS
10
137.2494370000000004
20
-148.382694999999984
11
137.3446749999999952
21
-148.2874569999999892
0
LINE
8
BLACK
6
CONTINUOUS
10
137.3446749999999952
20
-148.2874569999999892
11
137.43991299999999
21
-148.0969800000000021
0
LINE
8
BLACK
6
CONTINUOUS
10
138.5827699999999822
20
-148.0969800000000021
11
138.3922939999999926
21
-148.0017420000000072
0
LINE
8
BLACK
6
CONTINUOUS
10
138.3922939999999926
20
-148.0017420000000072
11
138.2970559999999978
21
-147.906503999999984
0
LINE
8
BLACK
6
CONTINUOUS
10
138.2970559999999978
20
-147.906503999999984
11
138.2018180000000029
21
-147.7160279999999943
0
LINE
8
BLACK
6
CONTINUOUS
10
138.2018180000000029
20
-147.7160279999999943
11
138.2018180000000029
21
-147.6207899999999995
0
LINE
8
BLACK
6
CONTINUOUS
10
138.2018180000000029
20
-147.6207899999999995
11
138.2970559999999978
21
-147.4303139999999814
0
LINE
8
BLACK
6
CONTINUOUS
10
138.2970559999999978
20
-147.4303139999999814
11
138.3922939999999926
21
-147.3350759999999866
0
LINE
8
BLACK
6
CONTINUOUS
10
138.3922939999999926
20
-147.3350759999999866
11
138.5827699999999822
21
-147.2398379999999918
0
LINE
8
BLACK
6
CONTINUOUS
10
138.5827699999999822
20
-147.2398379999999918
11
138.9637229999999875
21
-147.2398379999999918
0
LINE
8
BLACK
6
CONTINUOUS
10
138.9637229999999875
20
-147.2398379999999918
11
139.1541990000000055
21
-147.3350759999999866
0
LINE
8
BLACK
6
CONTINUOUS
10
139.1541990000000055
20
-147.3350759999999866
11
139.2494370000000004
21
-147.4303139999999814
0
LINE
8
BLACK
6
CONTINUOUS
10
139.2494370000000004
20
-147.4303139999999814
11
139.3446749999999952
21
-147.6207899999999995
0
LINE
8
BLACK
6
CONTINUOUS
10
139.3446749999999952
20
-147.6207899999999995
11
139.3446749999999952
21
-147.7160279999999943
0
LINE
8
BLACK
6
CONTINUOUS
10
139.3446749999999952
20
-147.7160279999999943
11
139.2494370000000004
21
-147.906503999999984
0
LINE
8
BLACK
6
CONTINUOUS
10
139.2494370000000004
20
-147.906503999999984
11
139.1541990000000055
21
-148.0017420000000072
0
LINE
8
BLACK
6
CONTINUOUS
10
139.1541990000000055
20
-148.0017420000000072
11
138.9637229999999875
21
-148.0969800000000021
0
LINE
8
BLACK
6
CONTINUOUS
10
138.9637229999999875
20
-148.0969800000000021
11
138.5827699999999822
21
-148.0969800000000021
0
LINE
8
BLACK
6
CONTINUOUS
10
138.5827699999999822
20
-148.0969800000000021
11
138.3922939999999926
21
-148.1922189999999944
0
LINE
8
BLACK
6
CONTINUOUS
10
138.3922939999999926
20
-148.1922189999999944
11
138.2970559999999978
21
-148.2874569999999892
0
LINE
8
BLACK
6
CONTINUOUS
10
138.2970559999999978
20
-148.2874569999999892
11
138.2018180000000029
21
-148.4779330000000073
0
LINE
8
BLACK
6
CONTINUOUS
10
138.2018180000000029
20
-148.4779330000000073
11
138.2018180000000029
21
-148.8588849999999866
0
LINE
8
BLACK
6
CONTINUOUS
10
138.2018180000000029
20
-148.8588849999999866
11
138.2970559999999978
21
-149.0493610000000047
0
LINE
8
BLACK
6
CONTINUOUS
10
138.2970559999999978
20
-149.0493610000000047
11
138.3922939999999926
21
-149.144599999999997
0
LINE
8
BLACK
6
CONTINUOUS
10
138.3922939999999926
20
-149.144599999999997
11
138.5827699999999822
21
-149.2398379999999918
0
LINE
8
BLACK
6
CONTINUOUS
10
138.5827699999999822
20
-149.2398379999999918
11
138.9637229999999875
21
-149.2398379999999918
0
LINE
8
BLACK
6
CONTINUOUS
10
138.9637229999999875
20
-149.2398379999999918
11
139.1541990000000055
21
-149.144599999999997
0
LINE
8
BLACK
6
CONTINUOUS
10
139.1541990000000055
20
-149.144599999999997
11
139.2494370000000004
21
-149.0493610000000047
0
LINE
8
BLACK
6
CONTINUOUS
10
139.2494370000000004
20
-149.0493610000000047
11
139.3446749999999952
21
-148.8588849999999866
0
LINE
8
BLACK
6
CONTINUOUS
10
139.3446749999999952
20
-148.8588849999999866
11
139.3446749999999952
21
-148.4779330000000073
0
LINE
8
BLACK
6
CONTINUOUS
10
139.3446749999999952
20
-148.4779330000000073
11
139.2494370000000004
21
-148.2874569999999892
0
LINE
8
BLACK
6
CONTINUOUS
10
139.2494370000000004
20
-148.2874569999999892
11
139.1541990000000055
21
-148.1922189999999944
0
LINE
8
BLACK
6
CONTINUOUS
10
139.1541990000000055
20
-148.1922189999999944
11
138.9637229999999875
21
-148.0969800000000021
0
LINE
8
BLACK
6
CONTINUOUS
10
141.0589609999999823
20
-147.906503999999984
11
141.0589609999999823
21
-149.2398379999999918
0
LINE
8
BLACK
6
CONTINUOUS
10
140.5827699999999822
20
-147.144599999999997
11
140.1065799999999797
21
-148.5731710000000021
0
LINE
8
BLACK
6
CONTINUOUS
10
140.1065799999999797
20
-148.5731710000000021
11
141.3446749999999952
21
-148.5731710000000021
0
LINE
8
BLACK
6
CONTINUOUS
10
142.0113419999999849
20
-147.2398379999999918
11
142.0113419999999849
21
-147.6207899999999995
0
LINE
8
BLACK
6
CONTINUOUS
10
142.7732469999999978
20
-147.2398379999999918
11
142.7732469999999978
21
-147.6207899999999995
0
LINE
8
BLACK
6
CONTINUOUS
10
145.7256289999999979
20
-150.0017420000000072
11
145.6303900000000056
21
-149.906503999999984
0
LINE
8
BLACK
6
CONTINUOUS
10
145.6303900000000056
20
-149.906503999999984
11
145.4399139999999875
21
-149.6207899999999995
0
LINE
8
BLACK
6
CONTINUOUS
10
145.4399139999999875
20
-149.6207899999999995
11
145.3446759999999927
21
-149.4303139999999814
0
LINE
8
BLACK
6
CONTINUOUS
10
145.3446759999999927
20
-149.4303139999999814
11
145.2494379999999978
21
-149.144599999999997
0
LINE
8
BLACK
6
CONTINUOUS
10
145.2494379999999978
20
-149.144599999999997
11
145.154200000000003
21
-148.6684089999999969
0
LINE
8
BLACK
6
CONTINUOUS
10
145.154200000000003
20
-148.6684089999999969
11
145.154200000000003
21
-148.2874569999999892
0
LINE
8
BLACK
6
CONTINUOUS
10
145.154200000000003
20
-148.2874569999999892
11
145.2494379999999978
21
-147.8112659999999892
0
LINE
8
BLACK
6
CONTINUOUS
10
145.2494379999999978
20
-147.8112659999999892
11
145.3446759999999927
21
-147.5255520000000047
0
LINE
8
BLACK
6
CONTINUOUS
10
145.3446759999999927
20
-147.5255520000000047
11
145.4399139999999875
21
-147.3350759999999866
0
LINE
8
BLACK
6
CONTINUOUS
10
145.4399139999999875
20
-147.3350759999999866
11
145.6303900000000056
21
-147.0493610000000047
0
LINE
8
BLACK
6
CONTINUOUS
10
145.6303900000000056
20
-147.0493610000000047
11
145.7256289999999979
21
-146.9541229999999814
0
LINE
8
BLACK
6
CONTINUOUS
10
147.5351519999999823
20
-149.2398379999999918
11
146.3922949999999901
21
-149.2398379999999918
0
LINE
8
BLACK
6
CONTINUOUS
10
146.9637229999999875
20
-149.2398379999999918
11
146.9637229999999875
21
-147.2398379999999918
0
LINE
8
BLACK
6
CONTINUOUS
10
146.9637229999999875
20
-147.2398379999999918
11
146.7732469999999978
21
-147.5255520000000047
0
LINE
8
BLACK
6
CONTINUOUS
10
146.7732469999999978
20
-147.5255520000000047
11
146.5827709999999797
21
-147.7160279999999943
0
LINE
8
BLACK
6
CONTINUOUS
10
146.5827709999999797
20
-147.7160279999999943
11
146.3922949999999901
21
-147.8112659999999892
0
LINE
8
BLACK
6
CONTINUOUS
10
149.9161049999999875
20
-149.2398379999999918
11
149.9161049999999875
21
-147.2398379999999918
0
LINE
8
BLACK
6
CONTINUOUS
10
150.7732479999999953
20
-149.2398379999999918
11
150.7732479999999953
21
-148.1922189999999944
0
LINE
8
BLACK
6
CONTINUOUS
10
150.7732479999999953
20
-148.1922189999999944
11
150.6780100000000004
21
-148.0017420000000072
0
LINE
8
BLACK
6
CONTINUOUS
10
150.6780100000000004
20
-148.0017420000000072
11
150.4875339999999824
21
-147.906503999999984
0
LINE
8
BLACK
6
CONTINUOUS
10
150.4875339999999824
20
-147.906503999999984
11
150.2018190000000004
21
-147.906503999999984
0
LINE
8
BLACK
6
CONTINUOUS
10
150.2018190000000004
20
-147.906503999999984
11
150.0113429999999823
21
-148.0017420000000072
0
LINE
8
BLACK
6
CONTINUOUS
10
150.0113429999999823
20
-148.0017420000000072
11
149.9161049999999875
21
-148.0969800000000021
0
LINE
8
BLACK
6
CONTINUOUS
10
152.0113429999999823
20
-149.2398379999999918
11
151.8208669999999927
21
-149.144599999999997
0
LINE
8
BLACK
6
CONTINUOUS
10
151.8208669999999927
20
-149.144599999999997
11
151.7256289999999979
21
-149.0493610000000047
0
LINE
8
BLACK
6
CONTINUOUS
10
151.7256289999999979
20
-149.0493610000000047
11
151.630391000000003
21
-148.8588849999999866
0
LINE
8
BLACK
6
CONTINUOUS
10
151.630391000000003
20
-148.8588849999999866
11
151.630391000000003
21
-148.2874569999999892
0
LINE
8
BLACK
6
CONTINUOUS
10
151.630391000000003
20
-148.2874569999999892
11
151.7256289999999979
21
-148.0969800000000021
0
LINE
8
BLACK
6
CONTINUOUS
10
151.7256289999999979
20
-148.0969800000000021
11
151.8208669999999927
21
-148.0017420000000072
0
LINE
8
BLACK
6
CONTINUOUS
10
151.8208669999999927
20
-148.0017420000000072
11
152.0113429999999823
21
-147.906503999999984
0
LINE
8
BLACK
6
CONTINUOUS
10
152.0113429999999823
20
-147.906503999999984
11
152.2970579999999927
21
-147.906503999999984
0
LINE
8
BLACK
6
CONTINUOUS
10
152.2970579999999927
20
-147.906503999999984
11
152.4875339999999824
21
-148.0017420000000072
0
LINE
8
BLACK
6
CONTINUOUS
10
152.4875339999999824
20
-148.0017420000000072
11
152.5827720000000056
21
-148.0969800000000021
0
LINE
8
BLACK
6
CONTINUOUS
10
152.5827720000000056
20
-148.0969800000000021
11
152.6780100000000004
21
-148.2874569999999892
0
LINE
8
BLACK
6
CONTINUOUS
10
152.6780100000000004
20
-148.2874569999999892
11
152.6780100000000004
21
-148.8588849999999866
0
LINE
8
BLACK
6
CONTINUOUS
10
152.6780100000000004
20
-148.8588849999999866
11
152.5827720000000056
21
-149.0493610000000047
0
LINE
8
BLACK
6
CONTINUOUS
10
152.5827720000000056
20
-149.0493610000000047
11
152.4875339999999824
21
-149.144599999999997
0
LINE
8
BLACK
6
CONTINUOUS
10
152.4875339999999824
20
-149.144599999999997
11
152.2970579999999927
21
-149.2398379999999918
0
LINE
8
BLACK
6
CONTINUOUS
10
152.2970579999999927
20
-149.2398379999999918
11
152.0113429999999823
21
-149.2398379999999918
0
LINE
8
BLACK
6
CONTINUOUS
10
153.8208669999999927
20
-149.2398379999999918
11
153.630391000000003
21
-149.144599999999997
0
LINE
8
BLACK
6
CONTINUOUS
10
153.630391000000003
20
-149.144599999999997
11
153.5351529999999798
21
-148.9541229999999814
0
LINE
8
BLACK
6
CONTINUOUS
10
153.5351529999999798
20
-148.9541229999999814
11
153.5351529999999798
21
-147.2398379999999918
0
LINE
8
BLACK
6
CONTINUOUS
10
155.3446769999999901
20
-149.144599999999997
11
155.1542010000000005
21
-149.2398379999999918
0
LINE
8
BLACK
6
CONTINUOUS
10
155.1542010000000005
20
-149.2398379999999918
11
154.7732479999999953
21
-149.2398379999999918
0
LINE
8
BLACK
6
CONTINUOUS
10
154.7732479999999953
20
-149.2398379999999918
11
154.5827720000000056
21
-149.144599999999997
0
LINE
8
BLACK
6
CONTINUOUS
10
154.5827720000000056
20
-149.144599999999997
11
154.4875339999999824
21
-148.9541229999999814
0
LINE
8
BLACK
6
CONTINUOUS
10
154.4875339999999824
20
-148.9541229999999814
11
154.4875339999999824
21
-148.1922189999999944
0
LINE
8
BLACK
6
CONTINUOUS
10
154.4875339999999824
20
-148.1922189999999944
11
154.5827720000000056
21
-148.0017420000000072
0
LINE
8
BLACK
6
CONTINUOUS
10
154.5827720000000056
20
-148.0017420000000072
11
154.7732479999999953
21
-147.906503999999984
0
LINE
8
BLACK
6
CONTINUOUS
10
154.7732479999999953
20
-147.906503999999984
11
155.1542010000000005
21
-147.906503999999984
0
LINE
8
BLACK
6
CONTINUOUS
10
155.1542010000000005
20
-147.906503999999984
11
155.3446769999999901
21
-148.0017420000000072
0
LINE
8
BLACK
6
CONTINUOUS
10
155.3446769999999901
20
-148.0017420000000072
11
155.439914999999985
21
-148.1922189999999944
0
LINE
8
BLACK
6
CONTINUOUS
10
155.439914999999985
20
-148.1922189999999944
11
155.439914999999985
21
-148.382694999999984
0
LINE
8
BLACK
6
CONTINUOUS
10
155.439914999999985
20
-148.382694999999984
11
154.4875339999999824
21
-148.5731710000000021
0
LINE
8
BLACK
6
CONTINUOUS
10
156.1065820000000031
20
-150.0017420000000072
11
156.2018199999999979
21
-149.906503999999984
0
LINE
8
BLACK
6
CONTINUOUS
10
156.2018199999999979
20
-149.906503999999984
11
156.3922959999999875
21
-149.6207899999999995
0
LINE
8
BLACK
6
CONTINUOUS
10
156.3922959999999875
20
-149.6207899999999995
11
156.4875339999999824
21
-149.4303139999999814
0
LINE
8
BLACK
6
CONTINUOUS
10
156.4875339999999824
20
-149.4303139999999814
11
156.5827720000000056
21
-149.144599999999997
0
LINE
8
BLACK
6
CONTINUOUS
10
156.5827720000000056
20
-149.144599999999997
11
156.6780100000000004
21
-148.6684089999999969
0
LINE
8
BLACK
6
CONTINUOUS
10
156.6780100000000004
20
-148.6684089999999969
11
156.6780100000000004
21
-148.2874569999999892
0
LINE
8
BLACK
6
CONTINUOUS
10
156.6780100000000004
20
-148.2874569999999892
11
156.5827720000000056
21
-147.8112659999999892
0
LINE
8
BLACK
6
CONTINUOUS
10
156.5827720000000056
20
-147.8112659999999892
11
156.4875339999999824
21
-147.5255520000000047
0
LINE
8
BLACK
6
CONTINUOUS
10
156.4875339999999824
20
-147.5255520000000047
11
156.3922959999999875
21
-147.3350759999999866
0
LINE
8
BLACK
6
CONTINUOUS
10
156.3922959999999875
20
-147.3350759999999866
11
156.2018199999999979
21
-147.0493610000000047
0
LINE
8
BLACK
6
CONTINUOUS
10
156.2018199999999979
20
-147.0493610000000047
11
156.1065820000000031
21
-146.9541229999999814
0
LINE
8
BLACK
6
CONTINUOUS
10
159.7256299999999953
20
-150.0017420000000072
11
159.630391000000003
21
-149.906503999999984
0
LINE
8
BLACK
6
CONTINUOUS
10
159.630391000000003
20
-149.906503999999984
11
159.439914999999985
21
-149.6207899999999995
0
LINE
8
BLACK
6
CONTINUOUS
10
159.439914999999985
20
-149.6207899999999995
11
159.3446769999999901
21
-149.4303139999999814
0
LINE
8
BLACK
6
CONTINUOUS
10
159.3446769999999901
20
-149.4303139999999814
11
159.2494389999999953
21
-149.144599999999997
0
LINE
8
BLACK
6
CONTINUOUS
10
159.2494389999999953
20
-149.144599999999997
11
159.1542010000000005
21
-148.6684089999999969
0
LINE
8
BLACK
6
CONTINUOUS
10
159.1542010000000005
20
-148.6684089999999969
11
159.1542010000000005
21
-148.2874569999999892
0
LINE
8
BLACK
6
CONTINUOUS
10
159.1542010000000005
20
-148.2874569999999892
11
159.2494389999999953
21
-147.8112659999999892
0
LINE
8
BLACK
6
CONTINUOUS
10
159.2494389999999953
20
-147.8112659999999892
11
159.3446769999999901
21
-147.5255520000000047
0
LINE
8
BLACK
6
CONTINUOUS
10
159.3446769999999901
20
-147.5255520000000047
11
159.439914999999985
21
-147.3350759999999866
0
LINE
8
BLACK
6
CONTINUOUS
10
159.439914999999985
20
-147.3350759999999866
11
159.630391000000003
21
-147.0493610000000047
0
LINE
8
BLACK
6
CONTINUOUS
10
159.630391000000003
20
-147.0493610000000047
11
159.7256299999999953
21
-146.9541229999999814
0
LINE
8
BLACK
6
CONTINUOUS
10
160.4875339999999824
20
-147.906503999999984
11
160.4875339999999824
21
-149.2398379999999918
0
LINE
8
BLACK
6
CONTINUOUS
10
160.4875339999999824
20
-148.0969800000000021
11
160.5827720000000056
21
-148.0017420000000072
0
LINE
8
BLACK
6
CONTINUOUS
10
160.5827720000000056
20
-148.0017420000000072
11
160.7732479999999953
21
-147.906503999999984
0
LINE
8
BLACK
6
CONTINUOUS
10
160.7732479999999953
20
-147.906503999999984
11
161.0589630000000056
21
-147.906503999999984
0
LINE
8
BLACK
6
CONTINUOUS
10
161.0589630000000056
20
-147.906503999999984
11
161.2494389999999953
21
-148.0017420000000072
0
LINE
8
BLACK
6
CONTINUOUS
10
161.2494389999999953
20
-148.0017420000000072
11
161.3446769999999901
21
-148.1922189999999944
0
LINE
8
BLACK
6
CONTINUOUS
10
161.3446769999999901
20
-148.1922189999999944
11
161.3446769999999901
21
-149.2398379999999918
0
LINE
8
BLACK
6
CONTINUOUS
10
162.5827720000000056
20
-149.2398379999999918
11
162.3922959999999875
21
-149.144599999999997
0
LINE
8
BLACK
6
CONTINUOUS
10
162.3922959999999875
20
-149.144599999999997
11
162.2970579999999927
21
-149.0493610000000047
0
LINE
8
BLACK
6
CONTINUOUS
10
162.2970579999999927
20
-149.0493610000000047
11
162.2018199999999979
21
-148.8588849999999866
0
LINE
8
BLACK
6
CONTINUOUS
10
162.2018199999999979
20
-148.8588849999999866
11
162.2018199999999979
21
-148.2874569999999892
0
LINE
8
BLACK
6
CONTINUOUS
10
162.2018199999999979
20
-148.2874569999999892
11
162.2970579999999927
21
-148.0969800000000021
0
LINE
8
BLACK
6
CONTINUOUS
10
162.2970579999999927
20
-148.0969800000000021
11
162.3922959999999875
21
-148.0017420000000072
0
LINE
8
BLACK
6
CONTINUOUS
10
162.3922959999999875
20
-148.0017420000000072
11
162.5827720000000056
21
-147.906503999999984
0
LINE
8
BLACK
6
CONTINUOUS
10
162.5827720000000056
20
-147.906503999999984
11
162.8684869999999876
21
-147.906503999999984
0
LINE
8
BLACK
6
CONTINUOUS
10
162.8684869999999876
20
-147.906503999999984
11
163.0589630000000056
21
-148.0017420000000072
0
LINE
8
BLACK
6
CONTINUOUS
10
163.0589630000000056
20
-148.0017420000000072
11
163.1542010000000005
21
-148.0969800000000021
0
LINE
8
BLACK
6
CONTINUOUS
10
163.1542010000000005
20
-148.0969800000000021
11
163.2494389999999953
21
-148.2874569999999892
0
LINE
8
BLACK
6
CONTINUOUS
10
163.2494389999999953
20
-148.2874569999999892
11
163.2494389999999953
21
-148.8588849999999866
0
LINE
8
BLACK
6
CONTINUOUS
10
163.2494389999999953
20
-148.8588849999999866
11
163.1542010000000005
21
-149.0493610000000047
0
LINE
8
BLACK
6
CONTINUOUS
10
163.1542010000000005
20
-149.0493610000000047
11
163.0589630000000056
21
-149.144599999999997
0
LINE
8
BLACK
6
CONTINUOUS
10
163.0589630000000056
20
-149.144599999999997
11
162.8684869999999876
21
-149.2398379999999918
0
LINE
8
BLACK
6
CONTINUOUS
10
162.8684869999999876
20
-149.2398379999999918
11
162.5827720000000056
21
-149.2398379999999918
0
LINE
8
BLACK
6
CONTINUOUS
10
163.8208679999999902
20
-147.906503999999984
11
164.5827720000000056
21
-147.906503999999984
0
LINE
8
BLACK
6
CONTINUOUS
10
164.1065820000000031
20
-147.2398379999999918
11
164.1065820000000031
21
-148.9541229999999814
0
LINE
8
BLACK
6
CONTINUOUS
10
164.1065820000000031
20
-148.9541229999999814
11
164.2018199999999979
21
-149.144599999999997
0
LINE
8
BLACK
6
CONTINUOUS
10
164.2018199999999979
20
-149.144599999999997
11
164.3922959999999875
21
-149.2398379999999918
0
LINE
8
BLACK
6
CONTINUOUS
10
164.3922959999999875
20
-149.2398379999999918
11
164.5827720000000056
21
-149.2398379999999918
0
LINE
8
BLACK
6
CONTINUOUS
10
166.7732489999999927
20
-147.906503999999984
11
166.7732489999999927
21
-149.906503999999984
0
LINE
8
BLACK
6
CONTINUOUS
10
166.7732489999999927
20
-148.0017420000000072
11
166.9637249999999824
21
-147.906503999999984
0
LINE
8
BLACK
6
CONTINUOUS
10
166.9637249999999824
20
-147.906503999999984
11
167.3446779999999876
21
-147.906503999999984
0
LINE
8
BLACK
6
CONTINUOUS
10
167.3446779999999876
20
-147.906503999999984
11
167.5351540000000057
21
-148.0017420000000072
0
LINE
8
BLACK
6
CONTINUOUS
10
167.5351540000000057
20
-148.0017420000000072
11
167.6303920000000005
21
-148.0969800000000021
0
LINE
8
BLACK
6
CONTINUOUS
10
167.6303920000000005
20
-148.0969800000000021
11
167.7256299999999953
21
-148.2874569999999892
0
LINE
8
BLACK
6
CONTINUOUS
10
167.7256299999999953
20
-148.2874569999999892
11
167.7256299999999953
21
-148.8588849999999866
0
LINE
8
BLACK
6
CONTINUOUS
10
167.7256299999999953
20
-148.8588849999999866
11
167.6303920000000005
21
-149.0493610000000047
0
LINE
8
BLACK
6
CONTINUOUS
10
167.6303920000000005
20
-149.0493610000000047
11
167.5351540000000057
21
-149.144599999999997
0
LINE
8
BLACK
6
CONTINUOUS
10
167.5351540000000057
20
-149.144599999999997
11
167.3446779999999876
21
-149.2398379999999918
0
LINE
8
BLACK
6
CONTINUOUS
10
167.3446779999999876
20
-149.2398379999999918
11
166.9637249999999824
21
-149.2398379999999918
0
LINE
8
BLACK
6
CONTINUOUS
10
166.9637249999999824
20
-149.2398379999999918
11
166.7732489999999927
21
-149.144599999999997
0
LINE
8
BLACK
6
CONTINUOUS
10
168.8684869999999876
20
-149.2398379999999918
11
168.6780109999999979
21
-149.144599999999997
0
LINE
8
BLACK
6
CONTINUOUS
10
168.6780109999999979
20
-149.144599999999997
11
168.5827730000000031
21
-148.9541229999999814
0
LINE
8
BLACK
6
CONTINUOUS
10
168.5827730000000031
20
-148.9541229999999814
11
168.5827730000000031
21
-147.2398379999999918
0
LINE
8
BLACK
6
CONTINUOUS
10
170.4875349999999798
20
-149.2398379999999918
11
170.4875349999999798
21
-148.1922189999999944
0
LINE
8
BLACK
6
CONTINUOUS
10
170.4875349999999798
20
-148.1922189999999944
11
170.392296999999985
21
-148.0017420000000072
0
LINE
8
BLACK
6
CONTINUOUS
10
170.392296999999985
20
-148.0017420000000072
11
170.2018209999999954
21
-147.906503999999984
0
LINE
8
BLACK
6
CONTINUOUS
10
170.2018209999999954
20
-147.906503999999984
11
169.8208679999999902
21
-147.906503999999984
0
LINE
8
BLACK
6
CONTINUOUS
10
169.8208679999999902
20
-147.906503999999984
11
169.6303920000000005
21
-148.0017420000000072
0
LINE
8
BLACK
6
CONTINUOUS
10
170.4875349999999798
20
-149.144599999999997
11
170.2970589999999902
21
-149.2398379999999918
0
LINE
8
BLACK
6
CONTINUOUS
10
170.2970589999999902
20
-149.2398379999999918
11
169.8208679999999902
21
-149.2398379999999918
0
LINE
8
BLACK
6
CONTINUOUS
10
169.8208679999999902
20
-149.2398379999999918
11
169.6303920000000005
21
-149.144599999999997
0
LINE
8
BLACK
6
CONTINUOUS
10
169.6303920000000005
20
-149.144599999999997
11
169.5351540000000057
21
-148.9541229999999814
0
LINE
8
BLACK
6
CONTINUOUS
10
169.5351540000000057
20
-148.9541229999999814
11
169.5351540000000057
21
-148.7636469999999917
0
LINE
8
BLACK
6
CONTINUOUS
10
169.5351540000000057
20
-148.7636469999999917
11
169.6303920000000005
21
-148.5731710000000021
0
LINE
8
BLACK
6
CONTINUOUS
10
169.6303920000000005
20
-148.5731710000000021
11
169.8208679999999902
21
-148.4779330000000073
0
LINE
8
BLACK
6
CONTINUOUS
10
169.8208679999999902
20
-148.4779330000000073
11
170.2970589999999902
21
-148.4779330000000073
0
LINE
8
BLACK
6
CONTINUOUS
10
170.2970589999999902
20
-148.4779330000000073
11
170.4875349999999798
21
-148.382694999999984
0
LINE
8
BLACK
6
CONTINUOUS
10
171.154201999999998
20
-147.906503999999984
11
171.916105999999985
21
-147.906503999999984
0
LINE
8
BLACK
6
CONTINUOUS
10
171.4399159999999824
20
-147.2398379999999918
11
171.4399159999999824
21
-148.9541229999999814
0
LINE
8
BLACK
6
CONTINUOUS
10
171.4399159999999824
20
-148.9541229999999814
11
171.5351540000000057
21
-149.144599999999997
0
LINE
8
BLACK
6
CONTINUOUS
10
171.5351540000000057
20
-149.144599999999997
11
171.7256299999999953
21
-149.2398379999999918
0
LINE
8
BLACK
6
CONTINUOUS
10
171.7256299999999953
20
-149.2398379999999918
11
171.916105999999985
21
-149.2398379999999918
0
LINE
8
BLACK
6
CONTINUOUS
10
173.3446779999999876
20
-149.144599999999997
11
173.154201999999998
21
-149.2398379999999918
0
LINE
8
BLACK
6
CONTINUOUS
10
173.154201999999998
20
-149.2398379999999918
11
172.7732489999999927
21
-149.2398379999999918
0
LINE
8
BLACK
6
CONTINUOUS
10
172.7732489999999927
20
-149.2398379999999918
11
172.5827730000000031
21
-149.144599999999997
0
LINE
8
BLACK
6
CONTINUOUS
10
172.5827730000000031
20
-149.144599999999997
11
172.4875349999999798
21
-148.9541229999999814
0
LINE
8
BLACK
6
CONTINUOUS
10
172.4875349999999798
20
-148.9541229999999814
11
172.4875349999999798
21
-148.1922189999999944
0
LINE
8
BLACK
6
CONTINUOUS
10
172.4875349999999798
20
-148.1922189999999944
11
172.5827730000000031
21
-148.0017420000000072
0
LINE
8
BLACK
6
CONTINUOUS
10
172.5827730000000031
20
-148.0017420000000072
11
172.7732489999999927
21
-147.906503999999984
0
LINE
8
BLACK
6
CONTINUOUS
10
172.7732489999999927
20
-147.906503999999984
11
173.154201999999998
21
-147.906503999999984
0
LINE
8
BLACK
6
CONTINUOUS
10
173.154201999999998
20
-147.906503999999984
11
173.3446779999999876
21
-148.0017420000000072
0
LINE
8
BLACK
6
CONTINUOUS
10
173.3446779999999876
20
-148.0017420000000072
11
173.4399159999999824
21
-148.1922189999999944
0
LINE
8
BLACK
6
CONTINUOUS
10
173.4399159999999824
20
-148.1922189999999944
11
173.4399159999999824
21
-148.382694999999984
0
LINE
8
BLACK
6
CONTINUOUS
10
173.4399159999999824
20
-148.382694999999984
11
172.4875349999999798
21
-148.5731710000000021
0
LINE
8
BLACK
6
CONTINUOUS
10
175.154201999999998
20
-149.2398379999999918
11
175.154201999999998
21
-147.2398379999999918
0
LINE
8
BLACK
6
CONTINUOUS
10
175.154201999999998
20
-149.144599999999997
11
174.9637259999999799
21
-149.2398379999999918
0
LINE
8
BLACK
6
CONTINUOUS
10
174.9637259999999799
20
-149.2398379999999918
11
174.5827730000000031
21
-149.2398379999999918
0
LINE
8
BLACK
6
CONTINUOUS
10
174.5827730000000031
20
-149.2398379999999918
11
174.392296999999985
21
-149.144599999999997
0
LINE
8
BLACK
6
CONTINUOUS
10
174.392296999999985
20
-149.144599999999997
11
174.2970589999999902
21
-149.0493610000000047
0
LINE
8
BLACK
6
CONTINUOUS
10
174.2970589999999902
20
-149.0493610000000047
11
174.2018209999999954
21
-148.8588849999999866
0
LINE
8
BLACK
6
CONTINUOUS
10
174.2018209999999954
20
-148.8588849999999866
11
174.2018209999999954
21
-148.2874569999999892
0
LINE
8
BLACK
6
CONTINUOUS
10
174.2018209999999954
20
-148.2874569999999892
11
174.2970589999999902
21
-148.0969800000000021
0
LINE
8
BLACK
6
CONTINUOUS
10
174.2970589999999902
20
-148.0969800000000021
11
174.392296999999985
21
-148.0017420000000072
0
LINE
8
BLACK
6
CONTINUOUS
10
174.392296999999985
20
-148.0017420000000072
11
174.5827730000000031
21
-147.906503999999984
0
LINE
8
BLACK
6
CONTINUOUS
10
174.5827730000000031
20
-147.906503999999984
11
174.9637259999999799
21
-147.906503999999984
0
LINE
8
BLACK
6
CONTINUOUS
10
174.9637259999999799
20
-147.906503999999984
11
175.154201999999998
21
-148.0017420000000072
0
LINE
8
BLACK
6
CONTINUOUS
10
175.9161069999999825
20
-150.0017420000000072
11
176.0113450000000057
21
-149.906503999999984
0
LINE
8
BLACK
6
CONTINUOUS
10
176.0113450000000057
20
-149.906503999999984
11
176.2018209999999954
21
-149.6207899999999995
0
LINE
8
BLACK
6
CONTINUOUS
10
176.2018209999999954
20
-149.6207899999999995
11
176.2970589999999902
21
-149.4303139999999814
0
LINE
8
BLACK
6
CONTINUOUS
10
176.2970589999999902
20
-149.4303139999999814
11
176.392296999999985
21
-149.144599999999997
0
LINE
8
BLACK
6
CONTINUOUS
10
176.392296999999985
20
-149.144599999999997
11
176.4875349999999798
21
-148.6684089999999969
0
LINE
8
BLACK
6
CONTINUOUS
10
176.4875349999999798
20
-148.6684089999999969
11
176.4875349999999798
21
-148.2874569999999892
0
LINE
8
BLACK
6
CONTINUOUS
10
176.4875349999999798
20
-148.2874569999999892
11
176.392296999999985
21
-147.8112659999999892
0
LINE
8
BLACK
6
CONTINUOUS
10
176.392296999999985
20
-147.8112659999999892
11
176.2970589999999902
21
-147.5255520000000047
0
LINE
8
BLACK
6
CONTINUOUS
10
176.2970589999999902
20
-147.5255520000000047
11
176.2018209999999954
21
-147.3350759999999866
0
LINE
8
BLACK
6
CONTINUOUS
10
176.2018209999999954
20
-147.3350759999999866
11
176.0113450000000057
21
-147.0493610000000047
0
LINE
8
BLACK
6
CONTINUOUS
10
176.0113450000000057
20
-147.0493610000000047
11
175.9161069999999825
21
-146.9541229999999814
  0
ENDSEC
  0
EOF
